t,x,y,latitude,longitude
0.0,0.0,0.0,47.06422,15.45291
0.008332999999999924,0.0001099999999999,-2.5999999999998247e-05,47.06422000098814,15.452909999657118
0.016666999999999987,0.000202,-8.899999999999186e-05,47.0642200018146,15.452909998826296
0.02499999999999991,0.000288,-0.0001849999999999,47.06422000258715,15.452909997560278
0.033332999999999835,0.000376,-0.0003099999999999,47.06422000337766,15.45290999591182
0.041666999999999906,0.000469,-0.000447,47.06422000421311,15.452909994105108
0.04999999999999982,0.000534,-0.000613,47.06422000479701,15.452909991915954
0.05833300000000019,0.000586,-0.0007849999999999,47.064220005264126,15.452909989647674
0.0666669999999998,0.000613,-0.0009009999999999,47.06422000550667,15.452909988117904
0.07500000000000016,0.000653,-0.001043,47.064220005866,15.452909986245254
0.0833330000000001,0.000647,-0.0010919999999999,47.0642200058121,15.452909985599057
0.09166700000000015,0.000653,-0.001223,47.064220005866,15.452909983871471
0.10000000000000009,0.00066,-0.0013419999999999,47.06422000592888,15.452909982302138
0.108333,0.0006659999999999,-0.0014599999999999,47.064220005982776,15.452909980745996
0.11666700000000009,0.000685,-0.0016689999999999,47.064220006153455,15.452909977989773
0.125,0.000648,-0.001763,47.064220005821085,15.452909976750131
0.13333299999999992,0.0006379999999999,-0.001916,47.06422000573125,15.45290997473242
0.14166699999999996,0.000596,-0.0020299999999999,47.06422000535396,15.452909973229024
0.1499999999999999,0.000583,-0.0020769999999999,47.064220005237175,15.452909972609204
0.15833299999999983,0.000557,-0.0021419999999999,47.06422000500362,15.452909971752009
0.1666669999999999,0.000537,-0.0022159999999999,47.06422000482395,15.45290997077612
0.17499999999999982,0.000512,-0.0022829999999999,47.06422000459938,15.452909969892549
0.1833330000000002,0.000489,-0.0023049999999999,47.06422000439276,15.452909969602416
0.1916669999999998,0.000497,-0.0024239999999999,47.06422000446463,15.452909968033085
0.20000000000000018,0.000508,-0.0025099999999999,47.06422000456344,15.452909966898943
0.2083330000000001,0.000489,-0.0025939999999999,47.06422000439276,15.45290996579118
0.21666700000000017,0.000477,-0.0026549999999999,47.06422000428496,15.452909964986732
0.2250000000000001,0.000485,-0.0027259999999999,47.064220004356834,15.452909964050408
0.23333300000000004,0.000477,-0.0028339999999999,47.06422000428496,15.45290996262614
0.24166700000000008,0.000454,-0.0028639999999999,47.06422000407835,15.45290996223051
0.25,0.000466,-0.0029839999999999,47.06422000418615,15.452909960647991
0.2583329999999999,0.000506,-0.0031609999999999,47.06422000454547,15.452909958313771
0.266667,0.000492,-0.0032219999999999,47.0642200044197,15.452909957509323
0.2749999999999999,0.000552,-0.0033819999999999,47.06422000495869,15.452909955399296
0.28333299999999983,0.000586,-0.0035389999999999,47.064220005264126,15.452909953328833
0.2916669999999999,0.000611,-0.0036129999999999,47.0642200054887,15.452909952352943
0.2999999999999998,0.000662,-0.0037879999999999,47.06422000594685,15.452909950045102
0.3083330000000002,0.000696,-0.0039029999999999,47.06422000625227,15.452909948528522
0.3166669999999998,0.0007199999999999,-0.0040239999999999,47.06422000646787,15.452909946932817
0.3250000000000002,0.000754,-0.0041399999999999,47.0642200067733,15.452909945403045
0.3333330000000001,0.000816,-0.0042899999999999,47.06422000733025,15.452909943424896
0.34166700000000017,0.000857,-0.0043959999999999,47.06422000769856,15.452909942027004
0.3500000000000001,0.000917,-0.0045399999999999,47.06422000823755,15.45290994012798
0.358333,0.000974,-0.0047079999999999,47.06422000874959,15.452909937912452
0.3666670000000001,0.001024,-0.0048729999999999,47.06422000919874,15.452909935736484
0.375,0.001084,-0.0049539999999999,47.06422000973773,15.452909934668282
0.3833329999999999,0.001121,-0.0051229999999999,47.06422001007011,15.452909932439566
0.391667,0.001147,-0.0052049999999999,47.064220010303664,15.452909931358176
0.3999999999999999,0.001157,-0.0052589999999999,47.0642200103935,15.452909930646042
0.4083329999999999,0.001175,-0.0052749999999999,47.0642200105552,15.45290993043504
0.4166669999999999,0.001173,-0.0052399999999999,47.064220010537234,15.452909930896608
0.4249999999999998,0.001213,-0.0052739999999999,47.06422001089656,15.452909930448229
0.4333330000000002,0.001254,-0.0052419999999999,47.06422001126487,15.452909930870232
0.4416669999999998,0.001302,-0.0052259999999999,47.06422001169607,15.452909931081232
0.4500000000000002,0.001381,-0.0052159999999999,47.06422001240573,15.452909931213108
0.4583330000000001,0.001555,-0.0052619999999999,47.06422001396881,15.452909930606475
0.46666700000000017,0.001639,-0.0052229999999999,47.06422001472339,15.452909931120791
0.4750000000000001,0.00179,-0.0051669999999999,47.06422001607984,15.452909931859304
0.483333,0.001927,-0.0050739999999999,47.06422001731054,15.452909933085756
0.4916670000000001,0.002029,-0.0050079999999999,47.06422001822682,15.452909933956144
0.5,0.0021079999999999,-0.0048729999999999,47.06422001893649,15.452909935736477
0.5083329999999999,0.00221,-0.0047749999999999,47.06422001985277,15.45290993702887
0.516667,0.002295,-0.0046629999999999,47.06422002061634,15.452909938505888
0.5249999999999999,0.002359,-0.0044699999999999,47.06422002119126,15.452909941051107
0.5333329999999998,0.002444,-0.0043939999999999,47.06422002195482,15.45290994205337
0.5416669999999999,0.002354,-0.0043459999999999,47.06422002114634,15.452909942686375
0.5499999999999998,0.002481,-0.0043809999999999,47.0642200222872,15.452909942224808
0.5583330000000002,0.002574,-0.0043039999999999,47.06422002312264,15.45290994324026
0.5666669999999998,0.002665,-0.0041799999999999,47.0642200239401,15.452909944875527
0.5750000000000002,0.002798,-0.0040479999999999,47.06422002513486,15.4529099466163
0.5833330000000001,0.002883,-0.0039969999999999,47.06422002589843,15.45290994728887
0.5916670000000002,0.002993,-0.0039489999999999,47.064220026886574,15.452909947921876
0.6000000000000001,0.003092,-0.0039229999999999,47.06422002777591,15.452909948264756
0.608333,0.003162,-0.0038329999999999,47.06422002840473,15.452909949451646
0.6166670000000001,0.003261,-0.0038069999999999,47.06422002929406,15.452909949794526
0.625,0.003349,-0.0037619999999999,47.06422003008458,15.45290995038797
0.6333329999999999,0.003392,-0.0037009999999999,47.064220030470864,15.452909951192416
0.641667,0.0034679999999999,-0.0036979999999999,47.06422003115358,15.45290995123198
0.6499999999999999,0.003519,-0.0036939999999999,47.064220031611725,15.452909951284733
0.6583329999999998,0.003558,-0.0037039999999999,47.06422003196207,15.452909951152854
0.6666669999999999,0.003605,-0.0037349999999999,47.06422003238428,15.452909950744036
0.6749999999999998,0.003648,-0.0037529999999999,47.06422003277055,15.452909950506658
0.6833330000000002,0.003717,-0.0038199999999999,47.06422003339039,15.452909949623084
0.6916669999999998,0.003762,-0.0038859999999999,47.06422003379463,15.452909948752698
0.7000000000000002,0.003784,-0.0039089999999999,47.06422003399226,15.45290994844938
0.7083330000000001,0.003849,-0.0039959999999999,47.06422003457617,15.452909947302052
0.7166670000000002,0.003887,-0.0040689999999999,47.064220034917525,15.452909946339354
0.7250000000000001,0.003922,-0.0041499999999999,47.06422003523194,15.45290994527115
0.733333,0.003941,-0.0041969999999999,47.06422003540262,15.452909944651331
0.7416670000000001,0.003942,-0.0042569999999999,47.0642200354116,15.45290994386007
0.75,0.003951,-0.0043149999999999,47.06422003549245,15.452909943095184
0.7583329999999999,0.003943,-0.0044189999999999,47.06422003542058,15.452909941723664
0.766667,0.003909,-0.0044729999999999,47.06422003511516,15.45290994101153
0.7749999999999999,0.003898,-0.0045289999999999,47.06422003501634,15.45290994027302
0.7833329999999998,0.003905,-0.0046309999999999,47.06422003507922,15.452909938927878
0.7916669999999999,0.0039119999999999,-0.0046839999999999,47.0642200351421,15.452909938228933
0.7999999999999998,0.003913,-0.0047049999999999,47.06422003515108,15.452909937951992
0.8083330000000002,0.003934,-0.0047409999999999,47.06422003533973,15.452909937477235
0.8166669999999998,0.003962,-0.0047429999999999,47.06422003559126,15.45290993745086
0.8250000000000002,0.003975,-0.0047429999999999,47.06422003570804,15.45290993745086
0.8333330000000001,0.004032,-0.0047819999999999,47.06422003622008,15.452909936936544
0.8416670000000002,0.004069,-0.0048009999999999,47.064220036552456,15.452909936685977
0.8500000000000001,0.004151,-0.0048489999999999,47.06422003728907,15.452909936052968
0.858333,0.004215,-0.0048809999999999,47.064220037864,15.452909935630965
0.8666670000000001,0.004277,-0.0049339999999999,47.06422003842095,15.452909934932016
0.875,0.004346,-0.0049569999999999,47.064220039040784,15.4529099346287
0.8833329999999999,0.004411,-0.0050109999999999,47.06422003962469,15.452909933916564
0.891667,0.004441,-0.0050479999999999,47.06422003989419,15.45290993342862
0.8999999999999999,0.004463,-0.0050749999999999,47.06422004009181,15.452909933072553
0.908333,0.004509,-0.0051459999999999,47.06422004050504,15.45290993213623
0.916667,0.004549,-0.0052319999999999,47.06422004086436,15.452909931002091
0.9249999999999998,0.00461,-0.0052839999999999,47.064220041412334,15.452909930316332
0.9333330000000002,0.004633,-0.0053439999999999,47.06422004161895,15.45290992952507
0.9416669999999998,0.004665,-0.0054089999999999,47.06422004190641,15.452909928667871
0.9500000000000002,0.004696,-0.0055009999999999,47.064220042184886,15.452909927454606
0.958333,0.004725,-0.0055499999999999,47.0642200424454,15.45290992680841
0.966667,0.004784,-0.0056499999999999,47.06422004297541,15.452909925489644
0.975,0.004815,-0.0057039999999999,47.06422004325388,15.452909924777508
0.983333,0.004888,-0.0057589999999999,47.06422004390966,15.452909924052186
0.9916670000000001,0.004974,-0.0058359999999999,47.06422004468221,15.452909923036737
1.0,0.0050499999999999,-0.0061399999999999,47.06422004536493,15.452909919027684
1.0083330000000004,0.005198,-0.0062719999999999,47.06422004669443,15.452909917286911
1.016667,0.005242,-0.0063249999999999,47.06422004708969,15.452909916587966
1.0250000000000004,0.005265,-0.0063739999999999,47.0642200472963,15.45290991594177
1.033333,0.005294,-0.0064409999999999,47.064220047556816,15.452909915058196
1.0416670000000003,0.005242,-0.0065519999999999,47.0642200470897,15.452909913594366
1.0499999999999998,0.005276,-0.0066229999999999,47.064220047395125,15.452909912658042
1.0583330000000002,0.005335,-0.0067449999999999,47.06422004792513,15.452909911049144
1.0666669999999998,0.005384,-0.0068559999999999,47.06422004836531,15.452909909585314
1.0750000000000002,0.005432,-0.0069889999999999,47.0642200487965,15.452909907831351
1.0833329999999997,0.005484,-0.0068889999999999,47.064220049263625,15.45290990915012
1.091667,0.005392,-0.0069079999999999,47.06422004843718,15.452909908899551
1.0999999999999996,0.005379,-0.0069249999999999,47.0642200483204,15.45290990867536
1.108333,0.005378,-0.0069819999999999,47.06422004831141,15.452909907923662
1.1166669999999996,0.005358,-0.0070369999999999,47.06422004813175,15.45290990719834
1.125,0.005365,-0.0071359999999999,47.06422004819463,15.45290990589276
1.1333330000000004,0.005373,-0.0072469999999999,47.06422004826649,15.45290990442893
1.141667,0.005362,-0.0073669999999999,47.06422004816768,15.45290990284641
1.1500000000000004,0.005385,-0.0075209999999999,47.064220048374295,15.452909900815508
1.158333,0.005405,-0.0075189999999999,47.06422004855396,15.452909900841885
1.1666670000000003,0.0054389999999999,-0.0075239999999999,47.06422004885939,15.452909900775945
1.1749999999999998,0.005429,-0.0075519999999999,47.06422004876956,15.452909900406688
1.1833330000000002,0.0054109999999999,-0.0075789999999999,47.06422004860786,15.452909900050622
1.1916669999999998,0.005464,-0.0075309999999999,47.06422004908397,15.452909900683627
1.2000000000000002,0.005504,-0.0075519999999999,47.06422004944329,15.452909900406688
1.2083329999999997,0.005513,-0.0075099999999999,47.06422004952415,15.45290990096057
1.216667,0.005568,-0.0074979999999999,47.06422005001821,15.45290990111882
1.2249999999999996,0.005602,-0.0074709999999999,47.06422005032365,15.452909901474888
1.233333,0.00565,-0.0074689999999999,47.06422005075484,15.452909901501265
1.2416669999999996,0.005686,-0.0074509999999999,47.06422005107823,15.45290990173864
1.25,0.005732,-0.0074579999999999,47.06422005149145,15.45290990164633
1.2583330000000004,0.005757,-0.0074399999999999,47.06422005171604,15.452909901883706
1.266667,0.005805,-0.0074509999999999,47.06422005214723,15.45290990173864
1.2750000000000004,0.005743,-0.0075239999999999,47.06422005159028,15.45290990077594
1.283333,0.005864,-0.0074899999999999,47.06422005267724,15.452909901224324
1.2916670000000003,0.005921,-0.0075249999999999,47.06422005318928,15.452909900762757
1.2999999999999998,0.0059659999999999,-0.0075979999999999,47.06422005359352,15.452909899800057
1.3083330000000002,0.006019,-0.0076689999999999,47.06422005406963,15.452909898863732
1.3166669999999998,0.00606,-0.0077529999999999,47.06422005443793,15.452909897755967
1.3250000000000002,0.006096,-0.0077919999999999,47.06422005476133,15.452909897241648
1.3333329999999997,0.00613,-0.0078379999999999,47.06422005506676,15.452909896635015
1.341667,0.006127,-0.0078179999999999,47.06422005503981,15.452909896898769
1.3499999999999996,0.006168,-0.0078659999999999,47.064220055408114,15.452909896265762
1.358333,0.006194,-0.0078759999999999,47.06422005564167,15.452909896133889
1.3666669999999996,0.006217,-0.0079239999999999,47.06422005584829,15.45290989550088
1.375,0.006249,-0.0079959999999999,47.06422005613575,15.452909894551366
1.3833330000000004,0.00629,-0.0080779999999999,47.064220056504055,15.45290989346998
1.391667,0.006358,-0.0081359999999999,47.06422005711491,15.452909892705094
1.4000000000000004,0.006412,-0.0081889999999999,47.0642200576,15.452909892006147
1.408333,0.006463,-0.0083049999999999,47.06422005805814,15.452909890476375
1.4166670000000003,0.006512,-0.008339,47.06422005849832,15.452909890027994
1.4249999999999998,0.006562,-0.0083999999999999,47.06422005894748,15.452909889223546
1.4333330000000002,0.006619,-0.0084199999999999,47.06422005945952,15.452909888959791
1.4416669999999998,0.006701,-0.0084869999999999,47.064220060196135,15.45290988807622
1.4500000000000002,0.0068259999999999,-0.0085089999999999,47.06422006131903,15.452909887786088
1.4583329999999997,0.006877,-0.0085249999999999,47.06422006177716,15.452909887575087
1.466667,0.006958,-0.0085859999999999,47.0642200625048,15.45290988677064
1.4749999999999996,0.007071,-0.0086549999999999,47.0642200635199,15.45290988586069
1.483333,0.007212,-0.0087639999999999,47.06422006478652,15.452909884423232
1.4916669999999996,0.00737,-0.0088739999999999,47.064220066205856,15.45290988297259
1.5,0.007523,-0.0089879999999999,47.06422006758027,15.452909881469196
1.5083330000000004,0.007693,-0.0091179999999999,47.06422006910741,15.452909879754795
1.516667,0.007879,-0.0091949999999999,47.06422007077828,15.452909878739348
1.5250000000000004,0.008161,-0.0093649999999999,47.064220073311525,15.452909876497444
1.533333,0.008372,-0.0094269999999999,47.06422007520697,15.45290987567981
1.5416670000000003,0.0086579999999999,-0.0094289999999999,47.06422007777615,15.452909875653434
1.5499999999999998,0.008918,-0.0094619999999999,47.064220080111774,15.45290987521824
1.5583330000000002,0.009208,-0.0094869999999999,47.064220082716886,15.452909874888547
1.5666669999999998,0.009494,-0.0095399999999999,47.06422008528608,15.452909874189602
1.5750000000000002,0.00975,-0.0096679999999999,47.06422008758576,15.45290987250158
1.5833329999999997,0.009987,-0.0098329999999999,47.064220089714766,15.452909870325612
1.591667,0.010291,-0.009935,47.064220092445645,15.45290986898047
1.5999999999999996,0.010556,-0.0100999999999999,47.06422009482618,15.452909866804504
1.608333,0.010836,-0.0102129999999999,47.06422009734147,15.452909865314297
1.6166669999999996,0.011157,-0.0103609999999999,47.06422010022506,15.45290986336252
1.625,0.011396,-0.0104469999999999,47.06422010237203,15.45290986222838
1.6333330000000004,0.011673,-0.0105359999999999,47.06422010486037,15.452909861054682
1.641667,0.011976,-0.0106559999999999,47.06422010758226,15.45290985947216
1.6500000000000004,0.012297,-0.0107379999999999,47.064220110465854,15.452909858390772
1.658333,0.012666,-0.0108839999999999,47.06422011378064,15.452909856465372
1.6666670000000003,0.013056,-0.0110559999999999,47.06422011728407,15.452909854197094
1.6749999999999998,0.013452,-0.0112499999999999,47.0642201208414,15.452909851638688
1.6833330000000002,0.013981,-0.0114489999999999,47.06422012559348,15.452909849014342
1.6916669999999998,0.0144299999999999,-0.0114779999999999,47.06422012962692,15.4529098486319
1.7000000000000002,0.0148739999999999,-0.011517,47.06422013361544,15.452909848117582
1.7083329999999997,0.015438,-0.0113819999999999,47.06422013868193,15.452909849897916
1.716667,0.015912,-0.0113839999999999,47.06422014293994,15.452909849871538
1.7249999999999996,0.01638,-0.0113899999999999,47.064220147144056,15.452909849792412
1.733333,0.016859,-0.0114289999999999,47.06422015144698,15.452909849278097
1.7416669999999996,0.017343,-0.0113969999999999,47.06422015579483,15.4529098497001
1.75,0.017798,-0.0114519999999999,47.06422015988216,15.452909848974778
1.7583330000000004,0.018441,-0.0115609999999999,47.064220165658334,15.452909847537324
1.766667,0.019044,-0.0115109999999999,47.06422017107517,15.452909848196706
1.7750000000000004,0.019599,-0.0114839999999999,47.06422017606082,15.452909848552771
1.783333,0.020178,-0.0113769999999999,47.06422018126207,15.452909849963854
1.7916670000000003,0.020815,-0.0111569999999999,47.06422018698433,15.45290985286514
1.7999999999999998,0.021572,-0.0108749999999999,47.06422019378458,15.452909856584064
1.8083330000000002,0.022202,-0.0107139999999999,47.064220199443966,15.45290985870728
1.8166669999999998,0.022861,-0.0105909999999999,47.06422020536386,15.452909860329362
1.825,0.023594,-0.0103449999999999,47.06422021194851,15.452909863573527
1.833333,0.024244,-0.0102549999999999,47.06422021778756,15.452909864760418
1.841667,0.024943,-0.0100259999999999,47.06422022406678,15.452909867780392
1.8499999999999996,0.025715,-0.0098649999999999,47.06422023100178,15.452909869903609
1.858333,0.026655,-0.0093489999999999,47.06422023944594,15.452909876708446
1.8666669999999999,0.027683,-0.0091459999999999,47.06422024868063,15.452909879385544
1.875,0.028487,-0.0090039999999999,47.06422025590308,15.452909881258194
1.8833330000000004,0.029242,-0.0087479999999999,47.06422026268535,15.452909884634238
1.891667,0.030084,-0.0084159999999999,47.06422027024917,15.452909889012544
1.9000000000000004,0.031134,-0.0078669999999999,47.064220279681486,15.452909896252576
1.908333,0.032185,-0.0075129999999999,47.06422028912277,15.452909900921007
1.9166670000000003,0.033114,-0.0072969999999999,47.064220297468125,15.452909903769546
1.925,0.034109,-0.0070019999999999,47.06422030640636,15.452909907659908
1.9333330000000002,0.035183,-0.0066339999999999,47.06422031605427,15.45290991251297
1.9416669999999998,0.036203,-0.0065139999999999,47.064220325217086,15.45290991409549
1.95,0.037332,-0.0060249999999999,47.06422033535907,15.452909920544265
1.958333,0.038363,-0.0056039999999999,47.06422034462069,15.45290992609627
1.966667,0.039329,-0.0052709999999999,47.06422035329842,15.452909930487763
1.9749999999999996,0.040215,-0.0050759999999999,47.06422036125749,15.45290993305936
1.983333,0.04128,-0.0045729999999999,47.06422037082454,15.452909939692756
1.9916669999999999,0.042456,-0.0039869999999999,47.064220381388736,15.452909947420732
2.0,0.043462,-0.0035339999999999,47.06422039042578,15.452909953394746
2.0083330000000004,0.044459,-0.0030309999999999,47.06422039938198,15.452909960028142
2.016667,0.045493,-0.0025859999999999,47.064220408670565,15.452909965896652
2.0250000000000004,0.046645,-0.0019959999999999,47.06422041901916,15.45290997367738
2.0333330000000003,0.047813,-0.0014279999999999,47.06422042951148,15.452909981167975
2.0416670000000003,0.048973,-0.0008939999999999,47.06422043993194,15.452909988210193
2.05,0.050094,-0.0002989999999999,47.06422045000205,15.452909996056857
2.058333,0.05125,0.000458,47.06422046038657,15.45291000603992
2.066667,0.052592,0.000994,47.06422047244197,15.45291001310851
2.075,0.053797,0.001457,47.064220483266666,15.452910019214404
2.083333,0.055022,0.001995,47.06422049427103,15.452910026309368
2.091667,0.056159,0.002512,47.06422050448487,15.452910033127392
2.0999999999999996,0.057374,0.003318,47.0642205153994,15.452910043756654
2.108333,0.058716,0.0040499999999999,47.06422052745479,15.45291005341003
2.1166669999999996,0.06,0.004478,47.06422053898916,15.452910059054354
2.125,0.061349,0.0052719999999999,47.06422055110744,15.452910069525364
2.1333330000000004,0.062697,0.006136,47.06422056321673,15.452910080919509
2.141667,0.064195,0.006893,47.064220576673485,15.452910090902574
2.1500000000000004,0.065702,0.007652,47.0642205902111,15.452910100912014
2.1583330000000003,0.067165,0.008777,47.06422060335345,15.45291011574814
2.1666670000000003,0.068687,0.0098359999999999,47.06422061702581,15.452910129713883
2.175,0.070233,0.010754,47.064220630913766,15.452910141820166
2.183333,0.071775,0.011756,47.06422064476578,15.452910155034209
2.191667,0.073421,0.01286,47.064220659552056,15.452910169593396
2.2,0.074935,0.01396,47.06422067315255,15.452910184099832
2.208333,0.076468,0.01523,47.06422068692372,15.452910200848171
2.216667,0.078058,0.016361,47.064220701206935,15.452910215763428
2.2249999999999996,0.079574,0.01771,47.0642207148254,15.452910233553592
2.233333,0.081198,0.018818,47.06422072941403,15.452910248165532
2.2416669999999996,0.082869,0.0195769999999999,47.06422074442489,15.452910258174972
2.25,0.08461,0.020268,47.06422076006456,15.452910267287653
2.2583330000000004,0.086302,0.021447,47.06422077526405,15.452910282835916
2.266667,0.087994,0.022552,47.06422079046354,15.452910297408293
2.2750000000000004,0.089717,0.024017,47.06422080594152,15.452910316728229
2.2833330000000003,0.091537,0.025471,47.06422082229086,15.452910335903098
2.2916670000000003,0.093386,0.0270569999999999,47.0642208389007,15.45291035681874
2.3,0.095148,0.028634,47.06422085472902,15.452910377615694
2.308333,0.096994,0.0302629999999999,47.064220871311925,15.452910399098409
2.316667,0.098762,0.031976,47.06422088719414,15.452910421688886
2.325,0.100554,0.033965,47.06422090329195,15.452910447919162
2.333333,0.102339,0.035884,47.06422091932688,15.452910473226302
2.341667,0.104183,0.037761,47.06422093589181,15.452910497979556
2.3499999999999996,0.106061,0.039833,47.06422095276217,15.452910525304407
2.358333,0.107963,0.04177,47.06422096984813,15.452910550848925
2.3666669999999996,0.109808,0.044202,47.06422098642204,15.452910582921335
2.375,0.111706,0.046565,47.06422100347207,15.4529106140838
2.3833330000000004,0.113638,0.048996,47.06422102082752,15.452910646143025
2.391667,0.115722,0.050947,47.064221039548414,15.45291067187217
2.4000000000000004,0.117693,0.053361,47.06422105725421,15.452910703707204
2.4083330000000003,0.119888,0.055915,47.064221076972224,15.45291073738851
2.4166670000000003,0.122021,0.058418,47.064221096133295,15.45291077039725
2.425,0.124162,0.060979,47.06422111536622,15.452910804170871
2.433333,0.126483,0.063854,47.06422113621612,15.45291084208542
2.441667,0.128748,0.06653,47.06422115656296,15.452910877375626
2.45,0.131045,0.069788,47.06422117719726,15.452910920341054
2.458333,0.133388,0.0726489999999999,47.06422119824479,15.452910958070976
2.466667,0.135574,0.0756199999999999,47.06422121788196,15.452910997251545
2.4749999999999996,0.137833,0.078677,47.0642212381749,15.452911037566247
2.483333,0.1402219999999999,0.082156,47.06422125963565,15.452911083446152
2.4916669999999996,0.142625,0.085485,47.06422128122217,15.452911127347903
2.5,0.145098,0.088909,47.0642213034375,15.452911172502484
2.5083330000000004,0.147464,0.092277,47.06422132469165,15.452911216918556
2.516667,0.149713,0.095726,47.064221344894754,15.452911262402829
2.5250000000000004,0.15217,0.099482,47.06422136696636,15.452911311935717
2.5333330000000003,0.154686,0.103188,47.064221389567976,15.452911360809216
2.5416670000000003,0.157133,0.106605,47.06422141154975,15.452911405871486
2.55,0.1597599999999999,0.110496,47.06422143514849,15.45291145718471
2.558333,0.162306,0.1144,47.0642214580196,15.452911508669372
2.566667,0.164928,0.117778,47.06422148157343,15.45291155321732
2.575,0.16749,0.121816,47.06422150458826,15.452911606469131
2.583333,0.170284,0.126188,47.06422152968719,15.452911664125624
2.591667,0.172918,0.130276,47.06422155334881,15.452911718036818
2.5999999999999996,0.175579,0.134401,47.06422157725298,15.452911772435955
2.608333,0.178179,0.138534,47.06422160060918,15.452911826940596
2.6166669999999996,0.181205,0.142863,47.0642216277922,15.45291188403002
2.625,0.183888,0.147674,47.064221651894,15.4529119474759
2.6333330000000004,0.186723,0.152305,47.06422167736123,15.452912008548
2.641667,0.189551,0.156813,47.06422170276559,15.452912067998014
2.6500000000000004,0.192595,0.160718,47.06422173011031,15.452912119495863
2.6583330000000003,0.195291,0.16602,47.06422175432889,15.452912189416889
2.6666670000000003,0.198259,0.170698,47.06422178099088,15.452912251108806
2.675,0.201305,0.175792,47.064221808353565,15.452912318286796
2.683333,0.204579,0.180681,47.06422183776441,15.452912382761316
2.691667,0.207331,0.18602,47.06422186248605,15.452912453170285
2.7,0.210248,0.191443,47.06422188868991,15.45291252468702
2.708333,0.213307,0.1965829999999999,47.06422191616937,15.452912592471645
2.716667,0.216631,0.201242,47.06422194602937,15.452912653912996
2.7249999999999996,0.219644,0.206979,47.06422197309561,15.452912729570658
2.733333,0.222478,0.2123179999999999,47.06422199855387,15.452912799979629
2.7416669999999996,0.225651,0.217473,47.06422202705741,15.452912867962066
2.75,0.228845,0.222238,47.0642220557496,15.452912930801311
2.7583330000000004,0.231917,0.228181,47.064222083345854,15.452913009175631
2.766667,0.234981,0.2335819999999999,47.06422211087023,15.452913080402238
2.7750000000000004,0.237916,0.239687,47.06422213723578,15.452913160912964
2.7833330000000003,0.240814,0.2453499999999999,47.06422216326896,15.45291323559474
2.7916670000000003,0.243515,0.251254,47.06422218753246,15.452913313454742
2.8,0.246508,0.257839,47.06422221441903,15.452913400295548
2.808333,0.24962,0.262785,47.06422224237461,15.452913465521762
2.816667,0.252634,0.2687509999999999,47.06422226944983,15.4529135441994
2.825,0.2556779999999999,0.274004,47.06422229679455,15.452913613474232
2.833333,0.258757,0.279834,47.06422232445368,15.45291369035835
2.841667,0.261918,0.285285,47.06422235284942,15.45291376224434
2.8499999999999996,0.264972,0.291325,47.06422238028397,15.45291384189787
2.858333,0.268258,0.2969119999999999,47.06422240980261,15.452913915577382
2.8666669999999996,0.271456,0.302809,47.064222438530734,15.452913993345073
2.875,0.27469,0.3083559999999999,47.06422246758225,15.45291406649708
2.8833330000000004,0.2779979999999999,0.314772,47.06422249729852,15.45291415110917
2.891667,0.281377,0.320326,47.0642225276526,15.452914224353488
2.9000000000000004,0.284845,0.324994,47.06422255880617,15.452914285913533
2.9083330000000003,0.288095,0.330648,47.06422258800141,15.452914360476615
2.9166670000000003,0.29145,0.336252,47.06422261813989,15.45291443438032
2.925,0.294465,0.3429529999999999,47.0642226452241,15.452914522750897
2.933333,0.2980089999999999,0.348179,47.06422267706039,15.45291459166966
2.941667,0.301134,0.353585,47.06422270513275,15.452914662962204
2.95,0.304528,0.358965,47.06422273562157,15.452914733911868
2.958333,0.307958,0.36392,47.06422276643379,15.452914799256774
2.966667,0.3109889999999999,0.3695389999999999,47.06422279366172,15.452914873358292
2.9749999999999996,0.3144059999999999,0.374635,47.06422282435715,15.45291494056266
2.983333,0.317722,0.379803,47.064222854145285,15.452915008716538
2.9916669999999996,0.320894,0.38527,47.06422288263985,15.45291508081353
3.0,0.324242,0.391259,47.06422291271544,15.452915159794486
3.0083330000000004,0.327212,0.39685,47.06422293939541,15.452915233526747
3.016667,0.330401,0.402004,47.064222968042685,15.452915301496002
3.0250000000000004,0.333593,0.406958,47.0642229967169,15.452915366827716
3.0333330000000003,0.336347,0.412084,47.064223021456506,15.452915434427714
3.0416670000000003,0.339701,0.417177,47.064223051586,15.452915501592518
3.05,0.342914,0.422304,47.06422308044887,15.452915569205704
3.058333,0.345634,0.427338,47.06422310488305,15.452915635592436
3.066667,0.349012,0.432258,47.06422313522815,15.452915700475772
3.075,0.352139,0.437349,47.06422316331847,15.452915767614204
3.083333,0.355248,0.442322,47.06422319124709,15.452915833196489
3.091667,0.358199,0.447409,47.06422321775638,15.452915900282164
3.0999999999999996,0.361373,0.452522,47.0642232462689,15.452915967710725
3.108333,0.36424,0.457613,47.0642232720236,15.452916034849151
3.1166669999999996,0.3672999999999999,0.462675,47.06422329951205,15.45291610160514
3.125,0.370537,0.467881,47.06422332859052,15.452916170260153
3.1333330000000004,0.373369,0.473119,47.0642233540308,15.452916239337169
3.141667,0.376492,0.478141,47.06422338208519,15.45291630556565
3.1500000000000004,0.379459,0.483206,47.06422340873821,15.4529163723612
3.1583330000000003,0.382372,0.488412,47.06422343490613,15.452916441016212
3.1666670000000003,0.385564,0.4932500000000001,47.06422346358036,15.45291650481816
3.175,0.388363,0.498255,47.0642234887242,15.452916570822447
3.183333,0.391459,0.503349,47.06422351653603,15.452916638000444
3.191667,0.394194,0.5086200000000001,47.06422354110496,15.452916707512651
3.2,0.396967,0.513858,47.06422356601525,15.45291677658967
3.208333,0.400055,0.51885,47.06422359375522,15.45291684242252
3.216667,0.4025890000000001,0.5243260000000001,47.064223616518525,15.452916914638203
3.2249999999999996,0.405692,0.52936,47.06422364439325,15.452916981024936
3.233333,0.40854,0.534605,47.06422366997728,15.452917050194268
3.2416669999999996,0.411217,0.5399470000000001,47.06422369402517,15.452917120642804
3.25,0.414271,0.544968,47.06422372145972,15.452917186858096
3.2583330000000004,0.417038,0.5501670000000001,47.0642237463161,15.452917255420797
3.266667,0.419957,0.555309,47.06422377253793,15.452917323231796
3.2750000000000004,0.4229550000000001,0.5606340000000001,47.06422379946942,15.45291739345614
3.2833330000000003,0.425697,0.5658340000000001,47.06422382410123,15.452917462032026
3.2916670000000003,0.428591,0.571378,47.06422385009847,15.45291753514447
3.3,0.431508,0.576878,47.06422387630233,15.452917607676657
3.308333,0.434195,0.582422,47.06422390044006,15.4529176807891
3.316667,0.4370240000000001,0.58768,47.0642239258534,15.452917750129872
3.325,0.4398580000000001,0.593361,47.06422395131165,15.452917825049028
3.333333,0.442649,0.598875,47.06422397638363,15.45291789776584
3.341667,0.445412,0.6046600000000001,47.06422400120408,15.452917974056517
3.3499999999999996,0.448301,0.610251,47.06422402715641,15.45291804778878
3.358333,0.4511630000000001,0.615928,47.064224052866194,15.452918122655186
3.3666669999999996,0.4538690000000001,0.6218640000000001,47.06422407717461,15.452918200937198
3.375,0.456794,0.6276090000000001,47.06422410345033,15.452918276700364
3.3833330000000004,0.45959,0.633633,47.064224128567226,15.452918356142892
3.391667,0.462485,0.6394690000000001,47.06422415457345,15.452918433106134
3.4000000000000004,0.4653170000000001,0.645431,47.06422418001375,15.452918511731028
3.4083330000000003,0.4682120000000001,0.6515460000000001,47.064224206019965,15.452918592373631
3.4166670000000003,0.4711200000000001,0.657706,47.064224232142976,15.452918673609684
3.425,0.474163,0.663562,47.06422425947871,15.45291875083668
3.433333,0.477102,0.6699590000000001,47.0642242858802,15.45291883519821
3.441667,0.480174,0.676098,47.06422431347645,15.452918916157316
3.45,0.4832430000000001,0.6824990000000001,47.064224341045744,15.452919000571596
3.458333,0.486465,0.688686,47.064224369989454,15.452919082163714
3.466667,0.489523,0.695064,47.06422439745994,15.452919166274675
3.4749999999999996,0.49266,0.701481,47.06422442564009,15.452919250899956
3.483333,0.495842,0.7081310000000001,47.06422445422448,15.452919338597969
3.4916669999999996,0.499286,0.714497,47.06422448516246,15.452919422550677
3.5,0.5026430000000001,0.720959,47.064224515318905,15.452919507769405
3.5083330000000004,0.5058710000000001,0.7277640000000001,47.06422454431653,15.4529195975115
3.516667,0.509256,0.7344550000000001,47.0642245747245,15.452919685750205
3.5250000000000004,0.5128780000000001,0.740799,47.06422460726147,15.452919769412787
3.5333330000000003,0.516298,0.747507,47.06422463798386,15.452919857875685
3.5416670000000003,0.519841,0.7540950000000001,47.06422466981117,15.452919944756058
3.55,0.523302,0.76136,47.06422470090186,15.452920040564486
3.558333,0.5268980000000001,0.768219,47.06422473320528,15.45292013101872
3.566667,0.5305500000000001,0.774834,47.06422476601176,15.45292021825516
3.575,0.5342100000000001,0.781786,47.064224798890095,15.452920309935848
3.583333,0.537822,0.7886190000000001,47.06422483133724,15.4529204000472
3.591667,0.541528,0.795531,47.064224864628805,15.45292049120038
3.5999999999999996,0.5454380000000001,0.802291,47.06422489975293,15.452920580349035
3.608333,0.5491600000000001,0.809497,47.06422493318823,15.45292067537939
3.616667,0.553038,0.816644,47.064224968024895,15.452920769631673
3.625,0.556801,0.823524,47.0642250018285,15.452920860362848
3.633333000000001,0.560713,0.830391,47.06422503697059,15.45292095092258
3.641667,0.564504,0.837669,47.06422507102573,15.452921046902445
3.650000000000001,0.568457,0.844902,47.06422510653613,15.452921142288869
3.6583330000000003,0.5724410000000001,0.8519180000000001,47.06422514232501,15.452921234813566
3.666667,0.57633,0.858994,47.06422517726049,15.452921328129523
3.675,0.580312,0.866001,47.064225213031406,15.452921420535532
3.683333,0.5841740000000001,0.8728480000000001,47.06422524772434,15.452921510831516
3.691667,0.588088,0.880495,47.0642252828844,15.452921611677631
3.7,0.592021,0.8876200000000001,47.064225318215136,15.452921705639788
3.708333,0.5960030000000001,0.89464,47.06422535398605,15.452921798217234
3.7166669999999997,0.599713,0.901334,47.06422538731356,15.452921886495504
3.725,0.603624,0.908743,47.06422542244667,15.452921984202955
3.733333,0.6072040000000001,0.91622,47.06422545460636,15.45292208280717
3.741667,0.610993,0.923191,47.06422548864352,15.452922174738422
3.75,0.6145550000000001,0.930057,47.06422552064151,15.452922265284968
3.758333000000001,0.618368,0.937194,47.06422555489427,15.452922359405374
3.766667,0.6219290000000001,0.94352,47.06422558688328,15.452922442830578
3.775000000000001,0.625527,0.951262,47.06422561920466,15.452922544929526
3.7833330000000003,0.628733,0.958023,47.06422564800464,15.452922634091369
3.791667,0.632363,0.965196,47.06422568061349,15.452922728686532
3.8,0.636027,0.971788,47.06422571352776,15.452922815619656
3.808333,0.6394650000000001,0.979159,47.06422574441184,15.45292291282598
3.816667,0.643309,0.985397,47.06422577894308,15.45292299509067
3.825,0.646742,0.992687,47.06422580978224,15.45292309122879
3.833333,0.6502300000000001,0.999123,47.06422584111547,15.45292317610464
3.8416669999999997,0.653713,1.005228,47.06422587240379,15.45292325661537
3.85,0.657065,1.012367,47.06422590251532,15.45292335076215
3.858333,0.66052,1.018968,47.06422593355211,15.452923437813968
3.866667,0.663935,1.026369,47.06422596422958,15.45292353541592
3.875,0.66718,1.032247,47.06422599337991,15.45292361293305
3.883333000000001,0.670568,1.039279,47.06422602381483,15.452923705668754
3.891667,0.674177,1.045713,47.06422605623504,15.452923790518229
3.900000000000001,0.6772670000000001,1.053024,47.06422608399298,15.452923886933288
3.9083330000000003,0.680672,1.05959,47.06422611458061,15.452923973523536
3.916667,0.6838970000000001,1.065788,47.06422614355128,15.452924055260722
3.925,0.687347,1.073118,47.06422617454316,15.45292415192635
3.933333,0.690555,1.079303,47.06422620336112,15.452924233492094
3.941667,0.6940230000000001,1.086343,47.064226234514685,15.452924326333298
3.95,0.697164,1.093041,47.06422626273077,15.452924414664317
3.958333,0.70023,1.099106,47.06422629027311,15.452924494647542
3.9666669999999997,0.7034670000000001,1.106049,47.064226319351576,15.45292458620954
3.975,0.7064320000000001,1.112425,47.06422634598662,15.452924670294133
3.983333,0.7098,1.119448,47.06422637624188,15.452924762911149
3.991667,0.712944,1.126038,47.06422640448491,15.452924849817895
4.0,0.71587,1.131951,47.06422643076962,15.452924927796596
4.008333000000001,0.71906,1.138322,47.06422645942588,15.45292501181525
4.016667,0.7221150000000001,1.144966,47.06422648686941,15.452925099434136
4.025000000000001,0.7252160000000001,1.151318,47.064226514726165,15.452925183202224
4.033333,0.728198,1.158272,47.06422654151393,15.452925274909289
4.041667,0.731147,1.164653,47.064226568005246,15.45292535905982
4.05,0.734248,1.171327,47.064226595862,15.452925447074335
4.058333,0.7372850000000001,1.178276,47.06422662314384,15.45292553871546
4.066667,0.7402880000000001,1.184537,47.06422665012025,15.452925621283468
4.075,0.7432270000000001,1.191088,47.06422667652173,15.4529257076759
4.083333,0.7461920000000001,1.198239,47.06422670315678,15.452925801980935
4.091667,0.749252,1.204436,47.06422673064522,15.452925883704934
4.1,0.752162,1.211034,47.0642267567862,15.452925970717189
4.108333,0.755058,1.218155,47.06422678280141,15.452926064626595
4.1166670000000005,0.758048,1.224645,47.06422680966104,15.45292615021458
4.125,0.761051,1.231605,47.064226836637445,15.452926242000771
4.133333,0.7641640000000001,1.238509,47.064226864602,15.45292633304845
4.141667,0.7670680000000001,1.244995,47.06422689068908,15.452926418583688
4.15,0.769811,1.252495,47.06422691532986,15.45292651749122
4.158333,0.7727860000000001,1.258972,47.064226942054745,15.45292660290777
4.166667,0.775551,1.265617,47.06422696689316,15.452926690539844
4.175,0.778383,1.27321,47.064226992333445,15.452926790673832
4.183333,0.781297,1.279713,47.06422701851035,15.452926876433258
4.191667000000001,0.784304,1.28684,47.0642270455227,15.45292697042179
4.2,0.787339,1.293737,47.064227072786565,15.45292706137716
4.208333,0.790166,1.301008,47.06422709818194,15.452927157264716
4.216667,0.7933530000000001,1.307699,47.06422712681124,15.452927245503425
4.225,0.796207,1.314803,47.06422715244916,15.45292733918864
4.233333,0.7991750000000001,1.322293,47.06422717911116,15.452927437964297
4.2416670000000005,0.8021550000000001,1.328964,47.06422720588096,15.45292752593925
4.25,0.805123,1.336387,47.06422723254295,15.452927623831332
4.258333,0.808065,1.343327,47.064227258971385,15.452927715353772
4.266667,0.8111940000000001,1.350893,47.06422728707968,15.452927815131693
4.275,0.813991,1.357467,47.06422731220555,15.452927901827444
4.283333,0.8172550000000001,1.36513,47.06422734152656,15.452928002884567
4.291667,0.81993,1.372075,47.0642273655565,15.452928094472943
4.3,0.822952,1.379637,47.06422739270359,15.452928194198114
4.308333,0.825782,1.386394,47.06422741812591,15.452928283307209
4.316667000000001,0.828604,1.394532,47.06422744347637,15.452928390628475
4.325,0.831307,1.401657,47.06422746775783,15.452928484590634
4.333333,0.8344940000000001,1.409334,47.06422749638713,15.452928585832389
4.341667,0.8370770000000001,1.416588,47.06422751959062,15.452928681495756
4.35,0.8400700000000001,1.424206,47.0642275464772,15.452928781959438
4.358333,0.842824,1.431347,47.0642275712168,15.4529288761326
4.3666670000000005,0.845717,1.439172,47.064227597205054,15.452928979326128
4.375,0.848337,1.446249,47.06422762074092,15.452929072655278
4.383333,0.8513200000000001,1.453978,47.06422764753766,15.45292917458279
4.391667,0.854002,1.461307,47.06422767163048,15.452929271235233
4.4,0.856958,1.469063,47.06422769818469,15.452929373518812
4.408333,0.85977,1.476393,47.06422772344531,15.452929470184444
4.416667,0.8627990000000001,1.483758,47.06422775065528,15.452929567311642
4.425,0.8655130000000001,1.491066,47.06422777503556,15.452929663687144
4.433333,0.868584,1.498389,47.06422780262282,15.45292976026046
4.441667000000001,0.8714870000000001,1.505677,47.06422782870091,15.452929856372208
4.45,0.8744450000000001,1.512707,47.064227855273074,15.452929949081538
4.458333,0.8772470000000001,1.52016,47.06422788044387,15.452930047369252
4.466667,0.8803160000000001,1.527374,47.064227908013166,15.452930142505114
4.475,0.8829819999999999,1.53417,47.06422793196226,15.452930232128528
4.483333,0.885839,1.540963,47.064227957627125,15.45293032171238
4.4916670000000005,0.8888340000000001,1.547816,47.06422798453166,15.452930412087492
4.5,0.8915790000000001,1.55443,47.064228009190415,15.452930499310751
4.508333,0.8944650000000001,1.560873,47.0642280351158,15.45293058427892
4.516667,0.897214,1.567873,47.06422805981048,15.45293067659262
4.525,0.9002080000000001,1.574195,47.064228086706045,15.45293075996508
4.533333,0.902934,1.580735,47.06422811119412,15.452930846212451
4.541667,0.905894,1.586983,47.06422813778425,15.452930928609025
4.55,0.908799,1.594023,47.06422816388031,15.45293102145023
4.558333,0.911602,1.60015,47.06422818906008,15.45293110225109
4.566667000000001,0.914333,1.60685,47.06422821359308,15.45293119060849
4.575,0.917021,1.613332,47.06422823773979,15.452931276090975
4.583333,0.919569,1.62017,47.06422826062886,15.452931366268274
4.591667,0.922442,1.626161,47.06422828643746,15.452931445275611
4.6,0.925151,1.632926,47.06422831077282,15.45293153449021
4.608333,0.927975,1.639082,47.06422833614124,15.452931615673515
4.6166670000000005,0.930821,1.64552,47.06422836170729,15.452931700575745
4.625,0.933594,1.651376,47.06422838661758,15.452931777802748
4.633333,0.936404,1.657671,47.06422841186024,15.45293186081914
4.641667,0.939175,1.663602,47.06422843675255,15.45293193903522
4.65,0.942137,1.669943,47.06422846336066,15.452932022658246
4.658333,0.944675,1.675749,47.06422848615989,15.452932099225864
4.666667,0.947583,1.682125,47.0642285122829,15.45293218331046
4.675,0.950343,1.688248,47.0642285370764,15.452932264058576
4.683333,0.953186,1.694268,47.064228562615504,15.452932343448358
4.691667000000001,0.955801,1.700308,47.06422858610645,15.452932423101892
4.7,0.958716,1.706257,47.06422861229234,15.45293250155535
4.708333,0.961529,1.712121,47.064228637561946,15.452932578887856
4.716667,0.964473,1.717782,47.064228664008354,15.452932653543265
4.725,0.967125,1.723921,47.06422868783167,15.452932734502378
4.733333,0.969949,1.729763,47.064228713200094,15.452932811544756
4.7416670000000005,0.972762,1.735745,47.0642287384697,15.45293289043341
4.75,0.975635,1.741583,47.06422876427831,15.452932967423036
4.758333,0.978409,1.747442,47.06422878919757,15.4529330446896
4.766667,0.981264,1.753162,47.06422881484446,15.452933120123085
4.775,0.984051,1.759059,47.06422883988051,15.452933197890784
4.783333,0.986792,1.764854,47.064228864503335,15.452933274313338
4.791667,0.989662,1.770465,47.06422889028498,15.452933348309363
4.8,0.992284,1.77633,47.06422891383881,15.452933425655058
4.808333,0.995006,1.781957,47.06422893829095,15.452933499862088
4.816667000000001,0.997684,1.787757,47.06422896234783,15.45293357635058
4.825,1.000428,1.793465,47.064228986997605,15.452933651625813
4.833333,1.003302,1.799157,47.06422901281518,15.45293372669004
4.841667,1.005868,1.80474,47.06422903586596,15.452933800316812
4.85,1.00866,1.810332,47.06422906094692,15.452933874062271
4.858333,1.011262,1.815842,47.06422908432109,15.452933946726343
4.8666670000000005,1.013935,1.821478,47.064229108333045,15.45293402105206
4.875,1.016534,1.826966,47.06422913168026,15.452934093426002
4.883333,1.019072,1.832509,47.0642291544795,15.452934166525266
4.891667,1.021695,1.838063,47.06422917804231,15.452934239769595
4.9,1.024262,1.843333,47.06422920110206,15.452934309268624
4.908333,1.026868,1.848682,47.06422922451216,15.45293437980948
4.916667,1.029415,1.854046,47.06422924739225,15.45293445054815
4.925,1.031854,1.859413,47.06422926930216,15.452934521326386
4.933333,1.034334,1.864749,47.06422929158038,15.4529345916958
4.941667000000001,1.036687,1.870155,47.064229312717735,15.452934662988357
4.95,1.03891,1.875376,47.06422933268729,15.45293473184119
4.958333,1.041515,1.880513,47.0642293560884,15.45293479958626
4.966667,1.043841,1.885629,47.06422937698322,15.45293486705439
4.975,1.046162,1.890948,47.06422939783312,15.452934937199617
4.983333,1.048413,1.896097,47.06422941805419,15.45293500510294
4.9916670000000005,1.050787,1.901178,47.0642294393802,15.4529350721095
5.0,1.053093,1.906316,47.06422946009535,15.452935139867757
5.008333,1.05534,1.911577,47.06422948028049,15.452935209248096
5.016667,1.057691,1.916618,47.06422950139988,15.45293527572715
5.025,1.059948,1.92171,47.06422952167485,15.452935342878774
5.033333000000001,1.062146,1.926869,47.06422954141983,15.452935410913971
5.041667,1.064289,1.932141,47.064229560670725,15.452935480439375
5.050000000000001,1.066553,1.937099,47.06422958100859,15.452935545823852
5.058332999999999,1.068647,1.942116,47.064229599819306,15.452935611986405
5.066667000000001,1.070834,1.947256,47.064229619465465,15.452935679771036
5.074999999999999,1.072928,1.952492,47.06422963827619,15.452935748821686
5.083333,1.074956,1.957532,47.06422965649402,15.452935815287551
5.091667,1.076917,1.962757,47.06422967410998,15.452935884193138
5.1,1.07897,1.967778,47.0642296925524,15.452935950408438
5.108333,1.080844,1.972806,47.06422970938682,15.45293601671605
5.1166670000000005,1.082653,1.977927,47.06422972563735,15.452936084250116
5.125,1.084454,1.9829900000000005,47.06422974181601,15.4529361510193
5.133333,1.086063,1.988108,47.064229756269896,15.452936218513804
5.141667,1.087722,1.993199,47.06422977117295,15.45293628565224
5.15,1.08942,1.998176,47.06422978642634,15.452936351287285
5.158333000000001,1.090985,2.003281,47.06422980048497,15.452936418610348
5.166667,1.09245,2.008219,47.0642298136453,15.452936483731072
5.175000000000001,1.094141,2.012947,47.06422982883581,15.452936546082388
5.183332999999999,1.095329,2.017963,47.0642298395078,15.452936612231747
5.191667000000001,1.096637,2.022734,47.06422985125776,15.452936675150127
5.199999999999999,1.097701,2.027677,47.06422986081584,15.45293674033679
5.208333,1.098836,2.032465,47.06422987101172,15.452936803479362
5.216667,1.099883,2.03735,47.064229880417074,15.45293686790114
5.225,1.101112,2.042027,47.06422989145737,15.45293692957988
5.233333,1.102152,2.046726,47.06422990079985,15.452936991548752
5.2416670000000005,1.10326,2.051693,47.064229910753184,15.45293705705192
5.25,1.104223,2.05645,47.06422991940397,15.452937119785677
5.258333,1.105074,2.061312,47.06422992704862,15.452937183904137
5.266667,1.106176,2.065966,47.06422993694805,15.452937245279562
5.275,1.107301,2.070471,47.0642299470541,15.452937304690025
5.283333000000001,1.108099,2.075333,47.06422995422266,15.452937368808486
5.291667,1.109183,2.080471,47.0642299639604,15.452937436566742
5.300000000000001,1.110453,2.085117,47.064229975369,15.452937497836665
5.308332999999999,1.111146,2.089929,47.06422998159433,15.45293756129574
5.316667000000001,1.111715,2.094735,47.06422998670574,15.452937624675693
5.324999999999999,1.112494,2.099353,47.06422999370361,15.45293768557636
5.333333,1.113327,2.10373,47.06423000118658,15.4529377432988
5.341667,1.114222,2.108283,47.064230009226506,15.45293780334227
5.35,1.114488,2.112757,47.064230011616026,15.452937862343912
5.358333,1.115083,2.117279,47.064230016961,15.452937921978563
5.3666670000000005,1.115177,2.121784,47.06423001780541,15.452937981389027
5.375,1.115368,2.126462,47.0642300195212,15.452938043080955
5.383333,1.115668,2.130873,47.064230022216144,15.452938101251776
5.391667,1.115059,2.135484,47.064230016745405,15.45293816206013
5.4,1.115141,2.140002,47.064230017482025,15.45293822164203
5.408333000000001,1.116067,2.143648,47.06423002580042,15.452938269724282
5.416667,1.116134,2.14795,47.064230026402285,15.452938326457645
5.425000000000001,1.116087,2.152386,47.06423002598008,15.452938384958156
5.433332999999999,1.115888,2.156752,47.06423002419243,15.452938442535531
5.441667000000001,1.11594,2.160319,47.06423002465955,15.452938489575958
5.449999999999999,1.115616,2.164578,47.06423002174901,15.452938545742256
5.458333,1.11533,2.168763,47.064230019179824,15.45293860093266
5.466667,1.116507,2.173478,47.064230029753,15.452938663112532
5.475,1.116002,2.177568,47.0642300252165,15.452938717050111
5.483333,1.115559,2.181666,47.064230021236966,15.45293877109319
5.4916670000000005,1.115439,2.185235,47.06423002015899,15.452938818159994
5.5,1.114641,2.189091,47.06423001299043,15.452938869011655
5.508333,1.113682,2.193021,47.06423000437559,15.452938920839207
5.516667,1.113535,2.19757,47.064230003055066,15.452938980829927
5.525,1.112953,2.201581,47.06422999782687,15.45293903372568
5.533333000000001,1.111771,2.205419,47.06422998720878,15.452939084339963
5.541667,1.111026,2.208776,47.06422998051634,15.45293912861098
5.550000000000001,1.110381,2.213034,47.0642299747222,15.452939184764084
5.558332999999999,1.109096,2.21698,47.06422996317885,15.45293923680264
5.566667000000001,1.10748,2.220452,47.06422994866208,15.452939282590236
5.574999999999999,1.106112,2.224161,47.06422993637312,15.45293933150331
5.583333,1.105143,2.227815,47.06422992766845,15.452939379691063
5.591667,1.103757,2.231486,47.0642299152178,15.452939428103008
5.6,1.102126,2.235248,47.06422990056628,15.45293947771503
5.608333,1.100554,2.238824,47.06422988644476,15.452939524874145
5.6166670000000005,1.098943,2.24244,47.0642298719729,15.452939572560767
5.625,1.097269,2.245978,47.0642298569351,15.452939619218752
5.633333,1.095765,2.249448,47.06422984342444,15.452939664979974
5.641667,1.0939,2.253121,47.06422982667087,15.452939713418292
5.65,1.091956,2.256637,47.06422980920762,15.452939759786146
5.658333000000001,1.089884,2.260062,47.06422979059452,15.45293980495392
5.666667,1.087875,2.263618,47.06422977254736,15.452939851849282
5.675000000000001,1.085737,2.267195,47.06422975334138,15.452939899021583
5.683332999999999,1.083497,2.27069,47.06422973321912,15.452939945112496
5.691667000000001,1.081146,2.274107,47.06422971209973,15.45293999017477
5.699999999999999,1.078908,2.277063,47.06422969199543,15.452940029157528
5.708333,1.076587,2.280213,47.06422967114553,15.452940070698697
5.716667,1.073965,2.283466,47.0642296475917,15.452940113598192
5.725,1.071377,2.286857,47.064229624343305,15.452940158317585
5.733333,1.068796,2.290298,47.06422960115779,15.452940203696366
5.7416670000000005,1.066125,2.293551,47.064229577163786,15.452940246595862
5.75,1.063211,2.297078,47.06422955098688,15.45294029310878
5.758333,1.060232,2.300749,47.064229524226064,15.452940341520724
5.766667,1.057382,2.304262,47.06422949862409,15.452940387849011
5.775,1.054512,2.307591,47.06422947284244,15.452940431750772
5.783333000000001,1.051514,2.310716,47.06422944591095,15.452940472962243
5.791667,1.04848,2.313965,47.06422941865606,15.452940515808994
5.800000000000001,1.045406,2.317084,47.06422939104185,15.45294055694134
5.808332999999999,1.042045,2.320752,47.064229360849474,15.45294060531372
5.816667000000001,1.038649,2.324514,47.06422933034269,15.452940654925742
5.824999999999999,1.035383,2.327858,47.06422930100371,15.452940699025316
5.833333,1.032018,2.331109,47.0642292707754,15.452940741898436
5.841667,1.0285,2.334239,47.06422923917267,15.45294078317585
5.85,1.025087,2.337488,47.064229208513176,15.452940826022596
5.858333,1.021504,2.340857,47.06422917632654,15.452940870451863
5.8666670000000005,1.017799,2.344032,47.06422914304395,15.45294091232272
5.875,1.014161,2.347422,47.06422911036325,15.452940957028927
5.883333,1.010307,2.35055,47.064229075742176,15.452940998279963
5.891667,1.006548,2.353765,47.06422904197451,15.452941040678333
5.9,1.002534,2.356746,47.06422900591613,15.45294107999078
5.908333000000001,0.998634,2.360033,47.06422897088184,15.452941123338654
5.916667,0.994463,2.363126,47.06422893341311,15.452941164128122
5.925000000000001,0.99049,2.366325,47.06422889772305,15.452941206315485
5.933332999999999,0.986339,2.369343,47.06422886043398,15.452941246115875
5.941667000000001,0.982322,2.372432,47.06422882434865,15.452941286852592
5.949999999999999,0.978319,2.375586,47.06422878838909,15.452941328446508
5.958333,0.974013,2.378398,47.06422874970764,15.45294136553024
5.966667,0.96955,2.381496,47.06422870961583,15.452941406385648
5.975,0.965186,2.384284,47.06422867041334,15.452941443152875
5.983333,0.960773,2.38726,47.06422863077069,15.452941482399387
5.9916670000000005,0.956384,2.389986,47.06422859134363,15.45294151834898
6.0,0.952036,2.393078,47.06422855228488,15.45294155912526
6.008333,0.947764,2.395783,47.06422851390885,15.452941594797911
6.016667,0.943505,2.398714,47.0642284756496,15.452941633450978
6.025,0.939269,2.401832,47.06422843759697,15.452941674570138
6.033333000000001,0.935137,2.404623,47.06422840047858,15.452941711376928
6.041667,0.930888,2.407546,47.06422836230916,15.45294174992449
6.050000000000001,0.926341,2.410233,47.06422832146277,15.452941785359762
6.058332999999999,0.92191,2.412808,47.064228281658416,15.452941819318015
6.066667000000001,0.917314,2.415458,47.06422824037185,15.452941854265347
6.074999999999999,0.912667,2.418185,47.064228198627134,15.452941890228129
6.083333,0.908095,2.420843,47.06422815755616,15.452941925280957
6.091667,0.902693,2.423228,47.06422810902917,15.452941956733554
6.1,0.8979330000000001,2.425974,47.064228066269365,15.4529419929469
6.108333,0.893081,2.428448,47.0642280226831,15.4529420255732
6.1166670000000005,0.888252,2.430967,47.06422797930346,15.452942058792946
6.125,0.883569,2.433695,47.06422793723536,15.452942094768911
6.133333,0.878822,2.436333,47.064227894592335,15.452942129557988
6.141667,0.8740680000000001,2.438975,47.06422785188643,15.452942164399817
6.15,0.8693649999999999,2.441534,47.06422780963866,15.452942198147063
6.158333000000001,0.864587,2.443977,47.06422776671716,15.452942230364547
6.166667,0.860166,2.446582,47.06422772700264,15.452942264718432
6.175000000000001,0.855279,2.448804,47.064227683101976,15.452942294021438
6.183332999999999,0.850526,2.451359,47.06422764040505,15.45294232771594
6.191667000000001,0.846022,2.453508,47.06422759994493,15.452942356056246
6.199999999999999,0.841265,2.455814,47.06422755721207,15.452942386467017
6.208333,0.836311,2.4581,47.06422751270953,15.452942416614032
6.216667,0.8312590000000001,2.460255,47.064227467326646,15.452942445033466
6.225,0.826341,2.462898,47.0642274231475,15.45294247988848
6.233333,0.822032,2.465819,47.06422738443909,15.452942518409667
6.2416670000000005,0.817169,2.468126,47.06422734075402,15.452942548833626
6.25,0.812203,2.47051,47.06422729614368,15.452942580273032
6.258333,0.806929,2.472681,47.064227248766535,15.452942608903468
6.266667,0.801923,2.474946,47.06422720379687,15.45294263877354
6.275,0.7969930000000001,2.477147,47.06422715950992,15.452942667799604
6.283333000000001,0.791757,2.479334,47.064227112474136,15.452942696641044
6.291667,0.7869360000000001,2.481557,47.06422706916636,15.452942725957238
6.300000000000001,0.7821990000000001,2.483695,47.06422702661316,15.45294275415248
6.308332999999999,0.7767540000000001,2.485748,47.064226977699896,15.452942781226769
6.316667000000001,0.7720360000000001,2.487933,47.06422693531738,15.452942810041831
6.324999999999999,0.7665690000000001,2.490031,47.06422688620648,15.452942837709566
6.333333,0.7617750000000001,2.492183,47.064226843141256,15.452942866089431
6.341667,0.7568280000000001,2.494276,47.0642267987016,15.452942893691228
6.35,0.7517630000000001,2.496552,47.06422675320193,15.452942923706368
6.358333,0.7468370000000001,2.498681,47.06422670895092,15.45294295178292
6.3666670000000005,0.741811,2.500822,47.064226663801584,15.452942980017724
6.375,0.736846,2.502892,47.06422661920024,15.452943007316202
6.383333,0.7315780000000001,2.50491,47.064226571876986,15.45294303392892
6.391667,0.726622,2.507084,47.06422652735648,15.45294306259892
6.4,0.7214750000000001,2.509193,47.06422648112019,15.452943090411718
6.408333000000001,0.716349,2.511157,47.06422643507254,15.452943116312303
6.416667,0.7114940000000001,2.513358,47.064226391459336,15.452943145338368
6.425000000000001,0.706385,2.51562,47.06422634556441,15.45294317516888
6.433332999999999,0.7015,2.518025,47.06422630168171,15.452943206885228
6.441667000000001,0.696532,2.520475,47.0642262570534,15.452943239195022
6.449999999999999,0.691598,2.522908,47.06422621273053,15.452943271280626
6.458333,0.6864260000000001,2.525324,47.064226166269655,15.45294330314204
6.466667,0.6815060000000001,2.527766,47.06422612207254,15.452943335346331
6.475,0.676276,2.53018,47.06422607509065,15.45294336718137
6.483333,0.6708500000000001,2.532544,47.06422602634807,15.452943398357023
6.4916670000000005,0.6658280000000001,2.53484,47.06422598123467,15.452943428635916
6.5,0.6604450000000001,2.537273,47.06422593287836,15.45294346072152
6.508333,0.6553180000000001,2.539634,47.06422588682173,15.452943491857612
6.516667,0.6497740000000001,2.541981,47.06422583701913,15.452943522809075
6.525,0.644831,2.54448,47.06422579261541,15.452943555765064
6.533333000000001,0.639773,2.547055,47.06422574717863,15.452943589723317
6.541667,0.6344080000000001,2.54957,47.06422569898401,15.452943622890308
6.550000000000001,0.6290870000000001,2.552048,47.06422565118466,15.452943655569356
6.558332999999999,0.623581,2.554589,47.064225601723415,15.452943689079229
6.566667000000001,0.618533,2.557431,47.064225556376456,15.452943726558589
6.574999999999999,0.612936,2.559985,47.06422550609776,15.4529437602399
6.583333,0.607788,2.562787,47.06422545985249,15.452943797191752
6.591667,0.6026100000000001,2.565423,47.06422541333772,15.452943831954451
6.6,0.597006,2.568054,47.064225362996126,15.452943866651214
6.608333,0.5918650000000001,2.570618,47.06422531681373,15.452943900464405
6.6166670000000005,0.5865360000000001,2.573571,47.06422526894252,15.452943939407596
6.625,0.5809610000000001,2.576347,47.06422521886144,15.452943976016568
6.633333,0.5752970000000001,2.579133,47.06422516798086,15.45294401275742
6.641667,0.570214,2.582267,47.06422512231949,15.45294405408758
6.65,0.564598,2.584928,47.064225071870105,15.452944089179972
6.658333000000001,0.559223,2.587967,47.06422502358566,15.452944129257302
6.666667,0.554018,2.591165,47.06422497682835,15.452944171431474
6.675000000000001,0.5484100000000001,2.593868,47.064224926450834,15.452944207077747
6.683332999999999,0.542369,2.596887,47.0642248721836,15.452944246891326
6.691667000000001,0.5367740000000001,2.599838,47.06422482192286,15.452944285808142
6.699999999999999,0.531699,2.602943,47.06422477633336,15.452944326755858
6.708333,0.525831,2.605721,47.06422472362022,15.45294436339121
6.716667,0.519877,2.608896,47.064224670134536,15.452944405262064
6.725,0.51414,2.611887,47.06422461859819,15.452944444706386
6.733333,0.508754,2.615113,47.064224570214925,15.452944487249807
6.7416670000000005,0.502996,2.618288,47.06422451848994,15.452944529120664
6.75,0.4968560000000001,2.621267,47.06422446333338,15.452944568406735
6.758333,0.491035,2.624424,47.064224411042446,15.452944610040213
6.766667,0.484995,2.627733,47.06422435678421,15.452944653678214
6.775,0.47926,2.631029,47.064224305265824,15.452944697144774
6.783333000000001,0.473294,2.634484,47.064224251672336,15.452944742708176
6.791667,0.467252,2.638065,47.06422419739612,15.452944789933223
6.800000000000001,0.461132,2.64147,47.06422414241923,15.452944834837243
6.808332999999999,0.455265,2.644685,47.06422408971508,15.452944877235606
6.816667000000001,0.448961,2.648061,47.06422403308528,15.45294492175718
6.824999999999999,0.4429160000000001,2.651729,47.06422397878213,15.452944970129558
6.833333,0.436813,2.655063,47.06422392395794,15.45294501409725
6.841667,0.430336,2.658333,47.06422386577406,15.45294505722093
6.85,0.424138,2.661583,47.06422381009648,15.452945100080855
6.858333,0.41784,2.664809,47.06422375352059,15.45294514262428
6.8666670000000005,0.411532,2.667961,47.06422369685485,15.45294518419182
6.875,0.405217,2.671172,47.06422364012624,15.452945226537429
6.883333,0.3988400000000001,2.674553,47.06422358284068,15.45294527112494
6.891667,0.392455,2.677891,47.06422352548325,15.452945315145383
6.9,0.386001,2.68125,47.064223467505975,15.45294535944277
6.908333000000001,0.3797520000000001,2.684489,47.06422341137026,15.452945402157637
6.916667,0.373359,2.687866,47.06422335394096,15.452945446692398
6.925000000000001,0.367058,2.69127,47.06422329733812,15.452945491583227
6.933332999999999,0.360732,2.69467,47.06422324051069,15.452945536421309
6.941667000000001,0.354402,2.69818,47.064223183647336,15.452945582710027
6.949999999999999,0.348178,2.7016,47.0642231277362,15.45294562781186
6.958333,0.341974,2.705137,47.06422307200472,15.452945674456652
6.966667,0.335852,2.708554,47.06422301700985,15.452945719518922
6.975,0.329754,2.712127,47.06422296223059,15.452945766638468
6.983333,0.323742,2.715829,47.06422290822387,15.452945815459222
6.9916670000000005,0.317567,2.719384,47.064222852752906,15.45294586234139
7.0,0.311561,2.722922,47.06422279880009,15.452945908999366
7.008333,0.305481,2.726591,47.06422274418252,15.452945957384928
7.016667,0.299536,2.73013,47.06422269077768,15.452946004056091
7.025,0.293553,2.733579,47.06422263703147,15.452946049540364
7.033333000000001,0.2874299999999999,2.737106,47.064222582027625,15.452946096053276
7.041667,0.281556,2.740407,47.06422252926059,15.452946139585777
7.050000000000001,0.27554,2.743831,47.06422247521794,15.45294618474036
7.058332999999999,0.269224,2.746988,47.06422241848035,15.452946226373834
7.066667000000001,0.263205,2.750119,47.06422236441075,15.452946267664426
7.074999999999999,0.25706,2.753476,47.064222309209285,15.452946311935436
7.083333,0.2512379999999999,2.756612,47.06422225690937,15.452946353291969
7.091667,0.24562,2.759856,47.06422220644202,15.45294639607277
7.1,0.239785,2.763058,47.06422215402532,15.45294643829969
7.108333,0.233771,2.766217,47.06422210000064,15.45294647995954
7.1166670000000005,0.227513,2.769379,47.06422204378407,15.452946521658951
7.125,0.221658,2.772527,47.06422199118771,15.452946563173738
7.133333,0.21556,2.775595,47.06422193640845,15.45294660363351
7.141667,0.209613,2.778801,47.06422188298564,15.45294664591318
7.15,0.204223,2.782345,47.06422183456644,15.452946692650285
7.158333000000001,0.198285,2.785509,47.06422178122448,15.45294673437607
7.166667,0.192262,2.788716,47.06422172711895,15.452946776668924
7.175000000000001,0.186344,2.792001,47.06422167395665,15.45294681999042
7.183332999999999,0.180121,2.795096,47.06422161805449,15.45294686080626
7.191667000000001,0.174149,2.798378,47.06422156440711,15.452946904088192
7.199999999999999,0.168095,2.801621,47.064221510023096,15.452946946855809
7.208333,0.162488,2.804771,47.06422145965456,15.452946988396969
7.216666999999998,0.156099,2.807816,47.0642214022612,15.452947028553425
7.225,0.149888,2.810875,47.06422134646683,15.452947068894506
7.233333,0.143801,2.813906,47.06422129178638,15.452947108866333
7.241666999999999,0.137397,2.816938,47.06422123425827,15.452947148851347
7.25,0.131103,2.820025,47.0642211777183,15.452947189561684
7.2583329999999995,0.124764,2.823109,47.0642211207741,15.452947230232455
7.266667,0.118443,2.826296,47.0642210639916,15.45294727226156
7.275,0.111976,2.82951,47.06422100589754,15.45294731464673
7.283333,0.105524,2.832558,47.06422094793824,15.452947354842747
7.291667,0.099258,2.835927,47.0642208916498,15.45294739927201
7.300000000000001,0.09258,2.839256,47.06422083166031,15.45294744317376
7.308332999999999,0.08609,2.842627,47.06422077335965,15.452947487629396
7.316667000000001,0.079656,2.845841,47.06422071556204,15.452947530014564
7.324999999999999,0.073215,2.848958,47.064220657701554,15.45294757112053
7.333333,0.066617,2.852198,47.06422059843071,15.45294761384858
7.341666999999998,0.05979,2.855405,47.06422053710273,15.452947656141436
7.35,0.053302,2.858585,47.064220478820026,15.452947698078225
7.358333,0.046206,2.861891,47.064220415075575,15.45294774167666
7.366666999999999,0.039564,2.865093,47.06422035540948,15.452947783903578
7.375,0.03255,2.868522,47.06422029240164,15.452947829124096
7.3833329999999995,0.0259,2.871741,47.06422023266367,15.452947871575208
7.391667,0.018657,2.875162,47.0642201675987,15.452947916690222
7.4,0.011673,2.87826,47.06422010486036,15.45294795754562
7.408333,0.004879,2.881591,47.06422004382882,15.452948001473748
7.416667,-0.0023679999999999,2.884891,47.06421997872791,15.452948044993056
7.425000000000001,-0.0094409999999999,2.888157,47.06421991519007,15.452948088063986
7.433332999999999,-0.0163869999999999,2.891363,47.06421985279309,15.452948130343652
7.441667000000001,-0.0236379999999999,2.89473,47.06421978765625,15.452948174746536
7.449999999999999,-0.0310829999999999,2.89809,47.06421972077668,15.452948219057106
7.458333,-0.0385559999999999,2.901337,47.06421965364557,15.452948261877468
7.466666999999998,-0.0460089999999999,2.904678,47.06421958669413,15.452948305937472
7.475,-0.0532519999999999,2.908027,47.06421952162916,15.452948350102975
7.483333,-0.0610979999999999,2.911187,47.06421945114734,15.452948391776012
7.491666999999999,-0.0686919999999999,2.914296,47.06421938292928,15.452948432776475
7.5,-0.0761159999999999,2.917459,47.06421931623835,15.452948474489077
7.5083329999999995,-0.083645,2.920744,47.06421924860419,15.452948517810569
7.516667,-0.0912859999999999,2.923901,47.06421917996392,15.452948559444035
7.525,-0.0988149999999999,2.927065,47.064219112329766,15.452948601169822
7.533333,-0.1060709999999999,2.930259,47.064219047148,15.452948643291238
7.541667,-0.1138059999999999,2.933402,47.06421897766332,15.452948684740084
7.550000000000001,-0.1213399999999999,2.936876,47.06421890998424,15.452948730554048
7.558332999999999,-0.1288969999999999,2.939979,47.06421884209856,15.452948771475384
7.566667000000001,-0.136676,2.943367,47.0642187722186,15.452948816155205
7.574999999999999,-0.144282,2.946807,47.06421870389275,15.452948861520786
7.583333,-0.152134,2.950238,47.06421863335703,15.45294890676768
7.591666999999998,-0.1599539999999999,2.953625,47.06421856310877,15.452948951434314
7.6,-0.167316,2.956881,47.0642184969748,15.452948994373363
7.608333,-0.175223,2.960287,47.064218425945015,15.452949039290566
7.616666999999999,-0.182836,2.963628,47.06421835755627,15.452949083350568
7.625,-0.190485,2.966913,47.06421828884413,15.45294912667206
7.6333329999999995,-0.1983339999999999,2.970223,47.06421821833536,15.452949170323246
7.641667,-0.205834,2.973698,47.06421815096172,15.452949216150394
7.65,-0.213314,2.976915,47.06421808376773,15.452949258575126
7.658333,-0.220856,2.980143,47.0642180160168,15.45294930114492
7.666667,-0.2283199999999999,2.983488,47.064217948966544,15.452949345257672
7.675000000000001,-0.2358569999999999,2.986766,47.06421788126052,15.452949388486854
7.683332999999999,-0.2432949999999999,2.990144,47.06421781444382,15.4529494330348
7.691667000000001,-0.250758,2.993356,47.06421774740255,15.452949475393591
7.699999999999999,-0.2579519999999999,2.996537,47.06421768277775,15.452949517343567
7.708333,-0.2653609999999999,2.999832,47.064217616221576,15.452949560796934
7.716666999999998,-0.2729859999999999,3.003169,47.06421754772504,15.452949604804186
7.725,-0.280377,3.00636,47.06421748133055,15.452949646886038
7.733333,-0.287409,3.009916,47.06421741816102,15.45294969378139
7.741666999999999,-0.295068,3.013132,47.064217349359055,15.452949736192933
7.75,-0.3023369999999999,3.016415,47.06421728406052,15.452949779488048
7.7583329999999995,-0.309511,3.019851,47.06421721961538,15.45294982480088
7.766667,-0.316663,3.023161,47.06421715536787,15.452949868452064
7.775,-0.323816,3.026341,47.06421709111138,15.452949910388847
7.783333,-0.330858,3.029355,47.06421702785202,15.452949950136482
7.791667,-0.337844,3.032404,47.06421696509571,15.452949990345685
7.800000000000001,-0.345064,3.03542,47.06421690023735,15.452950030119696
7.808332999999999,-0.351866,3.038585,47.06421683913394,15.452950071858668
7.816667000000001,-0.3586669999999999,3.041618,47.06421677803952,15.452950111856865
7.824999999999999,-0.365486,3.044536,47.0642167167834,15.452950150338484
7.833333,-0.3722459999999999,3.047458,47.06421665605728,15.452950188872848
7.841666999999998,-0.3785239999999999,3.050478,47.06421659966105,15.452950228699608
7.85,-0.3851789999999999,3.053363,47.06421653987817,15.452950266746033
7.858333,-0.3916769999999999,3.05647,47.06421648150564,15.45295030772012
7.866666999999999,-0.398008,3.059496,47.0642164246333,15.452950347626006
7.875,-0.404313,3.06272,47.064216367994526,15.45295039014305
7.8833329999999995,-0.41076,3.06572,47.06421631008013,15.452950429706055
7.891667,-0.4170819999999999,3.068656,47.06421625328864,15.45295046842505
7.9,-0.423096,3.07183,47.06421619926396,15.45295051028271
7.908333,-0.4291079999999999,3.075184,47.06421614525725,15.45295055451415
7.916667,-0.4352399999999999,3.078323,47.06421609017255,15.452950595910243
7.925000000000001,-0.4415519999999999,3.081511,47.064216033470885,15.45295063795253
7.933332999999999,-0.447607,3.084528,47.0642159790779,15.452950677739723
7.941667000000001,-0.4535319999999999,3.087683,47.06421592585272,15.45295071934682
7.949999999999999,-0.4592619999999999,3.090827,47.06421587437925,15.452950760808848
7.958333,-0.4651029999999999,3.094042,47.064215821908654,15.452950803207202
7.966666999999998,-0.471032,3.097242,47.06421576864754,15.452950845407738
7.975,-0.476707,3.10081,47.06421571766815,15.452950892461338
7.983333,-0.482121,3.104046,47.06421566903336,15.452950935136634
7.991666999999999,-0.4878409999999999,3.107496,47.06421561764972,15.45295098063409
8.0,-0.4933929999999999,3.110674,47.064215567775264,15.452951022544502
8.008333,-0.499348,3.11403,47.06421551428058,15.452951066802315
8.016667,-0.504976,3.11723,47.0642154637234,15.452951109002855
8.025,-0.510184,3.120527,47.06421541693914,15.452951152482596
8.033332999999999,-0.5155,3.12386,47.0642153691847,15.452951196437096
8.041667,-0.520719,3.127289,47.06421532230163,15.452951241657612
8.05,-0.526111,3.130536,47.06421527386447,15.452951284477969
8.058333,-0.531585,3.133979,47.06421522469069,15.45295132988311
8.066667,-0.536862,3.137512,47.06421517728659,15.45295137647514
8.075,-0.542199,3.140769,47.0642151293435,15.452951419427375
8.083333,-0.547364,3.144239,47.06421508294552,15.452951465188589
8.091667,-0.552646,3.147759,47.0642150354965,15.45295151160918
8.1,-0.5578029999999999,3.151142,47.06421498917038,15.452951556223065
8.108333,-0.562946,3.15466,47.064214942970025,15.45295160261728
8.116666999999998,-0.568288,3.158041,47.06421489498202,15.452951647204786
8.125,-0.573542,3.161427,47.06421484778453,15.452951691858232
8.133333,-0.5787289999999999,3.165046,47.06421480118892,15.4529517395844
8.141667,-0.584244,3.168449,47.06421475164683,15.452951784462035
8.15,-0.589323,3.171879,47.0642147060214,15.452951829695738
8.158332999999999,-0.594667,3.175105,47.06421465801543,15.452951872239156
8.166667,-0.5999289999999999,3.178089,47.06421461074608,15.452951911591157
8.175,-0.605033,3.181561,47.06421456489607,15.45295195737874
8.183333,-0.610351,3.184964,47.06421451712366,15.452952002256374
8.191667,-0.615402,3.188478,47.06421447174975,15.452952048597838
8.2,-0.620371,3.19188,47.06421442711247,15.452952093462285
8.208333,-0.62567,3.195957,47.06421437951074,15.452952147228409
8.216667,-0.630656,3.199907,47.06421433472074,15.452952199319697
8.225,-0.635763,3.203658,47.06421428884377,15.45295224878664
8.233333,-0.640624,3.207182,47.064214245176665,15.452952295259983
8.241667,-0.6457269999999999,3.210457,47.06421419933564,15.452952338449595
8.25,-0.65076,3.213765,47.06421415412343,15.452952382074404
8.258333,-0.655793,3.21718,47.06421410891122,15.452952427110288
8.266667,-0.6607099999999999,3.221017,47.06421406474106,15.45295247771137
8.275,-0.665785,3.224524,47.06421401915156,15.452952523960525
8.283333,-0.6709729999999999,3.228088,47.06421397254696,15.452952570961369
8.291667,-0.675828,3.231102,47.06421392893375,15.452952610709
8.3,-0.6809449999999999,3.234214,47.06421388296695,15.452952651749024
8.308333,-0.686066,3.237967,47.06421383696423,15.45295270124234
8.316667,-0.691141,3.241073,47.064213791374726,15.452952742203236
8.325,-0.6959369999999999,3.24463,47.06421374829153,15.452952789111771
8.333333,-0.7012149999999999,3.248491,47.06421370087845,15.452952840029358
8.341667,-0.706143,3.252054,47.06421365660947,15.45295288701702
8.35,-0.7114349999999999,3.255453,47.06421360907062,15.452952931841905
8.358333,-0.716267,3.259196,47.064213565664026,15.452952981203344
8.366667,-0.7212449999999999,3.262227,47.06421352094589,15.452953021175166
8.375,-0.725999,3.26555,47.06421347823999,15.452953064997788
8.383333,-0.731336,3.269056,47.064213430296896,15.452953111233748
8.391667,-0.7361749999999999,3.27234,47.06421338682743,15.452953154542048
8.4,-0.741062,3.275445,47.06421334292676,15.452953195489757
8.408333,-0.745876,3.278407,47.06421329968186,15.452953234551629
8.416667,-0.7507459999999999,3.281485,47.0642132559339,15.452953275143267
8.425,-0.755431,3.284659,47.06421321384783,15.452953317000926
8.433333,-0.760359,3.287397,47.06421316957885,15.452953353108764
8.441667,-0.765085,3.289871,47.06421312712448,15.45295338573505
8.45,-0.7697499999999999,3.292251,47.064213085218064,15.4529534171217
8.458333,-0.774605,3.295254,47.06421304160485,15.452953456724265
8.466667,-0.7793629999999999,3.298044,47.06421299886301,15.452953493517857
8.475,-0.7837839999999999,3.300744,47.06421295914849,15.45295352912456
8.483333,-0.788509,3.303072,47.0642129167031,15.452953559825447
8.491667,-0.7930609999999999,3.305366,47.06421287581178,15.45295359007796
8.5,-0.797555,3.307677,47.064212835441495,15.452953620554664
8.508333,-0.802075,3.310026,47.06421279483765,15.452953651532496
8.516667,-0.806469,3.312291,47.06421275536567,15.452953681402564
8.525,-0.810712,3.314555,47.06421271725015,15.452953711259442
8.533333,-0.814967,3.316661,47.06421267902684,15.452953739032669
8.541667,-0.819237,3.318583,47.06421264066877,15.452953764379364
8.55,-0.823158,3.320701,47.06421260544583,15.452953792310842
8.558333,-0.8273769999999999,3.322588,47.06421256754591,15.45295381719597
8.566667,-0.83127,3.324617,47.064212532574494,15.452953843953749
8.575,-0.83526,3.326581,47.06421249673171,15.452953869854326
8.583333,-0.839102,3.328645,47.06421246221844,15.452953897073671
8.591667,-0.8431839999999999,3.330416,47.06421242554921,15.452953920429032
8.6,-0.8475189999999999,3.331928,47.06421238660724,15.452953940368786
8.608333,-0.8515739999999999,3.333568,47.06421235018056,15.45295396199656
8.616667,-0.855548,3.335091,47.06421231448151,15.45295398208138
8.625,-0.859792,3.336207,47.06421227635701,15.452953996798817
8.633333,-0.8640629999999999,3.337065,47.06421223798996,15.452954008113837
8.641667,-0.8679239999999999,3.338404,47.06421220330601,15.45295402577212
8.65,-0.871799,3.339489,47.0642121684963,15.45295404008074
8.658333,-0.875792,3.339948,47.064212132626565,15.45295404613388
8.666667,-0.8794909999999999,3.341559,47.064212099397885,15.452954067379212
8.675,-0.883594,3.342282,47.06421206254001,15.452954076913894
8.683333,-0.887563,3.343131,47.06421202688588,15.452954088110223
8.691667,-0.891276,3.344325,47.06421199353143,15.452954103856298
8.7,-0.895258,3.346173,47.06421195776051,15.452954128227107
8.708333,-0.8993319999999999,3.347,47.06421192116315,15.452954139133308
8.716667,-0.903039,3.348088,47.064211887862605,15.45295415348149
8.725,-0.906744,3.348542,47.06421185458002,15.45295415946869
8.733333,-0.910612,3.34908,47.06421181983318,15.452954166563655
8.741667,-0.914189,3.349974,47.06421178770045,15.45295417835343
8.75,-0.917778,3.350031,47.06421175545991,15.452954179105124
8.758333,-0.921505,3.350163,47.0642117219797,15.452954180845898
8.766667,-0.924861,3.350717,47.06421169183224,15.452954188151864
8.775,-0.92853,3.350622,47.064211658873056,15.452954186899037
8.783333,-0.932118,3.350705,47.0642116266415,15.452954187993612
8.791667,-0.935319,3.350864,47.064211597886434,15.45295419009045
8.8,-0.938871,3.350819,47.06421156597828,15.452954189497008
8.808333,-0.942531,3.3505,47.064211533099936,15.45295418529014
8.816667,-0.945924,3.350434,47.0642115026201,15.452954184419754
8.825,-0.949473,3.350071,47.06421147073888,15.45295417963263
8.833333,-0.953116,3.349718,47.06421143801326,15.452954174977384
8.841667,-0.956771,3.349007,47.06421140517983,15.452954165600952
8.85,-0.960235,3.348696,47.06421137406219,15.452954161499587
8.858333,-0.96387,3.347835,47.06421134140842,15.452954150145008
8.866667,-0.967609,3.347125,47.06421130782042,15.452954140781763
8.875,-0.971245,3.346191,47.06421127515768,15.452954128464484
8.883333,-0.974311,3.345468,47.06421124761533,15.4529541189298
8.891667,-0.977743,3.344603,47.064211216785154,15.452954107522467
8.9,-0.981018,3.343627,47.06421118736533,15.452954094651304
8.908333,-0.98443,3.342507,47.06421115671481,15.452954079881115
8.916667,-0.987844,3.341645,47.06421112604632,15.452954068513346
8.925,-0.991516,3.340024,47.06421109306019,15.45295404713614
8.933333,-0.995236,3.338717,47.06421105964286,15.452954029899855
8.941667,-0.998341,3.33753,47.06421103175017,15.452954014246096
8.95,-1.001645,3.336103,47.06421100206983,15.452953995427295
8.958333,-1.00502,3.334413,47.06421097175169,15.452953973140136
8.966667,-1.008426,3.332684,47.06421094115508,15.45295395033866
8.975,-1.011741,3.33074,47.06421091137592,15.452953924701834
8.983333,-1.014617,3.327585,47.06421088554037,15.452953883094745
8.991667,-1.017822,3.325088,47.06421085674936,15.45295385016514
9.0,-1.021179,3.323015,47.06421082659293,15.452953822827103
9.008333,-1.024517,3.320807,47.06421079660716,15.452953793708732
9.016667,-1.027672,3.318646,47.06421076826531,15.452953765210186
9.025,-1.030878,3.316422,47.06421073946533,15.452953735880817
9.033333,-1.034147,3.314214,47.0642107100994,15.452953706762443
9.041667,-1.037557,3.311794,47.064210679466846,15.452953674848292
9.05,-1.040752,3.309177,47.06421065076567,15.452953640336167
9.058333000000001,-1.04412,3.306469,47.06421062051041,15.452953604623962
9.066666999999999,-1.047337,3.303837,47.06421059161161,15.452953569914024
9.075,-1.050523,3.301108,47.064210562991285,15.45295353392488
9.083333,-1.053572,3.298435,47.06421053560165,15.452953498674244
9.091667,-1.056845,3.29517,47.06421050619979,15.452953455616512
9.1,-1.06009,3.292264,47.06421047704946,15.45295341729315
9.108333,-1.06323,3.289189,47.06421044884236,15.452953376741076
9.116667,-1.066439,3.286241,47.06421042001542,15.452953337863832
9.125,-1.069518,3.28313,47.06421039235629,15.452953296836998
9.133333,-1.072598,3.27997,47.064210364688186,15.452953255163973
9.141667,-1.075676,3.27684,47.06421033703804,15.452953213886572
9.15,-1.078821,3.273581,47.06421030878602,15.452953170907968
9.158333,-1.082024,3.270225,47.064210280012986,15.452953126650158
9.166667,-1.084952,3.266645,47.06421025371032,15.45295307943831
9.175,-1.088292,3.263057,47.06421022370658,15.45295303212096
9.183333000000001,-1.091499,3.259519,47.06421019489761,15.452952985462996
9.191666999999999,-1.094786,3.255936,47.06421016536999,15.452952938211585
9.2,-1.097946,3.252521,47.06421013698324,15.452952893175702
9.208333,-1.101011,3.248847,47.06421010944987,15.452952844724214
9.216667,-1.104185,3.244854,47.06421008093734,15.45295279206586
9.225,-1.107186,3.241098,47.0642100539789,15.452952742532982
9.233333,-1.110274,3.237552,47.064210026238925,15.452952695769516
9.241667,-1.113392,3.233531,47.06420999822945,15.452952642741906
9.25,-1.116422,3.229562,47.0642099710105,15.452952590400054
9.258333,-1.119492,3.225758,47.06420994343223,15.45295254023417
9.266667,-1.122679,3.221927,47.06420991480292,15.452952489712215
9.275,-1.125733,3.217964,47.06420988736837,15.452952437449492
9.283333,-1.1288,3.213933,47.06420985981704,15.452952384290006
9.291667,-1.132126,3.209888,47.064209829939074,15.452952330945893
9.3,-1.135285,3.206028,47.06420980156129,15.4529522800415
9.308333000000001,-1.138579,3.201721,47.06420977197079,15.45295222324222
9.316666999999999,-1.141799,3.197859,47.06420974304503,15.45295217231145
9.325,-1.144724,3.193654,47.06420971676931,15.452952116857311
9.333333,-1.148015,3.189118,47.06420968720576,15.452952057038056
9.341667,-1.151128,3.185339,47.0642096592412,15.452952007201862
9.35,-1.154368,3.180994,47.064209630135785,15.45295194990145
9.358333,-1.157801,3.176648,47.06420959929663,15.45295189258785
9.366667,-1.160912,3.172656,47.06420957135004,15.45295183994268
9.375,-1.164249,3.168463,47.06420954137326,15.452951784646794
9.383333,-1.167514,3.164496,47.06420951204327,15.45295173233132
9.391667,-1.170499,3.16042,47.06420948522856,15.45295167857839
9.4,-1.173705,3.155714,47.06420945642857,15.452951616517227
9.408333,-1.176982,3.151303,47.06420942699079,15.45295155834643
9.416667,-1.180013,3.147272,47.06420939976285,15.452951505186943
9.425,-1.1831589999999998,3.142641,47.06420937150185,15.45295144411486
9.433333000000001,-1.186241,3.138163,47.064209343815776,15.452951385060484
9.441666999999999,-1.189353,3.133508,47.0642093158602,15.452951323671895
9.45,-1.192186,3.128969,47.06420929041093,15.45295126381308
9.458333,-1.195175,3.12429,47.064209263560286,15.452951202107986
9.466667,-1.198259,3.119716,47.06420923585624,15.4529511417876
9.475,-1.201274,3.115004,47.064209208772034,15.452951079647317
9.483333,-1.204258,3.110577,47.06420918196631,15.452951021265514
9.491667,-1.207208,3.105738,47.06420915546601,15.452950957450394
9.5,-1.210216,3.101236,47.06420912844469,15.452950898079518
9.508333,-1.212981,3.096458,47.064209103606274,15.452950835068846
9.516667,-1.216057,3.092206,47.0642090759741,15.452950778994888
9.525,-1.218751,3.087795,47.06420905177348,15.452950720824088
9.533333,-1.221301,3.082786,47.06420902886644,15.452950654767063
9.541667,-1.223904,3.077965,47.0642090054833,15.452950591189325
9.55,-1.22649,3.072951,47.06420898225287,15.45295052506636
9.558333000000001,-1.228971,3.068278,47.06420895996566,15.452950463440397
9.566666999999999,-1.231689,3.063658,47.06420893554945,15.452950402513377
9.575,-1.234174,3.058888,47.06420891322632,15.452950339608204
9.583333,-1.236718,3.054148,47.06420889037317,15.452950277098664
9.591667,-1.23913,3.049267,47.06420886870581,15.452950212729665
9.6,-1.241618,3.044626,47.06420884635573,15.452950151525704
9.608333,-1.24401,3.039711,47.06420882486803,15.45295008670832
9.616667,-1.246411,3.035028,47.06420880329948,15.45295002495048
9.625,-1.24882,3.030328,47.06420878165906,15.452949962968448
9.633333,-1.251231,3.025551,47.06420876000068,15.452949899970962
9.641667,-1.253777,3.020628,47.064208737129576,15.45294983504808
9.65,-1.256265,3.015763,47.06420871477949,15.45294977089008
9.658333,-1.258852,3.01087,47.06420869154008,15.452949706362828
9.666667,-1.261388,3.006085,47.0642086687588,15.452949643259844
9.675,-1.264016,3.001184,47.06420864515108,15.45294957862709
9.683333000000001,-1.266643,2.996381,47.06420862155233,15.452949515286727
9.691666999999999,-1.269286,2.991447,47.06420859780986,15.45294945021878
9.7,-1.271911,2.986475,47.064208574229085,15.452949384649704
9.708333,-1.274555,2.981555,47.06420855047763,15.452949319766384
9.716667,-1.27733,2.976583,47.06420852554938,15.452949254197303
9.725,-1.28007,2.971845,47.06420850093554,15.452949191714142
9.733333,-1.283027,2.966651,47.06420847437236,15.4529491232174
9.741667,-1.285618,2.961689,47.064208451097,15.4529490577802
9.75,-1.288501,2.956619,47.06420842519857,15.452948990918728
9.758333,-1.291202,2.951672,47.06420840093508,15.452948925679342
9.766667,-1.293965,2.946597,47.06420837611463,15.452948858751936
9.775,-1.296934,2.941449,47.064208349443646,15.452948790861829
9.783333,-1.299751,2.936451,47.06420832413811,15.45294872494987
9.791667,-1.302589,2.931158,47.06420829864392,15.452948655147551
9.8,-1.305485,2.926174,47.064208272628704,15.45294858942022
9.808333000000001,-1.30842,2.920893,47.06420824626315,15.452948519776152
9.816666999999999,-1.311231,2.915636,47.06420822101151,15.452948450448591
9.825,-1.314092,2.910465,47.06420819531071,15.452948382255167
9.833333,-1.316948,2.905217,47.06420816965482,15.452948313046294
9.841667,-1.319772,2.899833,47.0642081442864,15.452948242043895
9.85,-1.322764,2.894521,47.0642081174088,15.452948171991013
9.858333,-1.325617,2.889036,47.06420809177986,15.452948099656664
9.866667,-1.328528,2.883545,47.06420806562991,15.452948027243188
9.875,-1.33164,2.877973,47.06420803767433,15.452947953761509
9.883333,-1.334618,2.8723,47.0642080109225,15.452947878947878
9.891667,-1.337766,2.866596,47.06420798264353,15.45294780372543
9.9,-1.341064,2.860845,47.06420795301709,15.452947727883158
9.908333,-1.344312,2.855007,47.06420792383981,15.45294765089356
9.916667,-1.347421,2.849189,47.06420789591119,15.452947574167718
9.925,-1.350525,2.843171,47.06420786802748,15.45294749480434
9.933333000000001,-1.353902,2.837297,47.06420783769138,15.452947417339988
9.941666999999999,-1.357252,2.831188,47.06420780759781,15.452947336776536
9.95,-1.360551,2.825053,47.06420777796239,15.452947255870203
9.958333,-1.3639,2.818938,47.06420774787781,15.452947175227624
9.966667,-1.367375,2.812804,47.06420771666135,15.452947094334478
9.975,-1.370821,2.806557,47.064207685705405,15.452947011951126
9.983333,-1.374491,2.800401,47.06420765273723,15.452946930767853
9.991667,-1.378206,2.794132,47.06420761936482,15.452946848094372
10.0,-1.381929,2.787836,47.06420758592054,15.452946765064825
10.008333,-1.38571,2.781562,47.06420755195524,15.452946682325404
10.016667,-1.389641,2.775165,47.06420751664246,15.4529465979639
10.025,-1.393587,2.768865,47.06420748119494,15.452946514881605
10.033333,-1.39763,2.762407,47.06420744487605,15.452946429715658
10.041667,-1.401718,2.75596,47.064207408152924,15.452946344694771
10.05,-1.405909,2.749508,47.06420737050453,15.452946259607948
10.058333000000001,-1.410224,2.743085,47.064207331742224,15.45294617490357
10.066666999999999,-1.414462,2.736684,47.06420729367162,15.452946090489316
10.075,-1.418659,2.730192,47.06420725596933,15.452946004874986
10.083333,-1.422758,2.723907,47.06420721914738,15.452945921990503
10.091667,-1.427018,2.717348,47.06420718087916,15.4529458354926
10.1,-1.431313,2.711242,47.06420714229652,15.45294575496871
10.108333,-1.435435,2.704621,47.064207105267954,15.452945667653172
10.116667,-1.439513,2.698287,47.06420706863466,15.452945584122492
10.125,-1.443578,2.691968,47.06420703211814,15.452945500789628
10.133333,-1.44773,2.685777,47.06420699482009,15.452945419144786
10.141667,-1.451835,2.679388,47.06420695794425,15.452945334888788
10.15,-1.455963,2.673132,47.06420692086179,15.452945252386746
10.158333,-1.460024,2.666936,47.064206884381214,15.452945170675966
10.166667,-1.464196,2.660601,47.064206846903495,15.4529450871321
10.175,-1.468378,2.654388,47.06420680933595,15.452945005197131
10.183333000000001,-1.472533,2.648127,47.06420677201095,15.452944922629152
10.191666999999999,-1.476738,2.641902,47.06420673423679,15.452944840535933
10.2,-1.481065,2.635781,47.06420669536669,15.452944759814226
10.208333,-1.485089,2.629412,47.064206659218485,15.45294467582198
10.216667,-1.489325,2.623199,47.06420662116585,15.452944593887011
10.225,-1.493706,2.616835,47.064206581810666,15.452944509960703
10.233333,-1.497859,2.610497,47.06420654450363,15.452944426377275
10.241667,-1.501979,2.604313,47.06420650749304,15.452944344824749
10.25,-1.506172,2.598022,47.06420646982668,15.45294426186114
10.258333,-1.510222,2.591988,47.06420643344491,15.452944182286764
10.266667,-1.514218,2.585718,47.06420639754823,15.452944099600096
10.275,-1.518376,2.579451,47.06420636019628,15.452944016952992
10.283333,-1.522558,2.573121,47.064206322628735,15.452943933475066
10.291667,-1.526691,2.566893,47.06420628550136,15.452943851342283
10.3,-1.530626,2.560684,47.06420625015266,15.452943769460065
10.308333000000001,-1.53455,2.55441,47.06420621490277,15.452943686720646
10.316666999999999,-1.538492,2.548193,47.06420617949118,15.452943604732928
10.325,-1.542487,2.541787,47.064206143603485,15.45294352025274
10.333333,-1.546411,2.53559,47.0642061083536,15.452943438528772
10.341667,-1.550077,2.529328,47.06420607542135,15.452943355947609
10.35,-1.55394,2.522938,47.06420604071944,15.45294327167842
10.358333,-1.557816,2.516614,47.06420600590073,15.452943188279622
10.366667,-1.561611,2.510244,47.06420597180966,15.452943104274189
10.375,-1.565406,2.503876,47.0642059377186,15.45294302029513
10.383333,-1.569227,2.497562,47.06420590339397,15.45294293702821
10.391667,-1.573007,2.491173,47.06420586943764,15.452942852772212
10.4,-1.576689,2.484908,47.06420583636168,15.452942770151482
10.408333,-1.580312,2.478582,47.06420580381572,15.45294268672631
10.416667,-1.584082,2.472316,47.064205769949226,15.452942604092396
10.425,-1.587532,2.465951,47.06420573895735,15.4529425201529
10.433333000000001,-1.591147,2.459751,47.06420570648325,15.452942438389371
10.441666999999999,-1.594758,2.453564,47.06420567404509,15.452942356797283
10.45,-1.598469,2.44724,47.0642056407086,15.452942273398484
10.458333,-1.601843,2.441145,47.06420561039945,15.452942193019664
10.466667,-1.605264,2.434826,47.06420557966808,15.4529421096868
10.475,-1.608609,2.428469,47.06420554961943,15.452942025852808
10.483333,-1.611957,2.422169,47.06420551954383,15.452941942770517
10.491667,-1.615268,2.415794,47.06420548980061,15.452941858699145
10.5,-1.618506,2.40955,47.06420546071316,15.45294177635536
10.508333,-1.621893,2.403296,47.06420543028723,15.452941693879698
10.516667,-1.625171,2.397112,47.06420540084045,15.452941612327171
10.525,-1.628464,2.390722,47.06420537125893,15.452941528057988
10.533333,-1.631651,2.384383,47.06420534262962,15.452941444461372
10.541667,-1.635023,2.377998,47.06420531233843,15.452941360258128
10.55,-1.638303,2.371607,47.064205282873694,15.452941275975755
10.558333000000001,-1.641522,2.365105,47.06420525395692,15.452941190229554
10.566666999999999,-1.644751,2.358479,47.06420522495032,15.45294110284808
10.575,-1.648018,2.35185,47.06420519560236,15.452941015427042
10.583333,-1.651227,2.345145,47.06420516677542,15.45294092700374
10.591667,-1.654405,2.338446,47.06420513822696,15.45294083865957
10.6,-1.657604,2.331802,47.064205109489855,15.452940751040718
10.608333,-1.660707,2.325075,47.06420508161513,15.45294066232729
10.616667,-1.664098,2.318072,47.06420505115326,15.452940569974068
10.625,-1.667285,2.311211,47.06420502252396,15.452940479493492
10.633333,-1.670538,2.304445,47.06420499330176,15.452940390265749
10.641667,-1.673801,2.297508,47.06420496398973,15.45294029878291
10.65,-1.676997,2.290537,47.06420493527957,15.452940206851691
10.658333,-1.680095,2.28356,47.06420490744976,15.452940114841349
10.666667,-1.683327,2.276597,47.06420487841621,15.452940023015636
10.675,-1.686601,2.269383,47.06420484900537,15.452939927879816
10.683333000000001,-1.689835,2.262368,47.06420481995385,15.45293983536834
10.691666999999999,-1.69295,2.255462,47.064204791971335,15.45293974429432
10.7,-1.695993,2.248203,47.0642047646356,15.452939648565058
10.708333,-1.699068,2.240994,47.0642047370124,15.452939553495176
10.716667,-1.702214,2.233668,47.06420470875141,15.45293945688234
10.725,-1.705443,2.226253,47.064204679744805,15.4529393590958
10.733333,-1.708727,2.218977,47.06420465024413,15.452939263142344
10.741667,-1.71196,2.21171,47.0642046212016,15.452939167307578
10.75,-1.71517,2.204134,47.06420459236568,15.452939067397825
10.758333,-1.718407,2.196825,47.06420456328721,15.452938971009177
10.766667,-1.72174,2.189362,47.06420453334636,15.452938872589629
10.775,-1.72504,2.182139,47.06420450370196,15.45293877733512
10.783333,-1.728514,2.174443,47.06420447249448,15.452938675842844
10.791667,-1.731714,2.16714,47.0642044437484,15.452938579533322
10.8,-1.734907,2.159949,47.064204415065184,15.45293848470082
10.808333000000001,-1.738354,2.15261,47.06420438410026,15.45293838791654
10.816666999999999,-1.741821,2.145161,47.06420435295567,15.45293828968162
10.825,-1.745089,2.137893,47.06420432359872,15.452938193833669
10.833333,-1.748595,2.13069,47.06420429210379,15.452938098842914
10.841667,-1.751882,2.12356,47.06420426257617,15.452938004814856
10.85,-1.755149,2.116506,47.06420423322821,15.452937911789066
10.858333,-1.75845,2.109525,47.064204203574825,15.452937819725976
10.866667,-1.761758,2.102176,47.06420417385855,15.45293772280982
10.875,-1.764948,2.095141,47.0642041452023,15.452937630034592
10.883333,-1.768224,2.088144,47.064204115773485,15.452937537760496
10.891667,-1.771443,2.081118,47.06420408685672,15.452937445103956
10.9,-1.774726,2.074237,47.06420405736503,15.45293735435963
10.908333,-1.777905,2.067153,47.06420402880758,15.452937260938208
10.916667,-1.78092,2.060462,47.064204001723375,15.45293717269954
10.925,-1.784128,2.053594,47.06420397290542,15.45293708212665
10.933333000000001,-1.787407,2.046272,47.06420394344966,15.452936985566565
10.941666999999999,-1.790549,2.039576,47.0642039152246,15.452936897261957
10.95,-1.793772,2.032642,47.06420388627189,15.452936805818682
10.958333,-1.796936,2.026014,47.06420385784919,15.452936718410836
10.966667,-1.800183,2.01919,47.064203828680895,15.452936628418207
10.975,-1.803161,2.012683,47.06420380192907,15.45293654260607
10.983333,-1.806342,2.005846,47.06420377335366,15.452936452442
10.991667,-1.809399,1.999285,47.06420374589216,15.452936365917727
11.0,-1.812418,1.992812,47.06420371877202,15.452936280553969
11.008333,-1.815496,1.986244,47.06420369112188,15.45293619393738
11.016667,-1.818611,1.979573,47.06420366313936,15.452936105962465
11.025,-1.82147,1.973232,47.06420363745652,15.45293602233948
11.033333,-1.824516,1.966684,47.06420361009384,15.452935935986648
11.041667,-1.82751,1.960073,47.064203583198285,15.45293584880299
11.05,-1.830445,1.953874,47.06420355683273,15.452935767052654
11.058333000000001,-1.833458,1.947476,47.064203529766495,15.452935682677971
11.066666999999999,-1.836581,1.941039,47.0642035017121,15.452935597788969
11.075,-1.839583,1.93466,47.06420347474467,15.452935513664851
11.083333,-1.842488,1.928271,47.06420344864862,15.45293542940886
11.091667,-1.845559,1.922019,47.06420342106136,15.452935346959574
11.1,-1.848688,1.915745,47.06420339295308,15.45293526422016
11.108333,-1.851601,1.909603,47.06420336678515,15.452935183221522
11.116667,-1.854683,1.903382,47.06420333909907,15.452935101181057
11.125,-1.85773,1.897289,47.06420331172741,15.452935020828612
11.133333,-1.860861,1.891222,47.06420328360115,15.452934940819045
11.141667,-1.863903,1.88532,47.0642032562744,15.452934862985446
11.15,-1.867018,1.879222,47.06420322829188,15.452934782567064
11.158333,-1.870288,1.873239,47.06420319891697,15.452934703665264
11.166667,-1.873431,1.867327,47.06420317068292,15.452934625699786
11.175,-1.876026,1.860994,47.06420314737164,15.4529345421823
11.183333000000001,-1.878974,1.854985,47.064203120889296,15.45293446293762
11.191666999999999,-1.882084,1.84909,47.06420309295169,15.452934385196333
11.2,-1.885223,1.8431,47.06420306475358,15.45293430620222
11.208333,-1.888319,1.837197,47.06420303694174,15.452934228355431
11.216667,-1.891409,1.831416,47.0642030091838,15.452934152117535
11.225,-1.894612,1.825641,47.06420298041076,15.45293407595877
11.233333,-1.897712,1.819893,47.06420295256299,15.452934000156072
11.241667,-1.900805,1.814179,47.06420292477809,15.452933924801751
11.25,-1.904019,1.808532,47.06420289590624,15.452933850331007
11.258333,-1.907093,1.802985,47.06420286829202,15.452933777179028
11.266667,-1.910294,1.79738,47.06420283953696,15.452933703262168
11.275,-1.913427,1.791775,47.06420281139273,15.452933629345305
11.283333,-1.916706,1.785941,47.06420278193698,15.452933552408464
11.291667,-1.919792,1.780278,47.06420275421497,15.452933477726717
11.3,-1.922836,1.774676,47.06420272687025,15.452933403849414
11.308333000000001,-1.925937,1.769094,47.0642026990135,15.452933330235869
11.316666999999999,-1.929142,1.763442,47.06420267022249,15.452933255699184
11.325,-1.932269,1.757925,47.06420264213217,15.452933182942834
11.333333,-1.93533,1.752478,47.064202614634745,15.45293311110962
11.341667,-1.938495,1.747046,47.064202586203066,15.452933039474225
11.35,-1.94168,1.741541,47.06420255759172,15.452932966876126
11.358333,-1.944801,1.736136,47.0642025295553,15.452932895596796
11.366667,-1.947875,1.730866,47.06420250194109,15.4529328260978
11.375,-1.950958,1.725469,47.06420247424603,15.452932754923973
11.383333,-1.95396,1.720104,47.0642024472786,15.452932684172149
11.391667,-1.957076,1.714594,47.0642024192871,15.452932611508114
11.4,-1.959997,1.709254,47.06420239304731,15.452932541085984
11.408333,-1.96303,1.703949,47.06420236580141,15.452932471125422
11.416667,-1.966099,1.698628,47.06420233823211,15.452932400953856
11.425,-1.969065,1.693252,47.06420231158808,15.452932330056967
11.433333000000001,-1.972037,1.687883,47.06420228489015,15.452932259252393
11.441666999999999,-1.975141,1.68251,47.06420225700644,15.45293218839507
11.45,-1.978185,1.677188,47.06420222966173,15.452932118210317
11.458333,-1.981309,1.67182,47.06420220159836,15.45293204741893
11.466667,-1.9843,1.666553,47.06420217472975,15.4529319779595
11.475,-1.987235,1.661245,47.0642021483642,15.452931907959377
11.483333,-1.990241,1.65599,47.06420212136084,15.452931838658197
11.491667,-1.993437,1.65056,47.06420209265069,15.452931767049174
11.5,-1.99627,1.645242,47.06420206720141,15.45293169691717
11.508333,-1.999116,1.639969,47.06420204163536,15.452931627378614
11.516667,-2.001791,1.634733,47.06420201760543,15.452931558327998
11.525,-2.004664,1.629285,47.06420199179683,15.4529314864816
11.533333,-2.007448,1.623903,47.06420196678773,15.452931415505589
11.541667,-2.0100860000000003,1.61873,47.064201943090175,15.452931347285798
11.55,-2.012996,1.613298,47.0642019169492,15.452931275650403
11.558333000000001,-2.015711,1.60794,47.064201892559936,15.452931204990897
11.566666999999999,-2.0184070000000003,1.60277,47.06420186834136,15.452931136810667
11.575,-2.0214570000000003,1.597213,47.06420184094274,15.452931063526814
11.583333,-2.0241510000000003,1.591972,47.06420181674213,15.452930994410265
11.591667,-2.026944,1.58664,47.06420179165219,15.452930924093634
11.6,-2.0296030000000003,1.581519,47.06420176776599,15.452930856559604
11.608333,-2.032325,1.576295,47.064201743313845,15.452930787667244
11.616667,-2.035106,1.571062,47.06420171833169,15.452930718656194
11.625,-2.037612,1.566115,47.06420169581991,15.452930653416816
11.633333,-2.040153,1.560936,47.06420167299372,15.4529305851179
11.641667,-2.042622,1.555899,47.06420165081431,15.45293051869163
11.65,-2.045277,1.550793,47.06420162696404,15.452930451355414
11.658333,-2.047686,1.545905,47.06420160532362,15.452930386894106
11.666667,-2.050239,1.54088,47.06420158238963,15.452930320626091
11.675,-2.052609,1.536086,47.06420156109956,15.452930257404423
11.683333000000001,-2.055062,1.531233,47.06420153906389,15.452930193404688
11.691666999999999,-2.058424,1.526726,47.06420150886253,15.45293013396788
11.7,-2.060763,1.521714,47.06420148785093,15.452930067871304
11.708333,-2.063,1.516936,47.06420146775562,15.452930004860642
11.716667,-2.065151,1.512023,47.06420144843286,15.452929940069646
11.725,-2.0671500000000003,1.506983,47.06420143047554,15.452929873603814
11.733333,-2.069347,1.502469,47.06420141073956,15.452929814074697
11.741667,-2.071294,1.497327,47.06420139324936,15.452929746263724
11.75,-2.07348,1.492735,47.064201373612185,15.452929685705966
11.758333,-2.075344,1.487788,47.06420135686759,15.452929620466586
11.766667,-2.0771580000000003,1.482931,47.06420134057215,15.452929556414098
11.775,-2.07912,1.478256,47.0642013229472,15.452929494761763
11.783333,-2.080836,1.473248,47.06420130753211,15.45292942871794
11.791667,-2.082652,1.468741,47.0642012912187,15.452929369281131
11.8,-2.084524,1.464341,47.06420127440224,15.452929311255408
11.808333000000001,-2.086255,1.459154,47.06420125885239,15.452929242850988
11.816666999999999,-2.0879410000000003,1.454587,47.0642012437068,15.452929182622924
11.825,-2.0893420000000003,1.449878,47.0642012311214,15.45292912052221
11.833333,-2.090789,1.445087,47.064201218122776,15.452929057340109
11.841667,-2.092407,1.440418,47.064201203588034,15.452928995766902
11.85,-2.093546,1.435641,47.06420119335623,15.452928932769426
11.858333,-2.094459,1.430824,47.0642011851546,15.452928869244444
11.866667,-2.095569,1.426299,47.06420117518331,15.45292880957026
11.875,-2.096618,1.421545,47.064201165759975,15.452928746876102
11.883333,-2.097621,1.416784,47.064201156749874,15.452928684089631
11.891667,-2.098218,1.412347,47.06420115138693,15.452928625575964
11.9,-2.099073,1.407709,47.064201143706335,15.452928564411572
11.908333,-2.100321,1.40323,47.06420113249536,15.452928505344024
11.916667,-2.101327,1.398688,47.06420112345831,15.452928445445648
11.925,-2.101888,1.393902,47.064201118418765,15.452928382329484
11.933333000000001,-2.10236,1.389399,47.06420111417872,15.45292832294543
11.941666999999999,-2.102922,1.384621,47.06420110913018,15.452928259934769
11.95,-2.103041,1.379812,47.064201108061184,15.452928196515288
11.958333,-2.103109,1.375181,47.06420110745033,15.452928135443212
11.966667,-2.104036,1.370718,47.06420109912294,15.452928076586662
11.975,-2.1042810000000003,1.36574,47.06420109692207,15.452928010938468
11.983333,-2.104329,1.361035,47.06420109649088,15.452927948890505
11.991667,-2.104099,1.356548,47.064201098557,15.452927889717452
12.0,-2.103816,1.352111,47.06420110109923,15.452927831203784
12.008333,-2.103967,1.347657,47.064201099742775,15.452927772465928
12.016667,-2.103883,1.343222,47.06420110049736,15.452927713978632
12.025,-2.103361,1.338697,47.06420110518657,15.45292765430445
12.033333,-2.103043,1.334502,47.06420110804321,15.452927598982196
12.041667,-2.103036,1.330245,47.06420110810609,15.452927542842309
12.05,-2.102723,1.325823,47.06420111091781,15.452927484526452
12.058333000000001,-2.102312,1.321408,47.06420111460989,15.452927426302914
12.066666999999999,-2.101421,1.317058,47.06420112261387,15.452927368936573
12.075,-2.101047,1.312742,47.064201125973575,15.452927312018613
12.083333,-2.100318,1.308361,47.06420113252229,15.452927254243452
12.091667,-2.1001,1.304233,47.06420113448061,15.452927199804773
12.1,-2.099157,1.299862,47.06420114295173,15.45292714216149
12.108333,-2.09834,1.295505,47.06420115029097,15.452927084702836
12.116667,-2.097575,1.291217,47.06420115716308,15.452927028154129
12.125,-2.09651,1.286888,47.064201166730136,15.452926971064729
12.133333,-2.09547,1.282423,47.064201176072615,15.452926912181804
12.141667,-2.094363,1.27813,47.06420118601696,15.45292685556716
12.15,-2.0933040000000003,1.273712,47.06420119553013,15.452926797304055
12.158333,-2.092267,1.269164,47.064201204845645,15.452926737326557
12.166667,-2.091392,1.265019,47.0642012127059,15.452926682663684
12.175,-2.0899840000000003,1.260865,47.06420122535418,15.452926627882126
12.183333000000001,-2.088812,1.256567,47.06420123588244,15.452926571201544
12.191666999999999,-2.087515,1.25187,47.06420124753358,15.452926509259084
12.2,-2.085957,1.247603,47.06420126152933,15.452926452987318
12.208333,-2.084426,1.243325,47.06420127528254,15.45292639657049
12.216667,-2.083175,1.239005,47.06420128652047,15.452926339599776
12.225,-2.081379,1.234888,47.06420130265421,15.45292628530616
12.233333,-2.07964,1.230546,47.06420131827591,15.45292622804532
12.241667,-2.078068,1.226041,47.06420133239743,15.45292616863489
12.25,-2.076468,1.221703,47.06420134677048,15.4529261114268
12.258333,-2.074475,1.217356,47.0642013646739,15.452926054100022
12.266667,-2.0728180000000003,1.213064,47.06420137955899,15.452925997498564
12.275,-2.071006,1.208747,47.06420139583646,15.452925940567416
12.283333,-2.069063,1.204488,47.06420141329073,15.452925884401152
12.291667,-2.066803,1.200152,47.06420143359266,15.452925827219437
12.3,-2.065016,1.195886,47.06420144964555,15.45292577096086
12.308333000000001,-2.06284,1.191559,47.06420146919289,15.452925713897836
12.316666999999999,-2.060476,1.187352,47.06420149042906,15.45292565841733
12.325,-2.058071,1.183055,47.06420151203355,15.452925601749936
12.333333,-2.0559190000000003,1.178841,47.06420153136529,15.452925546177116
12.341667,-2.0531200000000003,1.174469,47.06420155650913,15.452925488520645
12.35,-2.050593,1.170243,47.06420157920956,15.45292543278957
12.358333,-2.048213,1.16599,47.06420160058946,15.452925376702431
12.366667,-2.045328,1.161694,47.064201626505856,15.452925320048225
12.375,-2.042534,1.157359,47.06420165160478,15.452925262879695
12.383333,-2.039677,1.153234,47.06420167726966,15.45292520848058
12.391667,-2.036725,1.149044,47.06420170378792,15.452925153224262
12.4,-2.033763,1.144487,47.06420173039603,15.452925093128073
12.408333,-2.031053,1.140269,47.06420175474037,15.452925037502505
12.416667,-2.028431,1.136202,47.0642017782942,15.452924983868268
12.425,-2.0249930000000003,1.132021,47.06420180917828,15.45292492873064
12.433333000000001,-2.021973,1.128024,47.0642018363074,15.452924876019544
12.441666999999999,-2.018716,1.124069,47.06420186556552,15.452924823862327
12.45,-2.015367,1.12028,47.0642018956501,15.452924773894267
12.458333,-2.01236,1.116269,47.06420192266245,15.45292472099854
12.466667,-2.009335,1.11239,47.06420194983648,15.452924669843588
12.475,-2.006327,1.108515,47.0642019768578,15.452924618741386
12.483333,-2.003321,1.104911,47.06420200386116,15.45292457121304
12.491667,-2.000089,1.101364,47.06420203289471,15.452924524436394
12.5,-1.996748,1.097875,47.06420206290742,15.45292447842463
12.508333,-1.993691,1.094318,47.06420209036892,15.452924431516104
12.516667,-1.990298,1.091166,47.06420212084876,15.452924389948585
12.525,-1.98694,1.087707,47.06420215101419,15.45292434433245
12.533333,-1.983758,1.084316,47.06420217959858,15.45292429961308
12.541667,-1.980065,1.08126,47.06420221277336,15.452924259311574
12.55,-1.976583,1.078012,47.0642022440527,15.452924216478038
12.558333000000001,-1.972927,1.075071,47.06420227689511,15.452924177693117
12.566666999999999,-1.969562,1.071941,47.064202307123416,15.452924136415724
12.575,-1.966037,1.068825,47.06420233878903,15.45292409532296
12.583333,-1.961921,1.066283,47.064202375763685,15.452924061799918
12.591667,-1.958443,1.063283,47.06420240700709,15.45292402223692
12.6,-1.954818,1.060449,47.06420243957102,15.452923984863078
12.608333,-1.951258,1.057638,47.06420247155105,15.452923947792552
12.616667,-1.947341,1.055174,47.064202506738056,15.452923915298143
12.625,-1.94357,1.052475,47.06420254061353,15.452923879704638
12.633333,-1.940047,1.049473,47.06420257226117,15.452923840115268
12.641667,-1.936242,1.046847,47.06420260644207,15.45292380548446
12.65,-1.932408,1.04419,47.06420264088348,15.452923770444832
12.658333,-1.928446,1.041618,47.06420267647473,15.452923736526158
12.666667,-1.924497,1.039331,47.0642027119492,15.452923706365969
12.675,-1.920514,1.036819,47.0642027477291,15.452923673238557
12.683333000000001,-1.91663,1.033771,47.06420278261966,15.452923633042552
12.691666999999999,-1.912256,1.031828,47.06420282191198,15.45292360741892
12.7,-1.908339,1.029256,47.06420285709898,15.452923573500245
12.708333,-1.904141,1.026644,47.064202894810265,15.452923539054064
12.716667,-1.899631,1.024259,47.06420293532428,15.452923507601485
12.725,-1.895693,1.021737,47.06420297069994,15.452923474342189
12.733333,-1.891642,1.019187,47.06420300709069,15.452923440713644
12.741667,-1.887418,1.016598,47.06420304503553,15.452923406570775
12.75,-1.883443,1.013946,47.06420308074356,15.45292337159709
12.758333,-1.879198,1.011324,47.064203118877046,15.452923337019032
12.766667,-1.875224,1.008524,47.06420315457609,15.452923300093568
12.775,-1.870685,1.006113,47.06420319535062,15.452923268298106
12.783333,-1.866578,1.00344,47.06420323224444,15.452923233047478
12.791667,-1.862106,1.000735,47.064203272417096,15.452923197374844
12.8,-1.857723,0.998126,47.06420331179025,15.452923162968228
12.808333000000001,-1.85341,0.99541,47.0642033505346,15.452923127150529
12.816666999999999,-1.848815,0.993145,47.064203391812185,15.452923097280468
12.825,-1.844449,0.990796,47.06420343103263,15.45292306630264
12.833333,-1.839829,0.988162,47.06420347253479,15.45292303156633
12.841667,-1.83559,0.985397,47.064203510614384,15.452922995102435
12.85,-1.831127,0.983,47.0642035507062,15.452922963491602
12.858333,-1.826837,0.980388,47.06420358924392,15.452922929045418
12.866667,-1.822264,0.977943,47.064203630323874,15.452922896801574
12.875,-1.817893,0.975255,47.06420366958923,15.452922861353128
12.883333,-1.813274,0.97278,47.06420371108242,15.452922828713657
12.891667,-1.80868,0.970459,47.06420375235103,15.452922798105083
12.9,-1.804141,0.967797,47.06420379312556,15.45292276299952
12.908333,-1.799475,0.96543,47.06420383504095,15.452922731784316
12.916667,-1.79495,0.962827,47.06420387568972,15.45292269745682
12.925,-1.790394,0.960374,47.06420391661696,15.45292266510748
12.933333000000001,-1.785673,0.958213,47.06420395902643,15.452922636608934
12.941666999999999,-1.781198,0.955833,47.06420399922604,15.452922605222293
12.95,-1.776435,0.953382,47.06420404201279,15.452922572899322
12.958333,-1.771857,0.950945,47.06420408313766,15.45292254076098
12.966667,-1.767289,0.948287,47.064204124172704,15.452922505708168
12.975,-1.76262,0.945663,47.06420416611505,15.452922471103731
12.983333,-1.757962,0.943196,47.06420420795857,15.452922438569765
12.991667,-1.753413,0.940504,47.06420424882293,15.452922403068566
13.0,-1.748624,0.938149,47.06420429184325,15.452922372011614
13.008333,-1.743982,0.935467,47.064204333543046,15.452922336642294
13.016667,-1.739262,0.932892,47.064204375943525,15.452922302684057
13.024999999999999,-1.73455,0.930362,47.06420441827215,15.45292226931926
13.033333,-1.729628,0.927851,47.064204462487226,15.452922236205032
13.041667,-1.724849,0.925459,47.064204505417706,15.452922204660137
13.05,-1.719888,0.922973,47.06420454998313,15.4529221718756
13.058333000000001,-1.714936,0.920271,47.0642045944677,15.452922136242524
13.066666999999999,-1.709964,0.917673,47.06420463913194,15.45292210198097
13.075,-1.704967,0.914833,47.06420468402076,15.452922064527998
13.083333,-1.699941,0.91199,47.064204729170086,15.452922027035465
13.091667,-1.694983,0.908717,47.06420477370856,15.452921983872232
13.100000000000001,-1.689894,0.905751,47.06420481942382,15.452921944757614
13.108333,-1.684697,0.90288,47.06420486610927,15.452921906895828
13.116667,-1.679551,0.899983,47.06420491233658,15.452921868691162
13.125,-1.674351,0.896914,47.06420495904897,15.452921828218214
13.133333,-1.669087,0.893718,47.06420500633629,15.452921786070435
13.141667,-1.663847,0.890557,47.064205053408,15.452921744384224
13.149999999999999,-1.658501,0.8871910000000001,47.06420510143194,15.452921699994544
13.158333,-1.653233,0.883718,47.06420514875519,15.45292165419378
13.166667,-1.647644,0.880109,47.06420519896203,15.452921606599496
13.175,-1.642092,0.876738,47.064205248836494,15.452921562143874
13.183333000000001,-1.6365889999999998,0.8734460000000001,47.06420529827079,15.45292151873008
13.191666999999999,-1.631233,0.8698330000000001,47.06420534638456,15.452921471083044
13.2,-1.625538,0.866062,47.06420539754361,15.452921421352354
13.208333,-1.620024,0.862306,47.06420544707672,15.45292137181948
13.216667,-1.614388,0.858668,47.06420549770576,15.452921323842752
13.225000000000001,-1.608707,0.8551850000000001,47.064205548739054,15.452921277910113
13.233333,-1.602974,0.851261,47.06420560023947,15.452921226161711
13.241667,-1.597306,0.8474470000000001,47.06420565115597,15.452921175863956
13.25,-1.591884,0.8435010000000001,47.06420569986263,15.452921123825426
13.258333,-1.586225,0.839379,47.06420575069829,15.452921069465866
13.266667,-1.580429,0.835731,47.06420580276465,15.45292102135726
13.274999999999999,-1.574822,0.83224,47.06420585313318,15.45292097531912
13.283333,-1.569168,0.828419,47.06420590392393,15.452920924929048
13.291667,-1.563562,0.8244940000000001,47.06420595428349,15.45292087316746
13.3,-1.557778,0.8208840000000001,47.064206006242046,15.452920825559984
13.308333000000001,-1.552309,0.8173630000000001,47.06420605537091,15.452920779126211
13.316666999999999,-1.546705,0.813253,47.0642061057125,15.452920724924905
13.325,-1.541073,0.8095180000000001,47.064206156305616,15.45292067566897
13.333333,-1.535479,0.8059810000000001,47.06420620655737,15.452920629024195
13.341667,-1.529831,0.8025140000000001,47.06420625729422,15.45292058330256
13.350000000000001,-1.52425,0.798925,47.0642063074292,15.452920535972025
13.358333,-1.518474,0.79503,47.06420635931588,15.452920484606066
13.366667,-1.512742,0.791581,47.06420641080732,15.452920439121806
13.375,-1.507166,0.788298,47.064206460897374,15.4529203958267
13.383333,-1.501491,0.784699,47.06420651187677,15.452920348364293
13.391667,-1.495881,0.7808240000000001,47.064206562272254,15.452920297262082
13.399999999999999,-1.490215,0.7772290000000001,47.0642066131708,15.452920249852424
13.408333,-1.484634,0.773819,47.064206663305775,15.45292020488248
13.416667,-1.479053,0.770421,47.06420671344075,15.452920160070793
13.425,-1.473416,0.766641,47.06420676407878,15.452920110221411
13.433333000000001,-1.467652,0.762911,47.06420681585767,15.45292006103142
13.441666999999999,-1.462118,0.759204,47.06420686557045,15.45292001214474
13.45,-1.456663,0.755572,47.064206914573546,15.452919964247137
13.458333,-1.45103,0.751708,47.06420696517564,15.452919913289994
13.466667,-1.445499,0.74811,47.06420701486146,15.452919865840771
13.475000000000001,-1.439873,0.744422,47.06420706540067,15.452919817204656
13.483333,-1.434009,0.741163,47.06420711807788,15.452919774226055
13.491667,-1.428359,0.737302,47.064207168832695,15.452919723308476
13.5,-1.422545,0.733801,47.06420722106074,15.452919677138455
13.508333,-1.41696,0.730554,47.06420727123165,15.452919634318103
13.516667,-1.411484,0.7269220000000001,47.0642073204234,15.4529195864205
13.524999999999999,-1.405788,0.723611,47.06420737159144,15.452919542756137
13.533333,-1.400088,0.719896,47.064207422795405,15.452919493763956
13.541667,-1.394451,0.7167180000000001,47.06420747343344,15.452919451853552
13.55,-1.3888,0.713091,47.06420752419724,15.452919404021888
13.558333000000001,-1.383134,0.709555,47.06420757509578,15.4529193573903
13.566666999999999,-1.377354,0.7060080000000001,47.064207627018405,15.452919310613646
13.575,-1.37171,0.702222,47.06420767771933,15.45291926068514
13.583333,-1.365929,0.699034,47.06420772965093,15.45291921864286
13.591667,-1.360591,0.6952900000000001,47.064207777603,15.452919169268238
13.600000000000001,-1.354971,0.692037,47.06420782808832,15.45291912636876
13.608333,-1.349125,0.6889660000000001,47.06420788060383,15.452919085869436
13.616667,-1.343613,0.685825,47.06420793011897,15.45291904444698
13.625,-1.337799,0.6825180000000001,47.06420798234701,15.452919000835363
13.633333,-1.332099,0.6795570000000001,47.06420803355099,15.452918961786684
13.641667,-1.326387,0.676446,47.06420808486276,15.452918920759856
13.649999999999999,-1.320392,0.673122,47.06420813871676,15.45291887692405
13.658333,-1.314615,0.6697420000000001,47.06420819061243,15.452918832349736
13.666667,-1.308716,0.6666300000000001,47.06420824360405,15.45291879130972
13.675,-1.303027,0.663366,47.06420829470921,15.452918748265176
13.683333000000001,-1.297138,0.6601830000000001,47.06420834761099,15.452918706288834
13.691666999999999,-1.291341,0.657216,47.06420839968633,15.452918667161027
13.7,-1.285173,0.653732,47.064208455094416,15.452918621215195
13.708333,-1.279212,0.650663,47.06420850864299,15.452918580742246
13.716667,-1.273179,0.6475000000000001,47.06420856283835,15.452918539029657
13.725000000000001,-1.26702,0.644726,47.06420861816559,15.452918502447067
13.733333,-1.261075,0.641641,47.064208671570434,15.452918461763115
13.741667,-1.254827,0.638125,47.06420872769717,15.45291841539528
13.75,-1.248736,0.634939,47.06420878241356,15.452918373379374
13.758333,-1.24259,0.632061,47.06420883762402,15.452918335425268
13.766667,-1.236595,0.6290600000000001,47.064208891478025,15.45291829584908
13.774999999999999,-1.23032,0.6259210000000001,47.064208947847305,15.452918254452992
13.783333,-1.224044,0.622784,47.064209004225575,15.45291821308328
13.791667,-1.21763,0.619429,47.06420906184351,15.45291816883866
13.8,-1.211109,0.616491,47.06420912042265,15.452918130093297
13.808333000000001,-1.204455,0.614155,47.06420918019655,15.452918099286906
13.816666999999999,-1.198105,0.610517,47.06420923723957,15.452918051310176
13.825,-1.191711,0.607224,47.06420929467785,15.452918007883191
13.833333,-1.185202,0.604292,47.0642093531492,15.452917969216951
13.841667,-1.178456,0.601054,47.064209413749545,15.452917926515289
13.850000000000001,-1.171773,0.5980000000000001,47.064209473783954,15.45291788624015
13.858333,-1.165014,0.594854,47.06420953450109,15.452917844751752
13.866667,-1.158168,0.591723,47.06420959599976,15.452917803461167
13.875,-1.151549,0.588601,47.06420965545925,15.452917762289273
13.883333,-1.1444,0.585277,47.0642097196798,15.452917718453469
13.891667,-1.13744,0.58201,47.06420978220255,15.45291767536936
13.899999999999999,-1.130671,0.578854,47.06420984300952,15.452917633749085
13.908333,-1.12361,0.575658,47.06420990643956,15.4529175916013
13.916667,-1.116463,0.572451,47.06420997064215,15.452917549308454
13.925,-1.109383,0.569206,47.06421003424288,15.452917506514476
13.933333000000001,-1.102259,0.5658960000000001,47.06421009823885,15.452917462863295
13.941666999999999,-1.094977,0.562582,47.064210163654174,15.452917419159368
13.95,-1.087805,0.559443,47.06421022808134,15.45291737776328
13.958333,-1.080588,0.556312,47.06421029291276,15.452917336472696
13.966667,-1.073321,0.5530970000000001,47.064210358193336,15.452917294074346
13.975000000000001,-1.066162,0.549844,47.06421042250373,15.452917251174869
13.983333,-1.058944,0.546683,47.06421048734412,15.45291720948865
13.991667,-1.051637,0.543429,47.06421055298402,15.452917166575984
14.0,-1.044412,0.540112,47.0642106178873,15.452917122832492
14.008333,-1.037146,0.537054,47.06421068315889,15.452917082504609
14.016667,-1.029687,0.5337430000000001,47.06421075016423,15.45291703884024
14.024999999999999,-1.022332,0.530583,47.06421081623532,15.452916997167216
14.033333,-1.014922,0.527217,47.06421088280048,15.452916952777526
14.041667,-1.00768,0.524074,47.06421094785647,15.452916911328687
14.05,-1.000412,0.520756,47.06421101314602,15.452916867572007
14.058333000000001,-0.993185,0.517498,47.06421107806728,15.45291682460659
14.066666999999999,-0.986017,0.514132,47.06421114245851,15.4529167802169
14.075,-0.97901,0.51093,47.06421120540346,15.45291673798999
14.083333,-0.971782,0.507536,47.06421127033369,15.452916693231046
14.091667,-0.964956,0.504517,47.06421133165269,15.452916653417478
14.100000000000001,-0.957988,0.501094,47.0642113942473,15.452916608276096
14.108333,-0.951105,0.497791,47.06421145607834,15.452916564717231
14.116667,-0.944155,0.494442,47.06421151851125,15.452916520551735
14.125,-0.937537,0.491199,47.06421157796176,15.452916477784129
14.133333,-0.930736,0.487931,47.06421163905618,15.45291643468683
14.141667,-0.924134,0.4847,47.06421169836295,15.452916392077478
14.149999999999999,-0.917643,0.481538,47.0642117566726,15.452916350378077
14.158333,-0.91119,0.478497,47.064211814640885,15.452916310274375
14.166667,-0.904669,0.4751890000000001,47.064211873220025,15.452916266649575
14.175,-0.898179,0.472223,47.06421193152069,15.452916227534956
14.183333000000001,-0.891797,0.469007,47.06421198885117,15.452916185123415
14.191666999999999,-0.885324,0.465794,47.06421204699912,15.45291614275144
14.2,-0.878886,0.462439,47.06421210483266,15.452916098506815
14.208333,-0.872504,0.459229,47.064212162163145,15.452916056174404
14.216667,-0.866313,0.456,47.06421221777784,15.452916013591429
14.225000000000001,-0.859852,0.452851,47.064212275818,15.452915972063462
14.233333,-0.8537399999999999,0.4496490000000001,47.064212330723024,15.45291592983655
14.241667,-0.847579,0.4464560000000001,47.06421238606824,15.452915887728327
14.25,-0.841368,0.443339,47.0642124418626,15.452915846622368
14.258333,-0.8352109999999999,0.439925,47.06421249717187,15.452915801599673
14.266667,-0.829079,0.436866,47.06421255225656,15.452915761258597
14.274999999999999,-0.8229789999999999,0.433507,47.0642126070538,15.45291571696122
14.283333,-0.81672,0.430226,47.06421266327935,15.452915673692484
14.291667,-0.8109099999999999,0.427057,47.06421271547147,15.452915631900764
14.3,-0.804796,0.423783,47.06421277039446,15.45291558872434
14.308333000000001,-0.79884,0.420473,47.06421282389813,15.452915545073164
14.316666999999999,-0.792836,0.4172169999999999,47.06421287783297,15.452915502134116
14.325,-0.7868499999999999,0.413954,47.06421293160613,15.452915459102757
14.333333,-0.7809269999999999,0.410721,47.06421298481334,15.452915416467023
14.341667,-0.774875,0.407532,47.06421303917938,15.452915374411551
14.350000000000001,-0.769011,0.404279,47.06421309185659,15.45291533151207
14.358333,-0.763176,0.4012599999999999,47.06421314427328,15.4529152916985
14.366667,-0.757382,0.397999,47.06421319632168,15.452915248693516
14.375,-0.751107,0.394694,47.06421325269096,15.45291520510827
14.383333,-0.745467,0.391398,47.06421330335594,15.452915161641716
14.391667,-0.739347,0.387961,47.06421335833284,15.4529151163157
14.399999999999999,-0.733722,0.384606,47.06421340886307,15.452915072071075
14.408333,-0.727687,0.381134,47.06421346307639,15.452915026283492
14.416667,-0.7217399999999999,0.377668,47.0642135164992,15.452914980575034
14.425,-0.715766,0.374218,47.06421357016456,15.45291493507758
14.433333000000001,-0.710132,0.37076,47.06421362077564,15.452914889474629
14.441666999999999,-0.704298,0.367427,47.06421367318335,15.45291484552013
14.45,-0.6985859999999999,0.364064,47.06421372449512,15.452914801170005
14.458333,-0.692584,0.360682,47.064213778412,15.45291475656931
14.466667,-0.6868409999999999,0.357239,47.064213830002245,15.45291471116417
14.475000000000001,-0.680879,0.353804,47.0642138835598,15.452914665864531
14.483333,-0.675184,0.350365,47.06421393471887,15.45291462051214
14.491667,-0.6691509999999999,0.346727,47.06421398891423,15.452914572535402
14.5,-0.6633049999999999,0.343323,47.064214041429736,15.45291452764458
14.508333,-0.6572739999999999,0.339584,47.064214095607134,15.45291447833589
14.516667,-0.6513289999999999,0.336168,47.06421414901198,15.452914433286816
14.524999999999999,-0.645458,0.33263,47.06421420175207,15.452914386628846
14.533333,-0.6395419999999999,0.3292,47.064214254896406,15.452914341395145
14.541667,-0.6337499999999999,0.325778,47.06421430692682,15.452914296266943
14.55,-0.627624,0.3223589999999999,47.06421436195762,15.452914251178306
14.558333000000001,-0.621685,0.318887,47.06421441530856,15.452914205390725
14.566666999999999,-0.61564,0.315443,47.06421446961172,15.452914159972396
14.575,-0.609787,0.312007,47.06421452219011,15.452914114659569
14.583333,-0.60388,0.308439,47.0642145752536,15.452914067605969
14.591667,-0.597803,0.304994,47.064214629844216,15.45291402217445
14.600000000000001,-0.591848,0.301508,47.06421468333889,15.45291397620224
14.608333,-0.585637,0.297944,47.064214739133256,15.452913929201388
14.616667,-0.5797059999999999,0.294415,47.064214792412336,15.452913882662108
14.625,-0.573717,0.290891,47.06421484621244,15.452913836188763
14.633333,-0.567605,0.287494,47.06421490111747,15.452913791390252
14.641667,-0.561576,0.283931,47.064214955276896,15.452913744402592
14.649999999999999,-0.555438,0.28054,47.06421501041549,15.452913699683211
14.658333,-0.549573,0.2770399999999999,47.064215063101685,15.452913653526371
14.666667,-0.543621,0.273498,47.06421511656941,15.452913606815653
14.675,-0.537704,0.270134,47.06421516972272,15.452913562452338
14.683333000000001,-0.531679,0.2666389999999999,47.06421522384623,15.452913516361438
14.691666999999999,-0.525674,0.263201,47.064215277790055,15.452913471022232
14.7,-0.51984,0.259671,47.06421533019777,15.452913424469765
14.708333,-0.513837,0.25622,47.06421538412364,15.452913378959122
14.716667,-0.508065,0.252803,47.06421543597439,15.452913333896856
14.725000000000001,-0.502105,0.249283,47.064215489513984,15.452913287476264
14.733333,-0.49637,0.245892,47.06421554103237,15.45291324275688
14.741667,-0.49056,0.242526,47.06421559322449,15.452913198367188
14.75,-0.484762,0.239276,47.064215645308806,15.452913155507268
14.758333,-0.4790099999999999,0.236021,47.0642156969799,15.452913112581408
14.766667,-0.4733039999999999,0.232811,47.06421574823777,15.452913070248991
14.774999999999999,-0.4675859999999999,0.229637,47.06421579960344,15.452913028391334
14.783333,-0.4619679999999999,0.226465,47.06421585007079,15.45291298656005
14.791667,-0.456314,0.223359,47.064215900861534,15.45291294559915
14.8,-0.450906,0.220273,47.06421594944243,15.452912904902009
14.808333000000001,-0.445335,0.21723,47.06421599948757,15.452912864771932
14.816666999999999,-0.43982,0.21414,47.06421604902966,15.452912824022034
14.825,-0.4343209999999999,0.211216,47.06421609842802,15.452912785461292
14.833333,-0.4288689999999999,0.2082949999999999,47.06421614740417,15.452912746940113
14.841667,-0.4235609999999999,0.205471,47.06421619508674,15.452912709698136
14.850000000000001,-0.418185,0.202811,47.064216243380166,15.452912674618936
14.858333,-0.4128469999999999,0.200177,47.06421629133224,15.452912639882616
14.866667,-0.407242,0.197879,47.064216341682815,15.452912609577352
14.875,-0.4018589999999999,0.195389,47.06421639003913,15.45291257674006
14.883333,-0.396621,0.1928049999999999,47.06421643709288,15.452912542663125
14.891667,-0.391417,0.190375,47.06421648384121,15.452912510617088
14.899999999999999,-0.386313,0.187739,47.06421652969122,15.452912475854395
14.908333,-0.381235,0.185362,47.06421657530767,15.452912444507303
14.916667,-0.376127,0.182847,47.064216621193616,15.45291241134032
14.925,-0.370998,0.180377,47.064216667268205,15.452912378766776
14.933333000000001,-0.365822,0.178119,47.064216713765,15.452912348989022
14.941666999999999,-0.360689,0.175786,47.06421675987553,15.45291231822219
14.95,-0.355616,0.173501,47.06421680544706,15.452912288088369
14.958333,-0.3506599999999999,0.171372,47.06421684996757,15.45291226001182
14.966667,-0.345697,0.169151,47.06421689455095,15.45291223072201
14.975000000000001,-0.340572,0.167004,47.06421694058961,15.452912202408086
14.983333,-0.335564,0.164849,47.06421698557724,15.45291217398866
14.991667,-0.330516,0.16288,47.0642170309242,15.45291214802214
15.0,-0.325702,0.160857,47.06421707416909,15.452912121343486
15.008333,-0.3210229999999999,0.158921,47.06421711620127,15.452912095812158
15.016667,-0.316073,0.15677,47.06421716066787,15.452912067445483
15.024999999999999,-0.311435,0.154803,47.06421720233173,15.45291204150534
15.033333,-0.306878,0.152676,47.064217243267954,15.45291201345517
15.041667,-0.3024799999999999,0.150817,47.06421728277586,15.452911988939292
15.05,-0.2981319999999999,0.149014,47.06421732183462,15.452911965161928
15.058333000000001,-0.293876,0.147152,47.06421736006691,15.452911940606487
15.066666999999999,-0.289683,0.145347,47.06421739773327,15.452911916802746
15.075,-0.2854719999999999,0.143568,47.064217435561325,15.452911893341884
15.083333,-0.2812829999999999,0.141729,47.06421747319175,15.45291186908976
15.091667,-0.2771639999999999,0.140039,47.06421751019336,15.452911846802598
15.100000000000001,-0.273123,0.138282,47.06421754649429,15.452911823631863
15.108333,-0.269041,0.136636,47.06421758316352,15.45291180192496
15.116667,-0.264977,0.134958,47.06421761967105,15.452911779796048
15.125,-0.2608709999999999,0.133325,47.06421765655588,15.452911758260589
15.133333,-0.256819,0.131788,47.06421769295561,15.45291173799114
15.141667,-0.2528439999999999,0.130194,47.06421772866364,15.452911716969997
15.149999999999999,-0.2488079999999999,0.128653,47.06421776491965,15.452911696647798
15.158333,-0.244925,0.127136,47.06421779980123,15.452911676642104
15.166667,-0.2410769999999999,0.125575,47.0642178343684,15.452911656056152
15.175,-0.237137,0.1239919999999999,47.06421786976202,15.452911635180072
15.183333000000001,-0.233253,0.122417,47.06421790465259,15.452911614409496
15.191666999999999,-0.2294469999999999,0.120955,47.06421793884247,15.452911595129123
15.2,-0.2255349999999999,0.119563,47.06421797398456,15.452911576771887
15.208333,-0.2218339999999999,0.118115,47.06421800723121,15.452911557676142
15.216667,-0.2179809999999999,0.116634,47.0642180418433,15.452911538145203
15.225000000000001,-0.214204,0.115226,47.064218075772665,15.452911519576968
15.233333,-0.2104349999999999,0.113895,47.06421810963017,15.45291150202418
15.241667,-0.206627,0.112628,47.06421814383801,15.452911485315402
15.25,-0.2027779999999999,0.111467,47.064218178414166,15.452911470004516
15.258333,-0.1990029999999999,0.110304,47.06421821232557,15.45291145466726
15.266667,-0.1953109999999999,0.109249,47.064218245491375,15.452911440754267
15.274999999999999,-0.191496,0.108316,47.0642182797621,15.452911428450172
15.283333,-0.187583,0.107376,47.06421831491318,15.452911416053764
15.291667,-0.1840359999999999,0.106374,47.06421834677642,15.45291140283972
15.3,-0.179994,0.105836,47.06421838308633,15.452911395744756
15.308333000000001,-0.1761479999999999,0.1050929999999999,47.06421841763554,15.45291138594632
15.316666999999999,-0.172263,0.104292,47.06421845253508,15.452911375382996
15.325,-0.1685579999999999,0.103592,47.06421848581766,15.452911366151628
15.333333,-0.1648599999999999,0.103071,47.06421851903736,15.452911359280854
15.341667,-0.161026,0.102432,47.06421855347877,15.452911350853933
15.350000000000001,-0.157243,0.101941,47.06421858746204,15.452911344378789
15.358333,-0.153443,0.101372,47.064218621598016,15.452911336875005
15.366667,-0.149661,0.10113,47.064218655572304,15.452911333683588
15.375,-0.1459079999999999,0.100758,47.06421868928607,15.452911328777777
15.383333,-0.141945,0.100442,47.06421872488631,15.452911324610472
15.391667,-0.1378569999999999,0.100273,47.06421876160944,15.452911322381755
15.399999999999999,-0.1338659999999999,0.100017,47.0642187974612,15.452911319005713
15.408333,-0.129909,0.099696,47.06421883300754,15.45291131477247
15.416667,-0.1258729999999999,0.099727,47.06421886926355,15.45291131518129
15.425,-0.121857,0.099655,47.06421890533989,15.452911314231777
15.433333000000001,-0.1179359999999999,0.099557,47.06421894056284,15.452911312939383
15.441666999999999,-0.113781,0.0997,47.06421897788784,15.45291131482522
15.45,-0.1098169999999999,0.099863,47.06421901349705,15.452911316974811
15.458333,-0.1058309999999999,0.099921,47.06421904930391,15.452911317739696
15.466667,-0.1018929999999999,0.100078,47.06421908467956,15.45291131981016
15.475000000000001,-0.0978339999999999,0.100637,47.06421912114218,15.452911327182068
15.483333,-0.0938879999999999,0.100951,47.0642191565897,15.452911331322996
15.491667,-0.0902109999999999,0.101412,47.06421918962075,15.452911337402512
15.5,-0.0863529999999999,0.101589,47.06421922427776,15.45291133973673
15.508333,-0.0823629999999999,0.102276,47.06421926012053,15.452911348796658
15.516667,-0.0784409999999999,0.102979,47.06421929535246,15.45291135806759
15.524999999999999,-0.0747869999999999,0.103035,47.0642193281769,15.452911358806098
15.533333,-0.0710249999999999,0.103574,47.06421936197152,15.452911365914254
15.541667,-0.0671339999999999,0.104477,47.06421939692497,15.452911377822716
15.55,-0.0633979999999999,0.1046209999999999,47.06421943048603,15.45291137972174
15.558333000000001,-0.0597699999999999,0.105004,47.06421946307691,15.452911384772618
15.566666999999999,-0.0560539999999999,0.105827,47.06421949645831,15.452911395626067
15.575,-0.0523419999999999,0.106637,47.064219529803765,15.45291140630808
15.583333,-0.0487299999999999,0.107215,47.06421956225091,15.452911413930552
15.591667,-0.0451749999999999,0.1078109999999999,47.06421959418602,15.452911421790404
15.600000000000001,-0.0415569999999999,0.108551,47.06421962668707,15.45291143154928
15.608333,-0.0380499999999999,0.109233,47.064219658190986,15.452911440543271
15.616667,-0.0345319999999999,0.1098669999999999,47.06421968979372,15.452911448904253
15.625,-0.0309109999999999,0.110673,47.06421972232171,15.452911459533514
15.633333,-0.0273639999999999,0.111653,47.06421975418496,15.452911472457432
15.641667,-0.0238489999999999,0.112455,47.064219785760734,15.452911483033942
15.649999999999999,-0.0203729999999999,0.113437,47.064219816986174,15.452911495984234
15.658333,-0.0169859999999999,0.114621,47.06421984741211,15.452911511598437
15.666667,-0.0135869999999999,0.115852,47.06421987794585,15.452911527832455
15.675,-0.0102909999999999,0.117257,47.064219907554325,15.45291154636113
15.683333000000001,-0.0068939999999999,0.118649,47.06421993807009,15.452911564718368
15.691666999999999,-0.0035769999999999,0.120039,47.0642199678672,15.452911583049229
15.7,-0.0003299999999999,0.121559,47.0642199970355,15.452911603094485
15.708333,0.002871,0.123083,47.06422002579057,15.452911623192492
15.716667,0.006194,0.124407,47.06422005564159,15.452911640652967
15.725000000000001,0.009475,0.126427,47.06422008511532,15.45291166729206
15.733333,0.012592,0.127915,47.0642201131158,15.452911686915312
15.741667,0.015891,0.129364,47.064220142751225,15.452911706024244
15.75,0.019214,0.130979,47.06422017260225,15.452911727322329
15.758333,0.022441,0.133414,47.06422020159088,15.452911759434304
15.766667,0.025672,0.13537,47.06422023061544,15.452911785229384
15.774999999999999,0.028938,0.137151,47.06422025995442,15.452911808716625
15.783333,0.032111,0.139132,47.06422028845796,15.452911834841396
15.791667,0.035312,0.141004,47.06422031721304,15.452911859528712
15.8,0.038696,0.142821,47.06422034761203,15.45291188349071
15.808333000000001,0.041639,0.14496,47.06422037404945,15.452911911699134
15.816666999999999,0.044774,0.147807,47.064220402211625,15.452911949244433
15.825,0.047471,0.149965,47.06422042643919,15.45291197770342
15.833333,0.050315,0.152762,47.06422045198728,15.452912014589332
15.841667,0.053023,0.155488,47.06422047631365,15.452912050538918
15.850000000000001,0.055703,0.157911,47.06422050038851,15.452912082492642
15.858333,0.05843,0.16086,47.06422052488556,15.452912121383076
15.866667,0.061027,0.164133,47.06422054821481,15.45291216454632
15.875,0.06352,0.167185,47.06422057060981,15.452912204795089
15.883333,0.066117,0.170372,47.064220593939055,15.45291224682419
15.891667,0.068667,0.173492,47.0642206168461,15.45291228796972
15.899999999999999,0.071143,0.176487,47.06422063908839,15.45291232746679
15.908333,0.073806,0.179254,47.06422066301052,15.45291236395707
15.916667,0.076398,0.18249,47.06422068629485,15.45291240663237
15.925,0.078853,0.185346,47.06422070834849,15.452912444296356
15.933333000000001,0.081446,0.1888109999999999,47.06422073164181,15.452912489991627
15.941666999999999,0.083971,0.1918359999999999,47.06422075432428,15.452912529884332
15.95,0.086142,0.19553,47.0642207738267,15.452912578599584
15.958333,0.08853,0.198306,47.06422079527846,15.452912615208554
15.966667,0.090778,0.202423,47.0642208154726,15.45291266950219
15.975000000000001,0.092907,0.205217,47.06422083459773,15.452912706348538
15.983333,0.094978,0.209339,47.06422085320183,15.452912760708111
15.991667,0.097078,0.213188,47.06422087206645,15.452912811467453
16.0,0.099379,0.216441,47.064220892736685,15.452912854366945
16.008333,0.101602,0.220454,47.06422091270624,15.45291290728906
16.016666999999998,0.1036,0.223989,47.06422093065458,15.452912953907472
16.025,0.105749,0.2277459999999999,47.06422094995938,15.452913003453546
16.033333,0.106997,0.233956,47.06422096117035,15.452913085348976
16.041667,0.109328,0.237084,47.06422098211008,15.452913126600004
16.05,0.110813,0.24199,47.064220995450064,15.45291319129871
16.058333,0.113185,0.2454539999999999,47.0642210167581,15.452913236980798
16.066667,0.115008,0.24996,47.06422103313439,15.452913296404438
16.075,0.116973,0.254251,47.06422105078628,15.452913352992727
16.083333,0.119108,0.257986,47.06422106996531,15.452913402248676
16.091667,0.120999,0.2621099999999999,47.06422108695245,15.452913456634626
16.1,0.122938,0.266621,47.06422110437078,15.452913516124203
16.108333000000002,0.124746,0.271448,47.06422112061232,15.452913579781084
16.116667,0.126555,0.275198,47.06422113686285,15.452913629234844
16.125,0.128449,0.279829,47.064221153876936,15.452913690306945
16.133333,0.130072,0.283825,47.06422116845659,15.45291374300487
16.141666999999998,0.131858,0.28801,47.06422118450051,15.452913798195269
16.15,0.133602,0.292316,47.064221200167125,15.452913854981372
16.158333,0.135386,0.29633,47.06422121619307,15.45291390791668
16.166667,0.136945,0.300726,47.0642212301978,15.452913965889678
16.175,0.138637,0.304969,47.0642212453973,15.45291402184496
16.183333,0.140328,0.30933,47.06422126058781,15.45291407935639
16.191667,0.141958,0.313446,47.06422127523035,15.45291413363684
16.2,0.14371,0.317717,47.06422129096884,15.452914189961378
16.208333,0.145376,0.32213,47.06422130593477,15.452914248158564
16.216667,0.147173,0.3262739999999999,47.0642213220775,15.452914302808264
16.225,0.148929,0.3305369999999999,47.06422133785192,15.452914359027302
16.233333000000002,0.150638,0.3346559999999999,47.064221353204125,15.452914413347315
16.241667,0.15223,0.339025,47.0642213675053,15.452914470964243
16.25,0.153731,0.343111,47.06422138098902,15.45291452484906
16.258333,0.155399,0.3473549999999999,47.06422139597292,15.452914580817533
16.266666999999998,0.157056,0.351747,47.064221410858,15.452914638737775
16.275,0.158821,0.355944,47.06422142671327,15.452914694086424
16.283333,0.160655,0.3603429999999999,47.064221443188366,15.452914752098986
16.291667,0.162562,0.364565,47.06422146031924,15.452914807777328
16.3,0.164647,0.368649,47.06422147904911,15.452914861635772
16.308333,0.166866,0.372772,47.06422149898273,15.452914916008536
16.316667,0.168806,0.377082,47.06422151641004,15.45291497284739
16.325,0.170811,0.381263,47.064221534421264,15.452915027985036
16.333333,0.172827,0.385426,47.0642215525313,15.452915082885308
16.341667,0.17507,0.3896119999999999,47.06422157268052,15.452915138088894
16.35,0.177258,0.393654,47.064221592335656,15.452915191393457
16.358333000000002,0.179465,0.398012,47.06422161216147,15.452915248865322
16.366667,0.18155,0.402633,47.06422163089135,15.452915309805544
16.375,0.184062,0.406562,47.06422165345703,15.4529153616199
16.383333,0.18632,0.410954,47.06422167374099,15.452915419540146
16.391667,0.188885,0.415319,47.06422169678277,15.452915477104323
16.4,0.191611,0.419435,47.06422172127085,15.452915531384772
16.408333,0.194243,0.424002,47.06422174491451,15.45291559161286
16.416667,0.197178,0.428173,47.06422177128006,15.452915646618631
16.425,0.200021,0.432679,47.06422179681916,15.45291570604227
16.433333,0.203097,0.437168,47.06422182445134,15.452915765241723
16.441667,0.205812,0.441799,47.0642218488406,15.45291582631382
16.45,0.208649,0.446147,47.06422187432581,15.452915883653809
16.458333,0.211446,0.450854,47.06422189945169,15.452915945728169
16.466667,0.214253,0.455776,47.0642219246674,15.45291601063788
16.475,0.217277,0.46054,47.06422195183245,15.45291607346394
16.483333,0.220331,0.465132,47.064221979267,15.45291613402172
16.491667,0.223575,0.470022,47.06422200840835,15.452916198509426
16.5,0.226657,0.475109,47.06422203609443,15.452916265595103
16.508333,0.230226,0.479673,47.0642220681553,15.452916325783628
16.516667,0.233536,0.484209,47.06422209788954,15.4529163856029
16.525,0.237048,0.4893120000000001,47.06422212943837,15.452916452899576
16.533333,0.240305,0.49474,47.0642221586965,15.452916524482252
16.541667,0.243732,0.499762,47.06422218948176,15.452916590710728
16.55,0.247329,0.5047280000000001,47.06422222179416,15.452916656200696
16.558333,0.250904,0.509687,47.06422225390894,15.452916721598353
16.566667,0.2540679999999999,0.515459,47.06422228233164,15.452916797717585
16.575,0.257995,0.520277,47.06422231760848,15.45291686125578
16.583333,0.2615039999999999,0.525435,47.06422234913036,15.452916929277782
16.591667,0.2650679999999999,0.5309740000000001,47.06422238114632,15.452917002324286
16.6,0.269072,0.5358010000000001,47.06422241711486,15.45291706598117
16.608333,0.2727739999999999,0.541209,47.064222450370494,15.45291713730009
16.616667,0.276404,0.5464370000000001,47.06422248297934,15.452917206245228
16.625,0.279789,0.551911,47.064222513387314,15.452917278434535
16.633333,0.28385,0.55727,47.06422254986789,15.45291734910726
16.641667,0.287527,0.5627730000000001,47.06422258289895,15.45291742167901
16.65,0.29113,0.5682480000000001,47.06422261526525,15.452917493881502
16.658333,0.294828,0.573916,47.06422264848494,15.452917568629216
16.666667,0.2985109999999999,0.579087,47.064222681569895,15.45291763682266
16.675,0.302084,0.5845710000000001,47.064222713666695,15.452917709143842
16.683333,0.305799,0.5898990000000001,47.06422274703911,15.45291777940775
16.691667,0.30974,0.59511,47.06422278244172,15.4529178481287
16.7,0.3133559999999999,0.6006670000000001,47.0642228149248,15.452917921412585
16.708333,0.316625,0.6061460000000001,47.064222844290725,15.452917993667825
16.716667,0.32025,0.6116440000000001,47.06422287685466,15.452918066173636
16.725,0.32409,0.616923,47.064222911349965,15.452918135791348
16.733333,0.3278689999999999,0.6222300000000001,47.064222945297296,15.45291820577831
16.741667,0.331129,0.627997,47.06422297458237,15.452918281831604
16.75,0.334669,0.633586,47.06422300638273,15.452918355537491
16.758333,0.33826,0.639487,47.06422303864124,15.452918433357931
16.766667,0.341596,0.645405,47.06422306860904,15.452918511402563
16.775,0.345152,0.6508390000000001,47.06422310055313,15.452918583064363
16.783333,0.3491309999999999,0.655892,47.06422313629709,15.452918649701662
16.791667,0.3520109999999999,0.6622480000000001,47.06422316216857,15.452918733522491
16.8,0.355493,0.668046,47.06422319344791,15.452918809984604
16.808333,0.359282,0.6735760000000001,47.06422322748507,15.45291888291242
16.816667,0.3629529999999999,0.678844,47.06422326046223,15.452918952385064
16.825,0.366543,0.684366,47.06422329271175,15.45291902520738
16.833333,0.369977,0.6903940000000001,47.06422332355989,15.452919104702657
16.841667,0.373301,0.6960810000000001,47.0642233534199,15.452919179700938
16.85,0.376388,0.701679,47.06422338115089,15.452919253525517
16.858333,0.3797360000000001,0.707445,47.064223411226486,15.45291932956562
16.866667,0.382732,0.712964,47.06422343814001,15.452919402348371
16.875,0.385595,0.718916,47.06422346385878,15.452919480841386
16.883333,0.38893,0.724716,47.06422349381759,15.452919557329874
16.891667,0.392038,0.730271,47.06422352173723,15.452919630587385
16.9,0.395355,0.735873,47.06422355153435,15.452919704464714
16.908333,0.39863,0.741573,47.06422358095418,15.452919779634437
16.916667,0.402101,0.7475120000000001,47.0642236121347,15.452919857956008
16.925,0.405389,0.753289,47.064223641671305,15.45291993414118
16.933333,0.4085190000000001,0.759395,47.064223669788575,15.452920014665096
16.941667,0.411664,0.7652530000000001,47.06422369804059,15.452920091918468
16.95,0.4149440000000001,0.771298,47.06422372750533,15.452920171637937
16.958333,0.418585,0.7766000000000001,47.06422376021299,15.452920241558964
16.966667,0.421266,0.782972,47.06422378429683,15.4529203255908
16.975,0.4245070000000001,0.7889120000000001,47.064223813411225,15.452920403925562
16.983333,0.427456,0.7949590000000001,47.06422383990254,15.452920483671406
16.991667,0.4308430000000001,0.8004830000000001,47.06422387032848,15.452920556520096
17.0,0.434069,0.806681,47.064223899308125,15.452920638257275
17.008333,0.4374,0.812697,47.064223929231005,15.4529207175943
17.016667,0.44047,0.81872,47.064223956809286,15.45292079702364
17.025,0.4433250000000001,0.824844,47.06422398245618,15.452920877784932
17.033333,0.4465450000000001,0.830935,47.06422401138194,15.452920958111031
17.041667,0.449838,0.836734,47.06422404096346,15.452921034586335
17.05,0.452926,0.8432000000000001,47.06422406870344,15.45292111985781
17.058333,0.456123,0.849303,47.064224097422574,15.452921200342164
17.066667,0.459023,0.85533,47.064224123473714,15.452921279824254
17.075,0.462234,0.861746,47.064224152318616,15.452921364436346
17.083333,0.465407,0.868028,47.064224180822166,15.452921447281293
17.091667,0.468453,0.874263,47.06422420818485,15.452921529506416
17.1,0.471501,0.880572,47.0642242355655,15.45292161270743
17.108333,0.4749770000000001,0.8868790000000001,47.06422426679094,15.452921695882068
17.116667,0.4780580000000001,0.893487,47.064224294468026,15.452921783026191
17.125,0.481187,0.899835,47.06422432257631,15.452921866741525
17.133333,0.4839030000000001,0.906351,47.06422434697456,15.452921952672389
17.141667,0.486708,0.913057,47.0642243721723,15.452922041108906
17.15,0.4895480000000001,0.920401,47.06422439768445,15.45292213795916
17.158333,0.493066,0.927154,47.06422442928718,15.4529222270155
17.166667,0.4962040000000001,0.933498,47.06422445747632,15.452922310678082
17.175,0.499068,0.940268,47.06422448320407,15.452922399958611
17.183333,0.5022880000000001,0.947285,47.06422451212981,15.452922492496496
17.191667,0.5054390000000001,0.954125,47.06422454043573,15.452922582700165
17.2,0.5086780000000001,0.961561,47.06422456953216,15.45292268076368
17.208333,0.512023,0.969413,47.0642245995808,15.45292278431327
17.216667,0.5152950000000001,0.976751,47.06422462897368,15.452922881084396
17.225,0.518869,0.984063,47.06422466107947,15.452922977512644
17.233333,0.522201,0.991538,47.06422469101133,15.452923076090482
17.241667,0.525205,0.998717,47.06422471799672,15.452923170764768
17.25,0.528803,1.005683,47.0642247503181,15.45292326263008
17.258333,0.531741,1.013812,47.06422477671061,15.452923369832655
17.266667,0.534904,1.021602,47.064224805124326,15.45292347256461
17.275,0.5383070000000001,1.029067,47.06422483569399,15.452923571010569
17.283333,0.541701,1.036774,47.06422486618281,15.452923672647945
17.291667,0.5450750000000001,1.044176,47.06422489649197,15.452923770263084
17.3,0.548452,1.051234,47.06422492682808,15.452923863341663
17.308333,0.5518820000000001,1.058821,47.06422495764029,15.45292396339652
17.316667,0.554988,1.066105,47.06422498554196,15.45292405945551
17.325,0.558246,1.07467,47.06422501480908,15.452924172407911
17.333333,0.5612480000000001,1.082383,47.0642250417765,15.452924274124417
17.341667,0.5643680000000001,1.089985,47.06422506980394,15.452924374377089
17.35,0.5680540000000001,1.097095,47.06422510291584,15.452924468141427
17.358333,0.5710510000000001,1.104836,47.06422512983836,15.452924570227186
17.366667,0.574496,1.112342,47.06422516078531,15.452924669213845
17.375,0.577609,1.120204,47.06422518874987,15.452924772895312
17.383333,0.5810080000000001,1.127851,47.06422521928361,15.452924873741429
17.391667,0.584697,1.135081,47.06422525242246,15.452924969088288
17.4,0.5881620000000001,1.142315,47.064225283549085,15.452925064487896
17.408333,0.591377,1.150026,47.06422531242992,15.452925166178025
17.416667,0.5946990000000001,1.157671,47.06422534227195,15.452925266997768
17.425,0.598592,1.16498,47.06422537724337,15.452925363386452
17.433333,0.602198,1.172362,47.06422540963661,15.452925460737836
17.441667,0.60555,1.179858,47.06422543974814,15.452925559592614
17.45,0.609249,1.187199,47.06422547297682,15.452925656403306
17.458333,0.6130840000000001,1.194405,47.06422550742722,15.45292575143366
17.466667,0.6165970000000001,1.201605,47.06422553898503,15.45292584638489
17.475,0.620295,1.208738,47.06422557220473,15.452925940452548
17.483333,0.6240530000000001,1.215912,47.064225605963415,15.452926035060896
17.491667,0.627156,1.223499,47.06422563383813,15.452926135115757
17.5,0.630787,1.23062,47.06422566645597,15.45292622902516
17.508333,0.6343300000000001,1.237642,47.06422569828327,15.452926321628984
17.516667,0.6380060000000001,1.244618,47.06422573130534,15.452926413626177
17.525,0.6414920000000001,1.251551,47.064225762620616,15.452926505056295
17.533333,0.6449590000000001,1.258537,47.0642257937652,15.452926597185366
17.541667,0.648437,1.26514,47.064225825008606,15.452926684263556
17.55,0.651417,1.27249,47.0642258517784,15.452926781192938
17.558333,0.654931,1.279034,47.0642258833452,15.452926867493057
17.566667,0.658038,1.28599,47.06422591125586,15.452926959226494
17.575,0.6615530000000001,1.292418,47.06422594283165,15.45292704399684
17.583333,0.664907,1.299166,47.06422597296114,15.452927132987243
17.591667,0.668455,1.305677,47.064226004833365,15.45292721885217
17.6,0.671288,1.312618,47.06422603028264,15.452927310387793
17.608333,0.67466,1.31915,47.06422606057383,15.452927396529658
17.616667,0.6776840000000001,1.325931,47.06422608773888,15.452927485955254
17.625,0.6810200000000001,1.332173,47.06422611770668,15.452927568272695
17.633333,0.6840820000000001,1.338577,47.06422614521309,15.45292765272654
17.641667,0.687192,1.345396,47.0642261731507,15.452927742653271
17.65,0.690146,1.351929,47.064226199686935,15.452927828808324
17.658333,0.693335,1.357811,47.064226228334206,15.452927906378203
17.666667,0.6965680000000001,1.364341,47.064226257376745,15.452927992493692
17.675,0.699647,1.370476,47.06422628503587,15.452928073400056
17.683333,0.70267,1.376766,47.06422631219194,15.452928156350504
17.691667,0.7057,1.383217,47.064226339410894,15.45292824142417
17.7,0.7089380000000001,1.389158,47.064226368498346,15.452928319772122
17.708333,0.7119530000000001,1.395331,47.06422639558255,15.452928401179614
17.716667,0.715149,1.401394,47.06422642429271,15.452928481136462
17.725,0.7180570000000001,1.407618,47.06422645041571,15.452928563216528
17.733333,0.721163,1.413724,47.06422647831738,15.452928643740448
17.741667,0.724438,1.419731,47.06422650773721,15.452928722958786
17.75,0.727507,1.425561,47.0642265353065,15.452928799842908
17.758333,0.7308260000000001,1.431261,47.06422656512159,15.452928875012631
17.766667,0.733858,1.437711,47.06422659235851,15.45292896007311
17.775,0.737132,1.443626,47.06422662176936,15.452929038078189
17.783333,0.740307,1.449734,47.06422665029086,15.452929118628482
17.791667,0.743584,1.45544,47.064226679728655,15.452929193877331
17.8,0.746861,1.461705,47.06422670916644,15.452929276498091
17.808333,0.7499750000000001,1.467549,47.06422673713998,15.452929353566844
17.816667,0.753191,1.473429,47.0642267660298,15.452929431110348
17.825,0.756391,1.479535,47.06422679477589,15.452929511634268
17.833333,0.7596700000000001,1.485205,47.064226824231646,15.452929586408365
17.841667,0.762953,1.491543,47.06422685372334,15.452929669991825
17.85,0.7662960000000001,1.49738,47.06422688375402,15.45292974696826
17.858333,0.7696970000000001,1.503256,47.06422691430573,15.452929824459014
17.866667,0.773031,1.509103,47.06422694425556,15.452929901567328
17.875,0.776483,1.514688,47.0642269752654,15.45292997522047
17.883333,0.779927,1.52061,47.06422700620338,15.45293005331786
17.891667,0.783398,1.526836,47.0642270373839,15.4529301354243
17.9,0.7868890000000001,1.532706,47.06422706874409,15.45293021283593
17.908333,0.790313,1.538552,47.06422709950241,15.452930289931055
17.916667,0.7937460000000001,1.544321,47.06422713034157,15.452930366010731
17.925,0.7971020000000001,1.550195,47.06422716048903,15.452930443475111
17.933333,0.800651,1.556113,47.06422719237024,15.45293052151975
17.941667,0.804139,1.562387,47.06422722370348,15.4529306042592
17.95,0.807655,1.56849,47.064227255288245,15.452930684743556
17.958333,0.811322,1.574451,47.06422728822946,15.452930763355264
17.966667,0.8149230000000001,1.580353,47.0642273205778,15.452930841188898
17.975,0.8184250000000001,1.586198,47.0642273520368,15.452930918270836
17.983333,0.822199,1.591832,47.06422738593921,15.45293099257018
17.991667,0.825793,1.598049,47.06422741822467,15.452931074557933
18.0,0.8294060000000001,1.604168,47.0642274506808,15.452931155253292
18.008333,0.833021,1.610074,47.064227483154895,15.45293123313968
18.016667,0.836558,1.615834,47.06422751492831,15.452931309100666
18.025,0.8403430000000001,1.621941,47.06422754892954,15.452931389637774
18.033333,0.8438990000000001,1.627739,47.064227580873634,15.452931466099892
18.041667,0.8478140000000001,1.633433,47.06422761604267,15.452931541190493
18.05,0.8516950000000001,1.639186,47.0642276509063,15.452931617059164
18.058332999999998,0.855508,1.645216,47.064227685159054,15.452931696580825
18.066667000000002,0.859267,1.65091,47.06422771892672,15.452931771671423
18.075,0.863143,1.656878,47.06422775374543,15.452931850375444
18.083333,0.867055,1.66311,47.06422778888752,15.452931932561013
18.091667,0.870814,1.669166,47.06422782265519,15.452932012425553
18.1,0.8745430000000001,1.675271,47.064227856153366,15.452932092936283
18.108333,0.8782430000000001,1.680991,47.06422788939104,15.452932168369763
18.116667,0.8820300000000001,1.687197,47.06422792341024,15.452932250212452
18.125,0.8856930000000001,1.692851,47.06422795631552,15.452932324775547
18.133333,0.8897030000000001,1.698554,47.06422799233796,15.452932399984835
18.141667,0.8932420000000001,1.704477,47.06422802412934,15.452932478095413
18.15,0.8969230000000001,1.710193,47.06422805719633,15.452932553476144
18.158333,0.9007160000000001,1.715828,47.06422809126943,15.452932627788671
18.166667,0.904242,1.721714,47.06422812294402,15.452932705411303
18.175,0.907873,1.727262,47.06422815556185,15.452932778576503
18.183332999999998,0.911309,1.732919,47.06422818642796,15.452932853179162
18.191667000000002,0.914648,1.7385,47.06422821642271,15.452932926779557
18.2,0.918017,1.743967,47.06422824668696,15.45293299887656
18.208333,0.921327,1.749324,47.06422827642119,15.452933069522915
18.216667,0.924472,1.754835,47.06422830467321,15.452933142200171
18.225,0.927771,1.760396,47.06422833430863,15.452933215536817
18.233333,0.930937,1.765855,47.06422836274929,15.452933287528314
18.241667,0.93408,1.771104,47.06422839098334,15.4529333567504
18.25,0.937415,1.776454,47.06422842094216,15.452933427304446
18.258333,0.940859,1.781187,47.06422845188013,15.452933489721696
18.266667,0.943923,1.786451,47.06422847940452,15.4529335591416
18.275,0.946987,1.791807,47.0642285069289,15.452933629774767
18.283333,0.950098,1.797014,47.06422853487548,15.452933698442973
18.291667,0.953289,1.802124,47.06422856354072,15.452933765831974
18.3,0.956256,1.807544,47.064228590193736,15.452933837309155
18.308332999999998,0.959292,1.812702,47.06422861746659,15.452933905331166
18.316667000000002,0.962315,1.817876,47.06422864462266,15.452933973564178
18.325,0.965235,1.823203,47.06422867085347,15.452934043814906
18.333333,0.968119,1.828332,47.06422869676088,15.452934111454471
18.341667,0.971126,1.833161,47.06422872377322,15.452934175137742
18.35,0.974045,1.838083,47.06422874999504,15.452934240047462
18.358333,0.977072,1.84348,47.06422877718705,15.452934311221323
18.366667,0.980037,1.848419,47.06422880382209,15.452934376355238
18.375,0.983025,1.853283,47.06422883066375,15.452934440500073
18.383333,0.985799,1.858476,47.06422885558302,15.45293450898365
18.391667,0.98862,1.863455,47.064228880924496,15.452934574645068
18.4,0.991423,1.868395,47.06422890610427,15.452934639792163
18.408333,0.99416,1.873085,47.064228930691165,15.452934701642343
18.416667,0.996763,1.877853,47.06422895407431,15.452934764521164
18.425,0.999405,1.882732,47.0642289778078,15.452934828863814
18.433332999999998,1.002019,1.887675,47.06422900128975,15.452934894050474
18.441667000000002,1.004487,1.892598,47.06422902346018,15.452934958973382
18.45,1.007013,1.897396,47.06422904615162,15.452935022247829
18.458333,1.009714,1.901906,47.06422907041512,15.452935081724227
18.466667,1.012179,1.906464,47.06422909255859,15.452935141833636
18.475,1.01473,1.911322,47.06422911547462,15.452935205899344
18.483333,1.017374,1.91633,47.06422913922607,15.452935271943202
18.491667,1.019731,1.921052,47.06422916039936,15.452935334215388
18.5,1.022144,1.925807,47.06422918207571,15.452935396922769
18.508333,1.024592,1.930483,47.06422920406646,15.45293545858832
18.516667,1.026917,1.935227,47.06422922495229,15.452935521150636
18.525,1.02925,1.940003,47.06422924590999,15.452935584134956
18.533333,1.031505,1.944845,47.06422926616699,15.45293564798966
18.541667,1.033826,1.949748,47.06422928701689,15.452935712648816
18.55,1.036023,1.954701,47.06422930675287,15.452935777967353
18.558332999999998,1.038172,1.959575,47.06422932605767,15.452935842244065
18.566667000000002,1.040559,1.964407,47.06422934750046,15.452935905966894
18.575,1.043081,1.968989,47.06422937015597,15.452935966392806
18.583333,1.045599,1.973804,47.064229392775545,15.452936029891443
18.591667,1.047558,1.978748,47.06422941037354,15.452936095091294
18.6,1.049734,1.98369,47.06422942992088,15.45293616026477
18.608333,1.051936,1.988548,47.06422944970178,15.45293622433048
18.616667,1.054159,1.993514,47.06422946967133,15.452936289820457
18.625,1.056309,1.998029,47.06422948898511,15.452936349362794
18.633333,1.058547,2.002582,47.06422950908941,15.45293640940626
18.641667,1.060666,2.007382,47.06422952812471,15.452936472707083
18.65,1.062756,2.012285,47.0642295468995,15.45293653736624
18.658333,1.0649,2.016874,47.064229566159376,15.452936597884468
18.666667,1.067053,2.021673,47.06422958550011,15.452936661172105
18.675,1.069054,2.026455,47.0642296034754,15.45293672423555
18.683332999999998,1.071165,2.031103,47.06422962243883,15.452936785531849
18.691667000000002,1.073259,2.035793,47.064229641249554,15.452936847382029
18.7,1.075192,2.040752,47.06422965861399,15.452936912779691
18.708333,1.076983,2.04534,47.064229674702815,15.45293697328473
18.716667,1.078801,2.050429,47.06422969103419,15.452937040396792
18.725,1.08082,2.055512,47.06422970917117,15.452937107429726
18.733333,1.082631,2.060368,47.06422972543967,15.45293717146906
18.741667,1.084391,2.065265,47.06422974125002,15.45293723604909
18.75,1.086158,2.070308,47.06422975712324,15.45293730255452
18.758333,1.087939,2.075018,47.06422977312224,15.452937364668454
18.766667,1.089596,2.079873,47.06422978800733,15.4529374286946
18.775,1.091268,2.084949,47.06422980302716,15.452937495635222
18.783333,1.0927630000000002,2.089884,47.06422981645698,15.452937560716384
18.791667,1.094164,2.095068,47.064229829042375,15.452937629081276
18.8,1.095661,2.100146,47.06422984249016,15.452937696048274
18.808332999999998,1.097003,2.105087,47.064229854545545,15.45293776120856
18.816667000000002,1.09834,2.110259,47.06422986655602,15.4529378294152
18.825,1.099702,2.115029,47.06422987879108,15.452937892320394
18.833333,1.100869,2.120142,47.06422988927441,15.452937959748962
18.841667,1.102085,2.125091,47.06422990019792,15.452938025014747
18.85,1.103226,2.130155,47.0642299104477,15.45293809179712
18.858333,1.104299,2.135121,47.06422992008663,15.452938157287097
18.866667,1.105323,2.140013,47.064229929285375,15.452938221801189
18.875,1.106172,2.145148,47.06422993691207,15.452938289519883
18.883333,1.107083,2.150012,47.06422994509572,15.452938353664718
18.891667,1.107926,2.154917,47.06422995266852,15.452938418350248
18.9,1.108734,2.159809,47.064229959926905,15.452938482864338
18.908333,1.109497,2.164658,47.064229966781056,15.452938546811358
18.916667,1.110188,2.169656,47.064229972988414,15.452938612723342
18.925,1.110878,2.174495,47.06422997918679,15.452938676538489
18.933332999999998,1.111606,2.179458,47.06422998572653,15.452938741988902
18.941667000000002,1.112269,2.184147,47.06422999168235,15.452938803825896
18.95,1.112813,2.189092,47.06422999656919,15.452938869038933
18.958333,1.113432,2.193909,47.06423000212976,15.452938932563947
18.966667,1.113956,2.19886,47.06423000683693,15.45293899785611
18.975,1.11442,2.203628,47.06423001100511,15.452939060734929
18.983333,1.114722,2.2083,47.06423001371802,15.45293912234773
18.991667,1.115269,2.213114,47.06423001863181,15.452939185833184
19.0,1.11544,2.217688,47.064230020167926,15.452939246153596
19.008333,1.115894,2.222417,47.06423002424627,15.452939308518095
19.016667,1.116211,2.227287,47.064230027093934,15.452939372742058
19.025,1.116332,2.231868,47.064230028180894,15.452939433154782
19.033333,1.116561,2.236714,47.06423003023804,15.45293949706224
19.041667,1.116605,2.24101,47.0642300306333,15.452939553716478
19.05,1.116887,2.245334,47.06423003316655,15.452939610739971
19.058332999999998,1.117231,2.249781,47.064230036256745,15.452939669385549
19.066667000000002,1.117472,2.254131,47.06423003842168,15.452939726751922
19.075,1.117335,2.258536,47.064230037191,15.452939784843617
19.083333,1.116567,2.262782,47.06423003029194,15.452939840838471
19.091667,1.1154920000000002,2.266295,47.06423002063504,15.452939887166762
19.1,1.115528,2.270268,47.06423002095844,15.452939939561382
19.108333,1.114301,2.274597,47.06423000993611,15.452939996650814
19.116667,1.113783,2.27872,47.06423000528284,15.452940051023589
19.125,1.113208,2.282758,47.064230000117526,15.452940104275408
19.133333,1.112757,2.286275,47.064229996066125,15.45294015065645
19.141667,1.112092,2.290181,47.06422999009233,15.452940202167497
19.15,1.11149,2.294034,47.06422998468448,15.452940252979596
19.158333,1.111144,2.297159,47.064229981576304,15.45294029419107
19.166667,1.110235,2.300711,47.06422997341061,15.45294034103368
19.175,1.109421,2.304485,47.06422996609833,15.452940390803954
19.183332999999998,1.108455,2.30811,47.06422995742061,15.452940438609266
19.191667000000002,1.107597,2.31144,47.06422994971306,15.452940482524214
19.2,1.106642,2.315153,47.06422994113415,15.45294053149004
19.208333,1.105595,2.318641,47.06422993172879,15.45294057748864
19.216667,1.104663,2.321625,47.064229923356486,15.452940616840657
19.225,1.103347,2.325106,47.06422991153466,15.45294066274694
19.233333,1.10214,2.328602,47.064229900692,15.452940708851038
19.241667,1.100992,2.331902,47.06422989037934,15.452940752370354
19.25,1.099759,2.335021,47.06422987930311,15.452940793502703
19.258333,1.098219,2.338285,47.06422986546905,15.452940836547263
19.266667,1.098468,2.341493,47.06422986770586,15.452940878853315
19.275,1.097256,2.34449,47.06422985681828,15.45294091837677
19.283333,1.095725,2.347597,47.06422984306507,15.452940959350869
19.291667,1.09414,2.350668,47.064229828826775,15.452940999850208
19.3,1.092772,2.353503,47.06422981653782,15.452941037237258
19.308332999999998,1.091226,2.356447,47.06422980264986,15.452941076061762
19.316667000000002,1.089737,2.359202,47.06422978927395,15.452941112393798
19.325,1.088117,2.362065,47.06422977472124,15.452941150150105
19.333333,1.086487,2.364923,47.0642297600787,15.452941187840468
19.341667,1.084984,2.367625,47.06422974657703,15.45294122347356
19.35,1.083246,2.370266,47.06422973096431,15.4529412583022
19.358333,1.081396,2.373125,47.06422971434547,15.452941296005754
19.366667,1.079699,2.375947,47.06422969910106,15.452941333221364
19.375,1.078385,2.378831,47.0642296872972,15.452941371254608
19.383333,1.076775,2.381571,47.06422967283432,15.452941407388831
19.391667,1.074866,2.384267,47.06422965568548,15.452941442942794
19.4,1.072907,2.386848,47.06422963808748,15.452941476980175
19.408333,1.07088,2.389392,47.06422961987863,15.452941510529612
19.416667,1.068842,2.391967,47.064229601570965,15.452941544487867
19.425,1.066796,2.394538,47.06422958319144,15.452941578393371
19.433332999999998,1.064728,2.396666,47.06422956461427,15.452941606456738
19.441667000000002,1.062517,2.398907,47.06422954475252,15.45294163601031
19.45,1.060396,2.401243,47.06422952569925,15.452941666816711
19.458333,1.058187,2.403447,47.06422950585547,15.45294169588234
19.466667,1.055844,2.405791,47.064229484807946,15.452941726794243
19.475,1.053439,2.408031,47.06422946320346,15.452941756334628
19.483333,1.05116,2.410394,47.064229442730856,15.452941787497096
19.491667,1.048914,2.41276,47.064229422554696,15.452941818699124
19.5,1.046708,2.415175,47.06422940273786,15.452941850547353
19.508333,1.044406,2.417336,47.06422938205864,15.45294187904591
19.516667,1.041991,2.419449,47.06422936036433,15.45294190691146
19.525,1.039734,2.421656,47.06422934008936,15.452941936016652
19.533333,1.037542,2.423719,47.06422932039829,15.452941963222818
19.541667,1.035295,2.425741,47.06422930021314,15.45294198988829
19.55,1.032991,2.427832,47.06422927951596,15.45294201746371
19.558332999999998,1.030622,2.429862,47.06422925823487,15.452942044234684
19.566667000000002,1.028399,2.431925,47.06422923826532,15.45294207144085
19.575,1.026158,2.433848,47.06422921813408,15.452942096800742
19.583333,1.023881,2.435787,47.06422919767943,15.452942122371638
19.591667,1.02153,2.43751,47.06422917656004,15.452942145094
19.6,1.019137,2.439331,47.06422915506336,15.452942169108749
19.608333,1.016695,2.441231,47.0642291331265,15.452942194165322
19.616667,1.014254,2.443105,47.06422911119863,15.452942218879018
19.625,1.011769,2.444788,47.06422908887549,15.45294224107387
19.633333,1.009679,2.446542,47.0642290701007,15.452942264205046
19.641667,1.007403,2.448253,47.06422904965505,15.45294228676915
19.65,1.004487,2.449995,47.06422902346017,15.452942309742074
19.658333,1.001993,2.451836,47.06422900105618,15.452942334020578
19.666667,0.999909,2.453446,47.064228982335294,15.45294235525273
19.675,0.997489,2.454911,47.06422896059606,15.45294237457267
19.683332999999998,0.994437,2.45648,47.06422893317948,15.452942395264127
19.691667000000002,0.992067,2.45806,47.0642289118894,15.452942416100647
19.7,0.98944,2.459297,47.06422888829066,15.452942432413796
19.708333,0.986927,2.460748,47.064228865716,15.45294245154911
19.716667,0.984151,2.462177,47.06422884077877,15.452942470394293
19.725,0.981488,2.463467,47.06422881685663,15.45294248740639
19.733333,0.978808,2.464953,47.064228792781776,15.45294250700327
19.741667,0.975922,2.46635,47.0642287668564,15.452942525426447
19.75,0.972918,2.467685,47.064228739871005,15.45294254303199
19.758333,0.969872,2.469047,47.06422871250832,15.452942560993598
19.766667,0.966982,2.470328,47.06422868654701,15.452942577887006
19.775,0.963827,2.471587,47.06422865820517,15.452942594490285
19.783333,0.960693,2.472548,47.06422863005197,15.452942607163637
19.791667,0.957342,2.473652,47.06422859994942,15.452942621722826
19.8,0.954229,2.474684,47.06422857198486,15.452942635332503
19.808332999999998,0.950978,2.476116,47.06422854278064,15.45294265421725
19.816667000000002,0.948495,2.478075,47.064228520475474,15.452942680051898
19.825,0.945683,2.479578,47.06422849521484,15.452942699872969
19.833333,0.942046,2.48039,47.06422846254312,15.452942710581356
19.841667,0.938691,2.481364,47.06422843240464,15.452942723426148
19.85,0.935872,2.482323,47.06422840708113,15.452942736073124
19.858333,0.932475,2.483199,47.06422837656537,15.452942747625526
19.866667,0.928701,2.483928,47.06422834266295,15.452942757239338
19.875,0.92461,2.484386,47.06422830591287,15.45294276327929
19.883333,0.920842,2.48501,47.06422827206436,15.452942771508395
19.891667,0.917196,2.485637,47.06422823931178,15.452942779777066
19.9,0.913718,2.486432,47.06422820806838,15.452942790261265
19.908333,0.90988,2.487105,47.06422817359103,15.452942799136569
19.916667,0.905997,2.487719,47.06422813870945,15.4529428072338
19.925,0.902336,2.488394,47.06422810582213,15.452942816135478
19.933332999999998,0.898609,2.489084,47.06422807234192,15.452942825234972
19.941667000000002,0.894679,2.489704,47.06422803703813,15.45294283341133
19.95,0.890951,2.490417,47.06422800354894,15.45294284281414
19.958333,0.887081,2.491123,47.06422796878414,15.452942852124634
19.966667,0.8832740000000001,2.491822,47.06422793458528,15.452942861342818
19.975,0.8794280000000001,2.492471,47.06422790003607,15.452942869901616
19.983333,0.875621,2.493187,47.0642278658372,15.45294287934399
19.991667,0.8716710000000001,2.493896,47.06422783035376,15.452942888694048
20.0,0.8675430000000001,2.494523,47.0642277932713,15.452942896962718
20.008333,0.863797,2.495169,47.06422775962041,15.452942905481954
20.016667,0.8597680000000001,2.49584,47.06422772342729,15.45294291433088
20.025,0.8558830000000001,2.496583,47.06422768852774,15.45294292412932
20.033333,0.85182,2.497225,47.06422765202919,15.452942932595803
20.041667,0.847746,2.497891,47.06422761543183,15.452942941378794
20.05,0.8436450000000001,2.49863,47.06422757859192,15.452942951124484
20.058332999999998,0.8395250000000001,2.49938,47.06422754158133,15.452942961015236
20.066667000000002,0.835453,2.500231,47.06422750500193,15.452942972237944
20.075,0.831396,2.501015,47.06422746855728,15.45294298257708
20.083333,0.8272120000000001,2.501878,47.06422743097176,15.452942993958038
20.091667,0.823099,2.502813,47.06422739402406,15.452943006288512
20.1,0.818924,2.503599,47.0642273565194,15.452943016654022
20.108333,0.814702,2.504353,47.06422731859252,15.452943026597527
20.116667,0.810532,2.505169,47.06422728113277,15.452943037358668
20.125,0.806366,2.505997,47.06422724370896,15.452943048278058
20.133333,0.802203,2.50686,47.0642272063121,15.452943059659017
20.141667,0.797927,2.507685,47.064227167900135,15.452943070538844
20.15,0.793799,2.508709,47.06422713081768,15.45294308404302
20.158333,0.789427,2.509619,47.06422709154334,15.4529430960438
20.166667,0.785163,2.510725,47.06422705323917,15.452943110629366
20.175,0.780908,2.51185,47.06422701501586,15.452943125465495
20.183332999999998,0.776437,2.513086,47.06422697485218,15.452943141765456
20.191667000000002,0.772053,2.514366,47.06422693547004,15.452943158645676
20.2,0.767672,2.515479,47.064226896114846,15.452943173323552
20.208333,0.763213,2.516563,47.064226856058966,15.452943187618988
20.216667,0.758803,2.517745,47.06422681644327,15.452943203206818
20.225,0.754314,2.518971,47.06422677611789,15.452943219374903
20.233333,0.7498370000000001,2.52035,47.06422673590031,15.4529432375607
20.241667,0.745383,2.521748,47.06422669588935,15.452943255997068
20.25,0.7408750000000001,2.523196,47.0642266553933,15.452943275092814
20.258333,0.7361500000000001,2.524666,47.06422661294791,15.45294329447869
20.266667,0.7315670000000001,2.526227,47.064226571778114,15.452943315064644
20.275,0.7268560000000001,2.527757,47.06422652945848,15.452943335241782
20.283333,0.7220840000000001,2.529362,47.06422648659088,15.452943356407994
20.291667,0.717356,2.531091,47.06422644411853,15.452943379209476
20.3,0.712609,2.532881,47.06422640147551,15.452943402815407
20.308332999999998,0.707802,2.534698,47.06422635829349,15.452943426777404
20.316667000000002,0.70298,2.536469,47.06422631497673,15.452943450132771
20.325,0.698052,2.538177,47.06422627070775,15.452943472657312
20.333333,0.6929390000000001,2.539962,47.06422622477689,15.452943496197303
20.341667,0.6878690000000001,2.541683,47.06422617923231,15.452943518893283
20.35,0.682753,2.543577,47.064226133274495,15.452943543870733
20.358333,0.67762,2.545371,47.06422608716397,15.452943567529417
20.366667,0.6723640000000001,2.547203,47.06422603994852,15.45294359168923
20.375,0.667143,2.549027,47.064225993047486,15.452943615743544
20.383333,0.661637,2.550951,47.06422594358624,15.452943641116622
20.391667,0.6561250000000001,2.552815,47.06422589407111,15.452943665698442
20.4,0.6507620000000001,2.555045,47.064225845894455,15.452943695106947
20.408333,0.645,2.557119,47.064225794133534,15.45294372245818
20.416667,0.6394110000000001,2.559181,47.06422574392669,15.452943749651157
20.425,0.6337470000000001,2.561335,47.06422569304611,15.452943778057396
20.433332999999998,0.627923,2.563605,47.06422564072823,15.452943807993412
20.441667000000002,0.6220840000000001,2.565659,47.064225588275605,15.45294383508089
20.45,0.616226,2.567821,47.0642255356523,15.452943863592632
20.458333,0.6101770000000001,2.569798,47.06422548131321,15.452943889664658
20.466667,0.604009,2.571842,47.06422542590512,15.452943916620256
20.475,0.5979340000000001,2.57381,47.06422537133247,15.452943942573592
20.483333,0.5918800000000001,2.576157,47.06422531694847,15.452943973525056
20.491667,0.5854750000000001,2.578368,47.06422525941137,15.452944002682994
20.5,0.5792630000000001,2.580588,47.064225203608025,15.452944031959625
20.508333,0.573134,2.583144,47.06422514855028,15.452944065667312
20.516667,0.566613,2.58555,47.064225089971146,15.452944097396848
20.525,0.560258,2.587837,47.06422503288321,15.452944127557048
20.533333,0.5535530000000001,2.590174,47.06422497265117,15.452944158376637
20.541667,0.547033,2.592446,47.06422491408101,15.452944188339025
20.55,0.540338,2.595003,47.0642248539388,15.452944222059896
20.558332999999998,0.5338010000000001,2.597481,47.064224795215935,15.452944254738943
20.566667000000002,0.527262,2.600002,47.0642247364751,15.452944287985062
20.575,0.5205960000000001,2.602632,47.064224676593405,15.452944322668635
20.583333,0.513939,2.605174,47.06422461679256,15.452944356191695
20.591667,0.507352,2.607811,47.06422455762053,15.45294439096758
20.6,0.500703,2.610525,47.06422449789154,15.45294442675892
20.608333,0.494093,2.613105,47.0642244385129,15.45294446078311
20.616667,0.487404,2.615761,47.06422437842459,15.452944495809565
20.625,0.4807680000000001,2.618422,47.06422431881239,15.452944530901956
20.633333,0.474245,2.621092,47.06422426021528,15.452944566113036
20.641667,0.4676640000000001,2.623553,47.064224201097154,15.452944598567894
20.65,0.461047,2.6263,47.06422414165564,15.452944634794424
20.658333,0.454276,2.629119,47.06422408083071,15.452944671970467
20.666667,0.447704,2.631668,47.06422402179343,15.45294470558584
20.675,0.441069,2.634371,47.06422396219021,15.452944741232113
20.683332999999998,0.434491,2.637296,47.06422390309903,15.45294477980605
20.691667000000002,0.428047,2.640096,47.06422384521159,15.452944816731526
20.7,0.421576,2.642816,47.06422378708161,15.45294485260199
20.708333,0.414741,2.645641,47.06422372568176,15.45294488985716
20.716667,0.408522,2.648488,47.06422366981553,15.452944927402456
20.725,0.402003,2.651428,47.06422361125436,15.452944966174206
20.733333,0.395486,2.654252,47.06422355271116,15.452945003416186
20.741667,0.3893690000000001,2.657137,47.064223497761205,15.452945041462614
20.75,0.3829560000000001,2.659807,47.06422344015225,15.452945076673696
20.758333,0.376537,2.66269,47.06422338248939,15.452945114693753
20.766667,0.370025,2.665445,47.0642233239911,15.452945151025784
20.775,0.363553,2.668307,47.06422326585214,15.452945188768894
20.783333,0.356982,2.671181,47.06422320682384,15.452945226670256
20.791667,0.350532,2.673982,47.064223148882505,15.45294526360892
20.8,0.344066,2.67654,47.06422309079744,15.45294529734298
20.808332999999998,0.337582,2.679235,47.06422303255068,15.452945332883752
20.816667000000002,0.330882,2.682086,47.06422297236355,15.452945370481798
20.825,0.324308,2.684814,47.06422291330831,15.45294540645776
20.833333,0.3179579999999999,2.687362,47.06422285626529,15.452945440059946
20.841667,0.311222,2.690271,47.06422279575477,15.452945478422878
20.85,0.304815,2.693181,47.06422273819971,15.452945516798998
20.858333,0.298349,2.696156,47.064222680114646,15.452945556032317
20.866667,0.291871,2.699136,47.06422262192178,15.452945595331576
20.875,0.285422,2.702192,47.06422256398943,15.452945635633096
20.883333,0.278921,2.705168,47.064222505589946,15.4529456748796
20.891667,0.272545,2.708227,47.064222448313366,15.452945715220686
20.9,0.2660909999999999,2.711166,47.0642223903361,15.452945753979249
20.908333,0.259686,2.714243,47.064222332799005,15.45294579455771
20.916667,0.2533579999999999,2.717709,47.06422227595361,15.452945840266176
20.925,0.246991,2.720964,47.06422221875788,15.45294588319204
20.933332999999998,0.24073,2.72427,47.06422216251436,15.452945926790475
20.941667000000002,0.234547,2.727402,47.06422210697153,15.45294596809426
20.95,0.228337,2.730666,47.06422205118615,15.452946011138817
20.958333,0.222162,2.733979,47.06422199571519,15.452946054829567
20.966667,0.215869,2.737323,47.0642219391842,15.452946098929134
20.975,0.209702,2.74085,47.064221883785095,15.452946145442048
20.983333,0.203472,2.744294,47.064221827820056,15.45294619086038
20.991667,0.197325,2.747803,47.06422177260062,15.452946237135915
21.0,0.191101,2.751317,47.064221716689474,15.452946283477385
21.008333,0.184928,2.754836,47.06422166123647,15.452946329884794
21.016667,0.178723,2.758304,47.06422160549601,15.452946375619634
21.025,0.172502,2.761888,47.06422154961181,15.452946422884242
21.033333,0.166319,2.765536,47.064221494068974,15.45294647099286
21.041667,0.160135,2.769105,47.06422143851716,15.452946518059653
21.05,0.15387,2.772877,47.06422138223771,15.452946567803544
21.058332999999998,0.147468,2.776584,47.06422132472756,15.452946616690236
21.066667000000002,0.141153,2.780382,47.06422126799895,15.452946666777006
21.075,0.134727,2.784202,47.06422121027322,15.452946717153903
21.083333,0.128332,2.788129,47.06422115282596,15.452946768941883
21.091667,0.121803,2.792009,47.06422109417495,15.452946820110045
21.1,0.11539,2.795887,47.06422103656599,15.452946871251823
21.108333,0.108847,2.799801,47.06422097778922,15.452946922868364
21.116667,0.102076,2.8038,47.06422091696429,15.452946975605853
21.125,0.095261,2.807627,47.0642208557441,15.452947026075064
21.133333,0.088655,2.811692,47.06422079640139,15.45294707968294
21.141667,0.081885,2.815698,47.06422073558545,15.452947132512746
21.15,0.075025,2.819706,47.06422067396102,15.452947185368924
21.158333,0.06806,2.823722,47.06422061139336,15.452947238330603
21.166667,0.060888,2.827803,47.06422054696618,15.452947292149483
21.175,0.053798,2.832255,47.064220483275626,15.45294735086099
21.183332999999998,0.046684,2.836451,47.06422041936948,15.45294740619645
21.191667000000002,0.0392,2.840778,47.06422035213957,15.452947463259498
21.2,0.032013,2.845383,47.06422028757764,15.452947523988716
21.208333,0.024271,2.849769,47.06422021803007,15.452947581829836
21.216667,0.016831,2.854304,47.06422015119542,15.452947641635918
21.225,0.009728,2.859101,47.06422008738809,15.45294770489717
21.233333,0.001651,2.863509,47.064220014831164,15.452947763028416
21.241667,-0.0058169999999999,2.868134,47.064219947744974,15.452947824021388
21.25,-0.0132829999999999,2.872894,47.06421988067676,15.452947886794696
21.258333,-0.0207929999999999,2.877471,47.06421981321328,15.452947947154655
21.266667,-0.0287429999999999,2.882401,47.06421974179722,15.452948012169866
21.275,-0.0358479999999999,2.887287,47.06421967797191,15.45294807660482
21.283333,-0.0437909999999999,2.892071,47.06421960661873,15.45294813969463
21.291667,-0.0511629999999999,2.897075,47.06421954039492,15.452948205685724
21.3,-0.0593589999999999,2.90184,47.064219466769,15.452948268524969
21.308332999999998,-0.0671109999999999,2.906811,47.0642193971316,15.452948334080874
21.316667000000002,-0.0751429999999999,2.911813,47.06421932497892,15.452948400045596
21.325,-0.0828019999999999,2.91669,47.06421925617696,15.45294846436186
21.333333,-0.0909869999999999,2.921742,47.06421918264984,15.452948530985967
21.341667,-0.0990129999999999,2.926488,47.06421911055106,15.452948593574646
21.35,-0.107121,2.931409,47.06421903771565,15.452948658471168
21.358333,-0.1146079999999999,2.936178,47.06421897045879,15.452948721363162
21.366667,-0.122913,2.940971,47.064218895853706,15.452948784571662
21.375,-0.130955,2.945571,47.06421882361119,15.45294884523494
21.383333,-0.1385809999999999,2.950473,47.06421875510567,15.452948909880895
21.391667,-0.1462899999999999,2.955143,47.06421868585454,15.452948971467311
21.4,-0.1539849999999999,2.959973,47.06421861672918,15.452949035163751
21.408333,-0.1617489999999999,2.964542,47.06421854698398,15.452949095418212
21.416667,-0.169316,2.969246,47.06421847900847,15.452949157453006
21.425,-0.176977,2.974006,47.06421841018853,15.45294922022631
21.433332999999998,-0.184612,2.97877,47.06421834160216,15.452949283052366
21.441667000000002,-0.1920799999999999,2.983624,47.06421827451597,15.45294934706531
21.45,-0.2000239999999999,2.988199,47.06421820315381,15.452949407398895
21.458333,-0.2074119999999999,2.992776,47.06421813678627,15.45294946775886
21.466667,-0.2156239999999999,2.997379,47.06421806301662,15.452949528461698
21.475,-0.223022,3.002059,47.06421799655926,15.452949590179989
21.483333,-0.2305309999999999,3.006569,47.06421792910476,15.45294964965638
21.491667,-0.238254,3.011162,47.06421785972787,15.452949710227342
21.5,-0.2462099999999999,3.015698,47.06421778825791,15.452949770046606
21.508333,-0.253731,3.020338,47.064217720695616,15.45294983123739
21.516667,-0.261082,3.024952,47.06421765466046,15.452949892085297
21.525,-0.268806,3.029539,47.06421758527458,15.452949952577132
21.533333,-0.27639,3.033949,47.06421751714635,15.452950010734751
21.541667,-0.284379,3.038292,47.064217445379946,15.452950068008796
21.55,-0.291942,3.042683,47.06421737744036,15.452950125915851
21.558332999999998,-0.299879,3.047114,47.064217306141074,15.452950184350412
21.566667000000002,-0.307478,3.051404,47.06421723787809,15.45295024092551
21.575,-0.315161,3.055746,47.06421716886053,15.45295029818637
21.583333,-0.3231509999999999,3.060226,47.064217097085134,15.452950357267126
21.591667,-0.330893,3.064482,47.064217027537566,15.45295041339384
21.6,-0.3383199999999999,3.068986,47.06421696081969,15.452950472791102
21.608333,-0.346464,3.07328,47.0642168876609,15.45295052941895
21.616667,-0.353732,3.077815,47.06421682237134,15.45295058922503
21.625,-0.361515,3.082055,47.06421675245546,15.452950645140746
21.633333,-0.369098,3.086395,47.06421668433621,15.452950702375228
21.641667,-0.376947,3.09085,47.06421661382744,15.45295076112629
21.65,-0.384779,3.095328,47.06421654347139,15.45295082018067
21.658333,-0.3926699999999999,3.099771,47.06421647258533,15.45295087877348
21.666667,-0.400487,3.104262,47.064216402364025,15.4529509379993
21.675,-0.408393,3.108734,47.06421633134322,15.452950996974552
21.683332999999998,-0.416512,3.113163,47.064216258409004,15.452951055382735
21.691667000000002,-0.4240889999999999,3.117844,47.06421619034366,15.45295111711421
21.7,-0.432106,3.122075,47.06421611832572,15.452951172911236
21.708333,-0.440428,3.126417,47.06421604356792,15.45295123017209
21.716667,-0.448407,3.13091,47.06421597189134,15.452951289424284
21.725,-0.456168,3.13548,47.064215902173096,15.45295134969193
21.733333,-0.464071,3.139809,47.06421583117924,15.452951406781343
21.741667,-0.4726319999999999,3.1442,47.06421575427447,15.4529514646884
21.75,-0.480824,3.148716,47.06421568068448,15.45295152424391
21.758333,-0.4886739999999999,3.153144,47.064215610166734,15.452951582638905
21.766667,-0.4971869999999999,3.157717,47.06421553369315,15.452951642946111
21.775,-0.5051599999999999,3.162205,47.06421546207047,15.452951702132369
21.783333,-0.513653,3.166874,47.06421538577656,15.45295176370559
21.791667,-0.521874,3.171953,47.064215311926056,15.452951830685755
21.8,-0.530281,3.176444,47.064215236404685,15.452951889911574
21.808332999999998,-0.539503,3.180771,47.06421515356205,15.452951946974617
21.816667000000002,-0.54794,3.185307,47.06421507777119,15.452952006793875
21.825,-0.557075,3.189375,47.06421499571009,15.45295206044131
21.833333,-0.565528,3.193701,47.064214919775495,15.45295211749116
21.841667,-0.574188,3.198472,47.06421484198139,15.452952180409527
21.85,-0.582934,3.203378,47.06421476341474,15.452952245108229
21.858333,-0.591224,3.208314,47.0642146889444,15.452952310202557
21.866667,-0.600125,3.212835,47.06421460898536,15.452952369824004
21.875,-0.608289,3.216981,47.0642145356469,15.452952424500078
21.883333,-0.616692,3.222304,47.064214460161466,15.452952494698035
21.891667,-0.625652,3.227211,47.06421437967242,15.452952559409924
21.9,-0.633821,3.232399,47.064214306289045,15.452952627827544
21.908333,-0.64299,3.237102,47.06421422392252,15.452952689849145
21.916667,-0.6521659999999999,3.240733,47.06421414149311,15.452952737733566
21.925,-0.6611549999999999,3.24498,47.064214060743545,15.452952793741591
21.933332999999998,-0.669987,3.249474,47.06421398140434,15.452952853006972
21.941667000000002,-0.6790889999999999,3.25409,47.06421389963968,15.452952913881246
21.95,-0.6880259999999999,3.25916,47.06421381935725,15.452952980742724
21.958333,-0.6961609999999999,3.265108,47.0642137462793,15.452953059182972
21.966667,-0.7050639999999999,3.269878,47.06421366630229,15.452953122088148
21.975,-0.71426,3.274526,47.06421358369322,15.452953183384428
21.983333,-0.7234269999999999,3.279058,47.06421350134465,15.452953243150937
21.991667,-0.7323299999999999,3.284577,47.06421342136765,15.452953315933676
22.0,-0.741487,3.28902,47.06421333910892,15.452953374526484
22.008333,-0.750235,3.294341,47.0642132605243,15.452953444698062
22.016667,-0.7601469999999999,3.298288,47.06421317148329,15.452953496749789
22.025,-0.76866,3.303924,47.064213095009706,15.452953571075485
22.033333,-0.778261,3.307559,47.06421300876246,15.452953619012654
22.041667,-0.787997,3.311606,47.06421292130248,15.452953672383142
22.05,-0.797074,3.315724,47.064212839762405,15.45295372668996
22.058332999999998,-0.805713,3.320395,47.06421276215695,15.452953788289555
22.066667000000002,-0.8151229999999999,3.325087,47.06421267762549,15.452953850166091
22.075,-0.824032,3.330092,47.06421259759457,15.452953916170369
22.083333,-0.833232,3.334587,47.06421251494956,15.452953975448931
22.091667,-0.841572,3.339599,47.06421244003007,15.452954041545524
22.1,-0.850977,3.344105,47.06421235554352,15.452954100969151
22.108333,-0.8595889999999999,3.348857,47.064212278180605,15.452954163636948
22.116667,-0.868304,3.353738,47.06421219989243,15.45295422800595
22.125,-0.877095,3.35849,47.06421212092153,15.452954290673746
22.133333,-0.886145,3.363014,47.064212039624,15.452954350334752
22.141667,-0.8944989999999999,3.368046,47.06421196457874,15.452954416695096
22.15,-0.903373,3.372299,47.06421188486224,15.452954472782247
22.158333,-0.912368,3.377113,47.06421180405878,15.452954536267676
22.166667,-0.920578,3.381724,47.06421173030709,15.452954597076012
22.175,-0.929562,3.38632,47.06421164960244,15.452954657686533
22.183332999999998,-0.937989,3.390472,47.06421157390141,15.452954712441729
22.191667000000002,-0.946388,3.395414,47.06421149845191,15.45295477761518
22.2,-0.955246,3.399837,47.06421141887914,15.45295483594423
22.208333,-0.963508,3.404734,47.064211344660336,15.452954900524238
22.216667,-0.972196,3.409238,47.0642112666147,15.452954959921492
22.225,-0.98097,3.413674,47.06421118779652,15.452955018421983
22.233333,-0.989357,3.418425,47.064211112454814,15.452955081076592
22.241667,-0.997833,3.422845,47.06421103631361,15.45295513936608
22.25,-1.006386,3.427527,47.064210959480704,15.45295520111074
22.258333,-1.01496,3.431987,47.06421088245915,15.452955259927736
22.266667,-1.023315,3.436657,47.06421080740491,15.45295532151414
22.275,-1.031957,3.44101,47.0642107297725,15.452955378920056
22.283333,-1.040465,3.445173,47.06421065334384,15.452955433820312
22.291667,-1.048831,3.449872,47.06421057819077,15.452955495789162
22.3,-1.057163,3.454309,47.06421050334315,15.45295555430284
22.308332999999998,-1.065627,3.459174,47.06421042730974,15.45295561846084
22.316667000000002,-1.074118,3.463708,47.06421035103379,15.452955678253725
22.325,-1.082452,3.468411,47.0642102761682,15.45295574027532
22.333333,-1.090874,3.472645,47.06421020051208,15.452955796111905
22.341667,-1.099307,3.477515,47.06421012475715,15.45295586033584
22.35,-1.107677,3.482156,47.06421004956817,15.452955921539806
22.358333,-1.116039,3.487388,47.06420997445104,15.45295599053768
22.366667,-1.124883,3.492116,47.06420989500403,15.452956052888968
22.375,-1.133074,3.497291,47.06420982142303,15.452956121135143
22.383333,-1.14179,3.501616,47.06420974312587,15.452956178171805
22.391667,-1.150131,3.505933,47.06420966819739,15.452956235102963
22.4,-1.158849,3.510862,47.06420958988226,15.452956300104972
22.408333,-1.167208,3.515807,47.06420951479209,15.452956365317984
22.416667,-1.176152,3.520208,47.06420943444677,15.452956423356904
22.425,-1.184899,3.524982,47.064209355871135,15.452956486314829
22.433332999999998,-1.193382,3.529221,47.06420927966705,15.452956542217349
22.441667000000002,-1.20251,3.534551,47.06420919766883,15.452956612507611
22.45,-1.210935,3.539162,47.06420912198577,15.452956673315944
22.458333,-1.219967,3.544412,47.06420904084993,15.452956742551194
22.466667,-1.228537,3.549842,47.06420896386431,15.452956814160224
22.475,-1.23771,3.554509,47.06420888146185,15.452956875707065
22.483333,-1.24662,3.559147,47.06420880142196,15.452956936871464
22.491667,-1.255901,3.564069,47.06420871804932,15.452957001781158
22.5,-1.26465,3.569226,47.064208639455714,15.452957069789951
22.508333,-1.273977,3.574187,47.06420855566984,15.452957135213968
22.516667,-1.2834,3.579462,47.0642084710216,15.45295720477891
22.525,-1.292527,3.584707,47.06420838903236,15.45295727394822
22.533333,-1.30191,3.589912,47.06420830474344,15.452957342590024
22.541667,-1.311112,3.595951,47.06420822208047,15.452957422230345
22.55,-1.320895,3.600438,47.06420813419828,15.452957481403404
22.558332999999998,-1.330293,3.605716,47.06420804977461,15.452957551007906
22.566667000000002,-1.339895,3.611352,47.06420796351837,15.452957625333594
22.575,-1.349302,3.616535,47.06420787901385,15.45295769368527
22.583333,-1.358727,3.621939,47.06420779434764,15.452957764951416
22.591667,-1.368063,3.627257,47.06420771048092,15.452957835083428
22.6,-1.377668,3.632798,47.06420762419774,15.452957908156288
22.608333,-1.387361,3.638271,47.06420753712404,15.452957980332386
22.616667,-1.396797,3.643596,47.06420745235901,15.452958050556708
22.625,-1.406415,3.648967,47.06420736595904,15.452958121387663
22.633333,-1.416292,3.654552,47.06420727723244,15.45295819504078
22.641667,-1.425751,3.65981,47.0642071922608,15.452958264381529
22.65,-1.435433,3.665262,47.06420710528592,15.452958336280686
22.658333,-1.445035,3.670615,47.06420701902968,15.452958406874265
22.666667,-1.454576,3.675696,47.06420693332142,15.452958473880798
22.675,-1.463843,3.680444,47.06420685007454,15.452958536495837
22.683332999999998,-1.473483,3.685477,47.06420676347695,15.45295860286936
22.691667000000002,-1.482701,3.690518,47.064206680670246,15.452958669348384
22.7,-1.492238,3.695647,47.06420659499792,15.452958736987926
22.708333,-1.501353,3.700759,47.06420651311648,15.452958804403274
22.716667,-1.510793,3.705781,47.06420642831552,15.452958870631733
22.725,-1.519827,3.710829,47.06420634716172,15.45295893720307
22.733333,-1.529227,3.716114,47.06420626272008,15.452959006899883
22.741667,-1.538364,3.721164,47.06420618064101,15.452959073497595
22.75,-1.547585,3.726218,47.06420609780736,15.452959140148062
22.758333,-1.556729,3.731251,47.06420601566541,15.452959206521584
22.766667,-1.56587,3.736211,47.06420593355041,15.452959271932407
22.775,-1.575026,3.741138,47.06420585130066,15.45295933690804
22.783333,-1.584121,3.746028,47.064205769598885,15.452959401395724
22.791667,-1.593223,3.750562,47.06420568783423,15.452959461188602
22.8,-1.60227,3.755225,47.06420560656365,15.452959522682686
22.808332999999998,-1.611172,3.760066,47.06420552659562,15.452959586524177
22.816667000000002,-1.620369,3.764375,47.06420544397756,15.452959643349828
22.825,-1.629284,3.768982,47.064205363892754,15.4529597041054
22.833333,-1.637994,3.773339,47.06420528564949,15.45295976156406
22.841667,-1.647109,3.777588,47.06420520376805,15.452959817598456
22.85,-1.655788,3.781662,47.06420512580327,15.452959871325003
22.858333,-1.664688,3.785815,47.06420504585321,15.45295992609338
22.866667,-1.673606,3.790126,47.06420496574145,15.452959982945409
22.875,-1.682603,3.79461,47.06420488492003,15.4529600420789
22.883333,-1.691547,3.798496,47.06420480457471,15.452960093326167
22.891667,-1.700646,3.802491,47.064204722837,15.452960146010891
22.9,-1.709723,3.806458,47.06420464129692,15.45296019832636
22.908333,-1.718701,3.810815,47.064204560646175,15.452960255785024
22.916667,-1.727549,3.814611,47.06420448116324,15.4529603058454
22.925,-1.736836,3.818857,47.064204397736695,15.45296036184023
22.933332999999998,-1.745624,3.822896,47.06420431879275,15.452960415105212
22.941667000000002,-1.754939,3.826525,47.06420423511467,15.452960462963247
22.95,-1.76388,3.830814,47.06420415479631,15.452960519525146
22.958333,-1.772913,3.835069,47.06420407365149,15.452960575638665
22.966667,-1.781962,3.838902,47.06420399236293,15.452960626186988
22.975,-1.790783,3.843066,47.06420391312255,15.452960681100423
22.983333,-1.800087,3.847385,47.064203829543295,15.452960738057952
22.991667,-1.809101,3.851186,47.06420374856915,15.452960788184267
23.0,-1.818151,3.854863,47.06420366727161,15.452960836675317
23.008333,-1.827399,3.859059,47.06420358419542,15.452960892010758
23.016667,-1.836579,3.862287,47.06420350173007,15.452960934580542
23.025,-1.845934,3.866215,47.06420341769268,15.452960986381692
23.033333,-1.855408,3.869944,47.064203332586295,15.452961035558497
23.041667,-1.864504,3.873779,47.064203250875536,15.452961086133191
23.05,-1.873936,3.878429,47.064203166146434,15.452961147455836
23.058332999999998,-1.883594,3.881371,47.06420307938714,15.452961186253946
23.066667000000002,-1.893176,3.885585,47.06420299331057,15.452961241826769
23.075,-1.902566,3.889278,47.06420290895877,15.452961290528814
23.083333,-1.912529,3.892592,47.06420281945962,15.452961334232736
23.091667,-1.922348,3.896488,47.06420273125404,15.45296138561188
23.1,-1.931796,3.901166,47.0642026463812,15.452961447303776
23.108333,-1.941217,3.905767,47.06420256175092,15.452961507980223
23.116667,-1.950722,3.910382,47.064202476366056,15.452961568841298
23.125,-1.960434,3.914244,47.06420238912168,15.45296161977206
23.133333,-1.970105,3.918334,47.0642023022456,15.452961673709613
23.141667,-1.979039,3.923811,47.06420222199012,15.452961745938454
23.15,-1.989186,3.927438,47.06420213083806,15.452961793770116
23.158333,-1.999458,3.931212,47.06420203856312,15.452961843540365
23.166667,-2.009652,3.935185,47.06420194698885,15.452961895934958
23.175,-2.019654,3.938365,47.06420185713936,15.452961937871732
23.183332999999998,-2.030015,3.942385,47.06420176406491,15.452961990886148
23.191667000000002,-2.040173,3.946171,47.06420167281405,15.452962040814649
23.2,-2.050524,3.949791,47.06420157982943,15.452962088553994
23.208333,-2.060723,3.953623,47.06420148821026,15.452962139089124
23.216667,-2.071084,3.957258,47.06420139513581,15.452962187026284
23.225,-2.081483,3.961036,47.06420130172,15.452962236849284
23.233333,-2.09121,3.964912,47.06420121434088,15.45296228796467
23.241667,-2.100488,3.968586,47.06420113099519,15.45296233641615
23.25,-2.110879,3.972575,47.064201037651245,15.452962389021744
23.258333,-2.121057,3.976683,47.06420094622072,15.45296244319667
23.266667,-2.130617,3.980525,47.06420086034178,15.452962493863678
23.275,-2.140619,3.984702,47.064200770492285,15.452962548948555
23.283333,-2.1505270000000003,3.988951,47.0642006814872,15.45296260498294
23.291667,-2.160229,3.992955,47.06420059433265,15.45296265778635
23.3,-2.1700660000000003,3.99717,47.064200505965374,15.452962713372358
23.308332999999998,-2.1797980000000003,4.001314,47.06420041854133,15.45296276802204
23.316667000000002,-2.1894240000000003,4.005399,47.064200332069504,15.45296282189365
23.325,-2.198993,4.009424,47.06420024610971,15.452962874974
23.333333,-2.2085350000000004,4.013532,47.06420016039247,15.452962929148924
23.341667,-2.2179450000000003,4.017491,47.064200075861,15.452962981358889
156.4,-1.097924,3.242433,47.06421013718083,15.452952760154016
156.40833300000003,-1.099027,3.238973,47.06421012727241,15.452952714524686
156.416667,-1.099548,3.235622,47.064210122592186,15.452952670332811
156.425,-1.100167,3.231775,47.06421011703162,15.45295261959986
156.433333,-1.101569,3.22835,47.06421010443724,15.452952574432098
156.441667,-1.101673,3.223491,47.06421010350299,15.452952510353224
156.45,-1.103212,3.219995,47.06421008967792,15.452952464249142
156.45833299999998,-1.103512,3.215084,47.064210086982975,15.45295239948451
156.46666700000003,-1.104763,3.21078,47.064210075745045,15.45295234272479
156.475,-1.106245,3.207295,47.06421006243202,15.452952296765773
156.483333,-1.106996,3.202745,47.06421005568566,15.45295223676189
156.491667,-1.107783,3.198545,47.06421004861592,15.452952181373687
156.5,-1.108719,3.194325,47.06421004020769,15.452952125721731
156.50833300000002,-1.109716,3.189957,47.06421003125149,15.452952068118002
156.51666699999998,-1.110836,3.185427,47.06421002119036,15.452952008377869
156.525,-1.111958,3.18085,47.064210011111264,15.452951948017915
156.53333300000003,-1.113186,3.176172,47.06421000007996,15.45295188632601
156.541667,-1.114341,3.171561,47.064209989704416,15.45295182551768
156.55,-1.115616,3.166889,47.064209978250894,15.4529517639049
156.558333,-1.116982,3.162256,47.06420996597991,15.452951702806438
156.566667,-1.118391,3.157619,47.06420995332264,15.452951641655227
156.575,-1.119758,3.152825,47.06420994104268,15.45295157843355
156.58333299999998,-1.121202,3.148096,47.064209928071,15.452951516069072
156.59166700000003,-1.122894,3.143488,47.06420991287151,15.452951455300305
156.6,-1.124182,3.138703,47.06420990130121,15.452951392197315
156.608333,-1.125589,3.133834,47.06420988866192,15.452951327986566
156.616667,-1.127068,3.12882,47.06420987537584,15.452951261863603
156.625,-1.12873,3.123855,47.06420986044584,15.45295119638684
156.63333300000002,-1.13048,3.118917,47.06420984472532,15.45295113126614
156.64166699999998,-1.132464,3.113826,47.06420982690274,15.452951064127728
156.65,-1.134634,3.108574,47.0642098074093,15.452950994866104
156.65833300000003,-1.13639,3.103736,47.06420979163488,15.45295093106417
156.666667,-1.137985,3.098803,47.06420977730675,15.45295086600941
156.675,-1.140137,3.09355,47.06420975797501,15.452950796734594
156.683333,-1.142235,3.088308,47.06420973912835,15.452950727604843
156.691667,-1.144441,3.083131,47.06420971931152,15.452950659332291
156.7,-1.146551,3.077769,47.06420970035707,15.45295058862002
156.70833299999998,-1.14869,3.072577,47.0642096811421,15.452950520149653
156.71666700000003,-1.151023,3.06731,47.06420966018441,15.452950450690214
156.725,-1.153264,3.061789,47.06420964005317,15.452950377881104
156.733333,-1.155735,3.056391,47.0642096178558,15.45295030669408
156.741667,-1.158091,3.050927,47.06420959669149,15.452950234636669
156.75,-1.160488,3.04563,47.06420957515887,15.452950164781594
156.75833300000002,-1.163024,3.040059,47.06420955237759,15.452950091313102
156.76666699999998,-1.165639,3.034423,47.06420952888664,15.452950016987414
156.775,-1.168269,3.0287,47.06420950526096,15.452949941514396
156.78333300000003,-1.171056,3.023007,47.0642094802249,15.45294986643701
156.791667,-1.173886,3.0172,47.06420945480259,15.452949789856229
156.8,-1.176941,3.011486,47.06420942735905,15.4529497145019
156.808333,-1.179828,3.00572,47.06420940142469,15.452949638461812
156.816667,-1.182733,2.999754,47.06420937532863,15.452949559784193
156.825,-1.185934,2.993701,47.06420934657356,15.452949479959244
156.83333299999998,-1.189067,2.987828,47.06420931842934,15.45294940250808
156.84166700000003,-1.192136,2.981835,47.06420929086005,15.452949323474392
156.85,-1.195445,2.97569,47.06420926113479,15.45294924243618
156.858333,-1.198672,2.969888,47.06420923214616,15.452949165921336
156.866667,-1.201866,2.963893,47.06420920345397,15.452949086861276
156.875,-1.205015,2.957747,47.06420917516602,15.452949005809876
156.88333300000002,-1.20844,2.951511,47.06420914439872,15.452948923571586
156.89166699999998,-1.211973,2.945283,47.064209112661246,15.452948841438795
156.9,-1.215239,2.939073,47.06420908332227,15.452948759543387
156.90833300000003,-1.218359,2.932827,47.06420905529483,15.45294867717322
156.916667,-1.221822,2.926554,47.06420902418618,15.452948594446983
156.925,-1.225307,2.920283,47.06420899287989,15.45294851174713
156.933333,-1.228631,2.914036,47.06420896301989,15.452948429363774
156.941667,-1.231944,2.907689,47.0642089332587,15.452948345661657
156.95,-1.235153,2.901479,47.064208904431766,15.452948263766244
156.95833299999998,-1.238516,2.895133,47.06420887422141,15.452948180077312
156.96666700000003,-1.241865,2.88878,47.06420884413684,15.452948096296064
156.975,-1.245302,2.882776,47.06420881326174,15.452948017117317
156.983333,-1.248492,2.876842,47.06420878460548,15.4529479388617
156.991667,-1.251757,2.870546,47.06420875527549,15.45294785583215
157.0,-1.25493,2.863941,47.064208726771945,15.452947768727611
157.00833300000002,-1.25827,2.85764,47.06420869676821,15.452947685632129
157.01666699999998,-1.26169,2.851533,47.06420866604583,15.452947605095046
157.025,-1.26493,2.845464,47.064208636940414,15.452947525059098
157.03333300000003,-1.268186,2.839332,47.06420860769127,15.452947444192324
157.041667,-1.271496,2.832635,47.06420857795703,15.45294735587452
157.05,-1.274716,2.826372,47.064208549031285,15.452947273280165
157.058333,-1.277859,2.820364,47.06420852079723,15.452947194048663
157.066667,-1.280977,2.814471,47.06420849278776,15.452947116333744
157.075,-1.284049,2.808076,47.06420846519151,15.452947031998615
157.08333299999998,-1.287147,2.802056,47.06420843736171,15.452946952608864
157.09166700000003,-1.290227,2.796075,47.06420840969359,15.452946873733431
157.1,-1.293471,2.7902,47.064208380552245,15.452946796255889
157.108333,-1.296549,2.784462,47.0642083529021,15.452946720585055
157.116667,-1.299521,2.778557,47.06420832620417,15.452946642711886
157.125,-1.302479,2.772764,47.064208299632,15.452946566315733
157.13333300000002,-1.30564,2.766724,47.064208271236254,15.452946486662226
157.14166699999998,-1.308724,2.760098,47.06420824353221,15.452946399280748
157.15,-1.311592,2.753841,47.06420821776853,15.45294631676552
157.15833300000003,-1.314367,2.747926,47.06420819284028,15.452946238760472
157.166667,-1.317486,2.741785,47.06420816482183,15.452946157775012
157.175,-1.320417,2.735655,47.064208138492205,15.452946076934616
157.183333,-1.323267,2.729613,47.06420811289022,15.452945997254734
157.191667,-1.326248,2.723764,47.06420808611145,15.45294592012007
157.2,-1.329387,2.717997,47.06420805791333,15.452945844066797
157.20833299999998,-1.33233,2.712245,47.06420803147592,15.45294576821134
157.21666700000003,-1.335395,2.705874,47.06420800394255,15.452945684192716
157.225,-1.338431,2.6998,47.0642079766697,15.452945604090832
157.233333,-1.341428,2.693845,47.06420794974719,15.452945525558276
157.241667,-1.344387,2.688046,47.06420792316604,15.452945449083002
157.25,-1.347338,2.681798,47.064207896656754,15.45294536668646
157.25833300000002,-1.350167,2.675691,47.06420787124341,15.45294528614938
157.26666699999998,-1.353102,2.669681,47.06420784487786,15.452945206891506
157.275,-1.356014,2.663713,47.06420781871892,15.452945128187514
157.28333300000003,-1.358967,2.657997,47.06420779219167,15.452945052806813
157.291667,-1.361723,2.652432,47.0642077674341,15.45294497941745
157.3,-1.364483,2.646598,47.0642077426406,15.452944902480606
157.308333,-1.36721,2.640377,47.06420771814354,15.452944820440132
157.316667,-1.370204,2.634468,47.06420769124798,15.45294474251421
157.325,-1.373148,2.62878,47.06420766480158,15.452944667502765
157.33333299999998,-1.376025,2.623131,47.06420763895705,15.452944593005638
157.34166700000003,-1.378896,2.617333,47.06420761316642,15.452944516543548
157.35,-1.381959,2.611338,47.06420758565102,15.45294443748349
157.358333,-1.384842,2.605228,47.06420755975259,15.452944356906846
157.366667,-1.387683,2.599154,47.06420753423144,15.452944276804962
157.375,-1.390717,2.592726,47.06420750697656,15.452944192034645
157.38333300000002,-1.39368,2.586559,47.06420748035948,15.452944110706303
157.39166699999998,-1.396595,2.580456,47.06420745417359,15.452944030221976
157.4,-1.399543,2.574418,47.06420742769125,15.452943950594848
157.40833300000003,-1.402725,2.568395,47.06420739910686,15.452943871165532
157.416667,-1.405676,2.562369,47.06420737259758,15.452943791696654
157.425,-1.408488,2.556035,47.06420734733695,15.452943708165977
157.433333,-1.411452,2.549941,47.064207320710885,15.452943627800336
157.441667,-1.414405,2.543742,47.06420729418364,15.452943546049992
157.45,-1.417574,2.537626,47.06420726571602,15.452943465394226
157.45833299999998,-1.420752,2.531453,47.064207237167565,15.452943383986762
157.46666700000003,-1.42386,2.525303,47.064207209247925,15.452943302882614
157.475,-1.427027,2.518908,47.06420718079827,15.452943218547489
157.483333,-1.429837,2.512543,47.064207155555614,15.452943134607994
157.491667,-1.43287,2.506342,47.06420712830971,15.452943052831277
157.5,-1.435905,2.499968,47.064207101045845,15.452942968773094
157.50833300000002,-1.439014,2.493594,47.06420707311722,15.45294288471491
157.51666699999998,-1.442249,2.487182,47.06420704405672,15.452942800155595
157.525,-1.445309,2.480714,47.06420701656828,15.45294271485777
157.53333300000003,-1.448574,2.474347,47.064206987238286,15.4529426308919
157.541667,-1.451745,2.467752,47.06420695875271,15.45294254391924
157.55,-1.455019,2.461481,47.06420692934186,15.452942461219385
157.558333,-1.458277,2.45497,47.06420690007475,15.45294237535449
157.566667,-1.461534,2.448348,47.06420687081663,15.452942288025763
157.575,-1.464851,2.441642,47.06420684101951,15.452942199589277
157.58333299999998,-1.468051,2.43494,47.06420681227342,15.452942111205536
157.59166700000003,-1.471332,2.428294,47.064206782799694,15.45294202356031
157.6,-1.474683,2.421583,47.06420675269715,15.452941935057884
157.608333,-1.477882,2.414832,47.06420672396005,15.452941846027947
157.616667,-1.481244,2.408094,47.06420669375869,15.452941757169452
157.625,-1.484519,2.401382,47.06420666433886,15.452941668653835
157.63333300000002,-1.487936,2.394805,47.06420663364343,15.452941581918555
157.64166699999998,-1.491182,2.388033,47.06420660448412,15.452941492611682
157.65,-1.49439,2.381415,47.06420657566616,15.452941405335704
157.65833300000003,-1.497563,2.37469,47.06420654716262,15.452941316648651
157.666667,-1.500787,2.368235,47.06420651820093,15.452941231522267
157.675,-1.504199,2.361275,47.064206487550415,15.452941139736112
157.683333,-1.507375,2.35466,47.06420645901992,15.452941052499702
157.691667,-1.510729,2.347943,47.06420642889043,15.45294096391815
157.7,-1.514064,2.341149,47.06420639893161,15.452940874321143
157.70833299999998,-1.517448,2.334378,47.06420636853262,15.452940785027458
157.71666700000003,-1.520765,2.327651,47.06420633873551,15.452940696314029
157.725,-1.524059,2.320712,47.064206309145,15.452940604804812
157.733333,-1.527341,2.31408,47.06420627966229,15.452940517344212
157.741667,-1.530595,2.307222,47.06420625043111,15.4529404269032
157.75,-1.533805,2.300571,47.06420622159519,15.45294033919203
157.75833300000002,-1.536998,2.293725,47.06420619291198,15.45294024890927
157.76666699999998,-1.540183,2.286948,47.06420616430064,15.452940159536457
157.775,-1.543529,2.280008,47.064206134243015,15.452940068014057
157.78333300000003,-1.546756,2.273055,47.06420610525439,15.452939976320213
157.791667,-1.550155,2.266254,47.06420607472064,15.452939886630896
157.8,-1.553295,2.259218,47.06420604651355,15.45293979384248
157.808333,-1.556435,2.252358,47.06420601830645,15.45293970337509
157.816667,-1.559717,2.245504,47.064205988823744,15.452939612986826
157.825,-1.562901,2.238916,47.064205960221386,15.452939526106483
157.83333299999998,-1.566207,2.232121,47.06420593052308,15.452939436496292
157.84166700000003,-1.569415,2.225779,47.06420590170512,15.452939352860117
157.85,-1.572807,2.219344,47.06420587123427,15.452939267997484
157.858333,-1.576024,2.212744,47.06420584233548,15.452939180958888
157.866667,-1.579178,2.206486,47.064205814002605,15.452939098430477
157.875,-1.582423,2.200166,47.06420578485228,15.452939015084429
157.88333300000002,-1.585673,2.193812,47.06420575565703,15.45293893129
157.89166699999998,-1.589106,2.187499,47.06420572481787,15.452938848036265
157.9,-1.592435,2.181234,47.06420569491295,15.452938765415537
157.90833300000003,-1.595764,2.174911,47.06420566500803,15.452938682029924
157.916667,-1.599102,2.168582,47.06420563502227,15.452938598565188
157.925,-1.602392,2.162501,47.0642056054677,15.452938518370992
157.933333,-1.605625,2.156189,47.06420557642516,15.452938435130443
157.941667,-1.608989,2.14981,47.06420554620584,15.452938351006324
157.95,-1.612139,2.143798,47.0642055179089,15.452938271722076
157.95833299999998,-1.615425,2.137702,47.064205488390265,15.452938191330066
157.96666700000003,-1.618611,2.13161,47.06420545976994,15.452938110990804
157.975,-1.621846,2.125425,47.06420543070944,15.452938029425091
157.983333,-1.625134,2.119571,47.06420540117283,15.4529379522245
157.991667,-1.628459,2.113532,47.06420537130385,15.452937872584185
158.0,-1.631742,2.107593,47.06420534181216,15.452937794262638
158.00833300000002,-1.635045,2.101444,47.0642053121408,15.45293771317168
158.01666699999998,-1.638233,2.095383,47.0642052835025,15.452937633241236
158.025,-1.641519,2.089481,47.06420525398386,15.452937555407637
158.03333300000003,-1.644792,2.083557,47.064205224582,15.452937477283902
158.041667,-1.648024,2.077652,47.06420519554846,15.452937399410736
158.05,-1.651342,2.071712,47.06420516574235,15.452937321076003
158.058333,-1.654572,2.065847,47.06420513672677,15.452937243730345
158.066667,-1.657915,2.06008,47.064205106696086,15.452937167677074
158.075,-1.661511,2.054724,47.06420507439267,15.452937097043936
158.08333299999998,-1.664823,2.049236,47.06420504464047,15.452937024670026
158.09166700000003,-1.668353,2.043592,47.06420501292994,15.452936950238842
158.1,-1.671969,2.038019,47.06420498044686,15.45293687674398
158.108333,-1.67546,2.032417,47.06420494908667,15.452936802866676
158.116667,-1.678955,2.026678,47.06420491769055,15.452936727182662
158.125,-1.682662,2.021374,47.06420488439,15.452936657235282
158.13333300000002,-1.68613,2.015749,47.06420485323643,15.452936583054662
158.14166699999998,-1.689802,2.01021,47.064204820250296,15.452936510008184
158.15,-1.693198,2.004567,47.06420478974351,15.452936435590184
158.15833300000003,-1.696621,1.998797,47.06420475899418,15.452936359497354
158.166667,-1.70007,1.993162,47.06420472801128,15.452936285184858
158.175,-1.703613,1.987683,47.06420469618397,15.452936212929638
158.183333,-1.707198,1.982506,47.06420466397937,15.452936144657093
158.191667,-1.710684,1.977195,47.0642046326641,15.4529360746174
158.2,-1.714289,1.971766,47.06420460027983,15.45293600302156
158.20833299999998,-1.71769,1.966051,47.064204569728126,15.452935927654051
158.21666700000003,-1.721517,1.960565,47.0642045353496,15.45293585530652
158.225,-1.725223,1.955387,47.06420450205804,15.452935787020786
158.233333,-1.729135,1.950228,47.06420446691594,15.45293571898562
158.241667,-1.732654,1.9449410000000005,47.06420443530423,15.452935649262432
158.25,-1.736459,1.939195,47.06420440112333,15.452935573486108
158.25833300000002,-1.740157,1.933835,47.06420436790363,15.452935502800218
158.26666699999998,-1.743931,1.928594,47.06420433400121,15.452935433683663
158.275,-1.747721,1.923168,47.06420429995506,15.452935362127391
158.28333300000003,-1.751669,1.9178,47.06420426448957,15.452935291336004
158.291667,-1.755206,1.912123,47.06420423271616,15.452935216469625
158.3,-1.759409,1.907043,47.06420419495997,15.452935149476286
158.308333,-1.763076,1.901108,47.06420416201875,15.452935071207492
158.316667,-1.766957,1.895401,47.06420412715513,15.452934995945483
158.325,-1.770858,1.890149,47.06420409211184,15.452934926683865
158.33333299999998,-1.774638,1.88456,47.064204058155525,15.452934852978004
158.34166700000003,-1.778408,1.879033,47.06420402428904,15.452934780089777
158.35,-1.782296,1.873493,47.06420398936254,15.45293470703011
158.358333,-1.78637,1.867966,47.064203952765176,15.45293463414188
158.366667,-1.790365,1.86269,47.06420391687748,15.452934564563758
158.375,-1.794124,1.857098,47.06420388310981,15.452934490818333
158.38333300000002,-1.798062,1.851636,47.06420384773416,15.452934418787304
158.39166699999998,-1.801856,1.845806,47.06420381365208,15.452934341903214
158.4,-1.805661,1.840374,47.06420377947118,15.452934270267816
158.40833300000003,-1.80981,1.835123,47.06420374220008,15.452934201019389
158.416667,-1.813725,1.829575,47.06420370703104,15.45293412785422
158.425,-1.817469,1.824074,47.06420367339811,15.452934055308871
158.433333,-1.821424,1.818365,47.06420363786975,15.452933980020488
158.441667,-1.825521,1.81236,47.06420360106577,15.452933900828556
158.45,-1.829331,1.806576,47.06420356683995,15.4529338245511
158.45833299999998,-1.833427,1.800912,47.06420353004496,15.452933749856166
158.46666700000003,-1.837362,1.79519,47.06420349469626,15.452933674396345
158.475,-1.84134,1.789428,47.06420345896127,15.452933598409016
158.483333,-1.845163,1.783884,47.06420342461868,15.4529335252966
158.491667,-1.849012,1.778136,47.06420339004253,15.4529334494939
158.5,-1.852802,1.772458,47.064203355996376,15.452933374614338
158.50833300000002,-1.856485,1.767069,47.06420332291143,15.45293330354601
158.51666699999998,-1.860135,1.761381,47.06420329012292,15.45293322853457
158.525,-1.863807,1.755838,47.06420325713678,15.452933155435344
158.53333300000003,-1.867636,1.749975,47.06420322274029,15.45293307811606
158.541667,-1.871163,1.744308,47.06420319105671,15.452933003381563
158.55,-1.875263,1.739144,47.06420315422579,15.452932935280458
158.558333,-1.878673,1.73289,47.06420312359323,15.452932852804798
158.566667,-1.882119,1.727312,47.06420309263729,15.452932779244
158.575,-1.885777,1.72196,47.06420305977692,15.452932708663615
158.58333299999998,-1.888843,1.716169,47.06420303223457,15.452932632293848
158.59166700000003,-1.892005,1.710575,47.06420300382984,15.452932558522049
158.6,-1.895187,1.705155,47.06420297524545,15.452932487044905
158.608333,-1.898564,1.699957,47.06420294490935,15.452932418495418
158.616667,-1.90176,1.694632,47.06420291619919,15.452932348271103
158.625,-1.904886,1.689302,47.06420288811786,15.452932277980848
158.63333300000002,-1.908101,1.684317,47.06420285923702,15.452932212240338
158.64166699999998,-1.911283,1.679457,47.06420283065263,15.452932148148284
158.65,-1.914383,1.674174,47.064202802804864,15.452932078477849
158.65833300000003,-1.917516,1.668824,47.06420277466064,15.45293200792384
158.666667,-1.920563,1.663694,47.064202747288974,15.452931940271116
158.675,-1.923422,1.658431,47.064202721606144,15.452931870864434
158.683333,-1.926517,1.653334,47.06420269380328,15.452931803646909
158.691667,-1.929349,1.6483,47.064202668363,15.4529317372602
158.7,-1.932264,1.643236,47.06420264217711,15.452931670477865
158.70833299999998,-1.93525,1.638491,47.064202615353416,15.452931607902396
158.71666700000003,-1.937853,1.633378,47.064202591970265,15.452931540473864
158.725,-1.940734,1.628404,47.06420256608981,15.45293147487842
158.733333,-1.943215,1.623565,47.0642025438026,15.452931411063307
158.741667,-1.945877,1.618677,47.06420251988945,15.452931346602002
158.75,-1.948314,1.613931,47.06420249799751,15.452931284013342
158.75833300000002,-1.951021,1.609346,47.06420247368011,15.452931223547896
158.76666699999998,-1.953529,1.604428,47.064202451150365,15.45293115869096
158.775,-1.956345,1.59991,47.0642024258538,15.452931099109088
158.78333300000003,-1.958737,1.595009,47.0642024043661,15.452931034476345
158.791667,-1.961567,1.59011,47.06420237894378,15.452930969869971
158.8,-1.964049,1.585555,47.0642023566476,15.45293090980016
158.808333,-1.966413,1.580681,47.06420233541142,15.45293084552348
158.816667,-1.968501,1.57605,47.0642023166546,15.452930784451404
158.825,-1.970853,1.571232,47.06420229552622,15.452930720913232
158.83333299999998,-1.973134,1.566616,47.064202275035655,15.452930660038971
158.84166700000003,-1.975253,1.561976,47.06420225600035,15.452930598848209
158.85,-1.977551,1.557567,47.064202235357065,15.452930540703791
158.858333,-1.979796,1.553201,47.06420221518989,15.452930483126446
158.866667,-1.981634,1.548507,47.06420219867885,15.452930421223543
158.875,-1.983723,1.544229,47.06420217991304,15.452930364806711
158.88333300000002,-1.985628,1.539369,47.064202162800136,15.452930300714662
158.89166699999998,-1.98773,1.534761,47.06420214391756,15.452930239945903
158.9,-1.989718,1.530565,47.06420212605904,15.45293018461046
158.90833300000003,-1.991326,1.525486,47.06420211161414,15.45293011763031
158.916667,-1.993005,1.52066,47.06420209653143,15.452930053986638
158.925,-1.994645,1.515955,47.06420208179905,15.452929991938676
158.933333,-1.996343,1.511142,47.06420206654565,15.452929928466444
158.941667,-1.998083,1.506576,47.06420205091497,15.452929868251566
158.95,-1.999741,1.501887,47.06420203602091,15.452929806414604
158.95833299999998,-2.0013300000000003,1.497432,47.06420202174668,15.45292974766356
158.96666700000003,-2.002726,1.492674,47.0642020092062,15.452929684916649
158.975,-2.0039670000000003,1.487928,47.0642019980581,15.452929622327993
158.983333,-2.005463,1.483321,47.06420198461931,15.452929561572418
158.991667,-2.007,1.478809,47.0642019708122,15.452929502069672
159.0,-2.008402,1.473981,47.06420195821782,15.452929438399629
159.00833300000002,-2.009793,1.469389,47.06420194572225,15.452929377841867
159.01666699999998,-2.011346,1.465039,47.06420193177142,15.452929320475528
159.025,-2.012407,1.46014,47.06420192224029,15.452929255869154
159.03333300000003,-2.0137970000000003,1.455505,47.06420190975371,15.452929194744328
159.041667,-2.015261,1.450848,47.06420189660238,15.452929133329372
159.05,-2.016495,1.446052,47.06420188551717,15.452929070081332
159.058333,-2.0176540000000003,1.441391,47.06420187510569,15.452929008613626
159.066667,-2.019003,1.436563,47.06420186298742,15.45292894494358
159.075,-2.020487,1.431503,47.06420184965642,15.452928878213996
159.08333299999998,-2.021292,1.426858,47.064201842424986,15.452928816957291
159.09166700000003,-2.022411,1.422187,47.06420183237283,15.452928755357709
159.1,-2.02359,1.417462,47.064201821781694,15.45292869304599
159.108333,-2.0247390000000003,1.412796,47.06420181146005,15.452928631512346
159.116667,-2.025655,1.408001,47.06420180323149,15.452928568277494
159.125,-2.0267310000000003,1.403197,47.064201793565616,15.452928504923952
159.13333300000002,-2.027817,1.398611,47.06420178380992,15.45292844444532
159.14166699999998,-2.0286500000000003,1.393694,47.06420177632695,15.45292837960157
159.15,-2.029435,1.38889,47.06420176927517,15.452928316248029
159.15833300000003,-2.03017,1.384119,47.06420176267255,15.45292825332968
159.166667,-2.030939,1.379266,47.06420175576451,15.45292818932994
159.175,-2.031524,1.374481,47.06420175050937,15.452928126226965
159.183333,-2.032135,1.369592,47.06420174502066,15.45292806175247
159.191667,-2.032575,1.364788,47.06420174106807,15.452927998398929
159.2,-2.033232,1.360039,47.06420173516614,15.452927935770708
159.20833299999998,-2.03365,1.355319,47.06420173141118,15.452927873524931
159.21666700000003,-2.03397,1.350341,47.064201728536574,15.452927807876735
159.225,-2.034157,1.345414,47.06420172685672,15.452927742901112
159.233333,-2.034694,1.340565,47.06420172203277,15.452927678954126
159.241667,-2.035053,1.335736,47.06420171880782,15.452927615270893
159.25,-2.035481,1.3309,47.06420171496303,15.452927551495344
159.25833300000002,-2.036053,1.326205,47.064201709824665,15.452927489579256
159.26666699999998,-2.036393,1.321456,47.0642017067704,15.452927426951035
159.275,-2.036659,1.316638,47.06420170438088,15.452927363412869
159.28333300000003,-2.036818,1.311704,47.06420170295255,15.45292729834493
159.291667,-2.037088,1.306862,47.0642017005271,15.452927234490256
159.3,-2.036429,1.301496,47.064201706446994,15.452927163725247
159.308333,-2.0365610000000003,1.296821,47.06420170526122,15.452927102072914
159.316667,-2.03668,1.292064,47.06420170419222,15.452927039339192
159.325,-2.03673,1.28755,47.064201703743066,15.452926979810073
159.33333299999998,-2.036749,1.282885,47.06420170357239,15.452926918289617
159.34166700000003,-2.036737,1.278161,47.06420170368018,15.452926855991086
159.35,-2.036368,1.273217,47.06420170699496,15.45292679079127
159.358333,-2.036318,1.268622,47.06420170744412,15.45292673019395
159.366667,-2.0361670000000003,1.264199,47.064201708800574,15.452926671864908
159.375,-2.035959,1.259845,47.06420171066907,15.452926614445811
159.38333300000002,-2.035869,1.255602,47.06420171147755,15.45292655849055
159.39166699999998,-2.035511,1.251196,47.06420171469352,15.4529265003857
159.4,-2.034512,1.246168,47.064201723667686,15.45292643407812
159.40833300000003,-2.0343210000000003,1.241949,47.06420172538347,15.45292637843936
159.416667,-2.033932,1.237985,47.06420172887791,15.452926326163452
159.425,-2.033764,1.2337,47.06420173038708,15.45292626965431
159.433333,-2.03372,1.229725,47.06420173078234,15.452926217233342
159.441667,-2.033604,1.225783,47.06420173182439,15.452926165247568
159.45,-2.033234,1.22149,47.06420173514815,15.45292610863292
159.45833299999998,-2.03263,1.217219,47.06420174057398,15.452926052308406
159.46666700000003,-2.032178,1.212773,47.06420174463436,15.452925993676049
159.475,-2.031688,1.208615,47.06420174903611,15.452925938841735
159.483333,-2.031227,1.204737,47.06420175317734,15.45292588769997
159.491667,-2.030425,1.200463,47.06420176038184,15.452925831335891
159.5,-2.029744,1.19653,47.064201766499366,15.452925779468806
159.50833300000002,-2.02923,1.19288,47.06420177111671,15.452925731333831
159.51666699999998,-2.028515,1.188834,47.06420177753966,15.452925677976536
159.525,-2.027834,1.18542,47.06420178365719,15.452925632953848
159.53333300000003,-2.027131,1.181282,47.06420178997234,15.45292557838329
159.541667,-2.0262640000000003,1.177497,47.06420179776074,15.45292552846798
159.55,-2.02523,1.173777,47.06420180704932,15.452925479409869
159.558333,-2.024649,1.17039,47.064201812268536,15.452925434743245
159.566667,-2.0239510000000003,1.167004,47.06420181853878,15.452925390089812
159.575,-2.022955,1.163506,47.064201827486,15.45292534395936
159.58333299999998,-2.022378,1.160223,47.06420183266928,15.452925300664257
159.59166700000003,-2.02137,1.156824,47.06420184172429,15.452925255839382
159.6,-2.020443,1.153447,47.06420185005168,15.452925211304638
159.608333,-2.019435,1.150217,47.0642018591067,15.45292516870848
159.616667,-2.01844,1.146955,47.06420186804493,15.452925125690316
159.625,-2.017358,1.143669,47.0642018777647,15.452925082355652
159.63333300000002,-2.016298,1.140592,47.06420188728685,15.452925041777206
159.64166699999998,-2.015073,1.137447,47.06420189829121,15.452925000302
159.65,-2.013721,1.13435,47.06420191043643,15.452924959459802
159.65833300000003,-2.0125610000000003,1.131419,47.06420192085689,15.452924920806757
159.666667,-2.011406,1.12826,47.06420193123243,15.452924879146922
159.675,-2.010074,1.125124,47.06420194319799,15.452924837790404
159.683333,-2.008883,1.12207,47.06420195389693,15.452924797515276
159.691667,-2.007495,1.119104,47.06420196636554,15.452924758400664
159.7,-2.005957,1.116061,47.06420198018162,15.452924718270598
159.70833299999998,-2.004857,1.113215,47.06420199006309,15.452924680738503
159.71666700000003,-2.003434,1.110207,47.06420200284612,15.452924641070007
159.725,-2.001899,1.107248,47.06420201663526,15.452924602047707
159.733333,-2.000749,1.104378,47.06420202696589,15.45292456419911
159.741667,-1.999313,1.101475,47.06420203986569,15.452924525915318
159.75,-1.99764,1.098622,47.06420205489451,15.452924488290908
159.75833300000002,-1.996288,1.095823,47.06420206703973,15.452924451378632
159.76666699999998,-1.994844,1.093026,47.0642020800114,15.452924414492736
159.775,-1.993273,1.090291,47.064202094123935,15.452924378424472
159.78333300000003,-1.991654,1.08745,47.06420210866766,15.452924340958315
159.791667,-1.990128,1.084737,47.064202122375946,15.45292430518018
159.8,-1.988467,1.082076,47.06420213729697,15.452924270087806
159.808333,-1.986659,1.079216,47.06420215353851,15.452924232371084
159.816667,-1.985169,1.076544,47.06420216692341,15.452924197133642
159.825,-1.983332,1.073854,47.064202183425465,15.452924161658824
159.83333299999998,-1.981742,1.071125,47.06420219770868,15.452924125669686
159.84166700000003,-1.980021,1.068428,47.06420221316869,15.452924090102554
159.85,-1.97845,1.065601,47.06420222728122,15.452924052821023
159.858333,-1.9766,1.063007,47.06420224390005,15.45292401861222
159.866667,-1.975058,1.060318,47.06420225775207,15.452923983150589
159.875,-1.972908,1.057688,47.06420227706585,15.452923948467031
159.88333300000002,-1.971108,1.054994,47.064202293235525,15.452923912939465
159.89166699999998,-1.969526,1.052439,47.06420230744687,15.452923879244976
159.9,-1.967537,1.049832,47.06420232531436,15.452923844864731
159.90833300000003,-1.965447,1.047204,47.06420234408915,15.45292381020755
159.916667,-1.963602,1.044452,47.06420236066307,15.452923773915096
159.925,-1.961574,1.04178,47.0642023788809,15.452923738677653
159.933333,-1.959395,1.039291,47.0642023984552,15.452923705853555
159.941667,-1.957145,1.036724,47.064202418667286,15.45292367200082
159.95,-1.955244,1.034148,47.06420243574426,15.452923638029397
159.95833299999998,-1.953245,1.031081,47.06420245370158,15.452923597582824
159.96666700000003,-1.951076,1.028598,47.06420247318604,15.452923564837851
159.975,-1.949008,1.025998,47.0642024917632,15.452923530549926
159.983333,-1.946721,1.023624,47.06420251230767,15.45292349924241
159.991667,-1.944873,1.021116,47.06420252890854,15.452923466167745
160.0,-1.942255,1.018822,47.06420255242643,15.45292343591524
160.00833300000002,-1.94026,1.016285,47.064202570347824,15.452923402458133
160.01666699999998,-1.937641,1.014051,47.0642025938747,15.45292337299689
160.025,-1.935511,1.011493,47.06420261300881,15.452923339262842
160.03333300000003,-1.933362,1.00894,47.06420263231361,15.452923305594734
160.041667,-1.931076,1.006439,47.06420265284909,15.452923272612384
160.05,-1.928822,1.004062,47.06420267309712,15.452923241265305
160.058333,-1.926738,1.00143,47.06420269181801,15.452923206555369
160.066667,-1.9245,0.998947,47.06420271192231,15.452923173810396
160.075,-1.922406,0.996305,47.06420273073304,15.452923138968586
160.08333299999998,-1.91999,0.99391,47.06420275243633,15.452923107384128
160.09166700000003,-1.91743,0.991573,47.0642027754332,15.452923076564554
160.1,-1.914845,0.98937,47.064202798654655,15.452923047512126
160.108333,-1.912136,0.987065,47.06420282299002,15.452923017114555
160.116667,-1.909859,0.984429,47.064202843444654,15.45292298235187
160.125,-1.907114,0.982377,47.06420286810341,15.452922955290784
160.13333300000002,-1.904842,0.979877,47.06420288851312,15.45292292232162
160.14166699999998,-1.90197,0.97762,47.06420291431274,15.45292289255706
160.15,-1.899178,0.975612,47.06420293939371,15.45292286607623
160.15833300000003,-1.89644,0.973576,47.06420296398958,15.452922839226144
160.166667,-1.893588,0.971549,47.064202989609534,15.452922812494746
160.175,-1.891164,0.969259,47.0642030113847,15.45292278229499
160.183333,-1.888334,0.967418,47.064203036807015,15.4529227580165
160.191667,-1.885628,0.965449,47.06420306111543,15.452922732049988
160.2,-1.883057,0.96349,47.06420308421112,15.45292270621535
160.20833299999998,-1.880261,0.961534,47.06420310932801,15.452922680420276
160.21666700000003,-1.877686,0.959473,47.06420313245963,15.4529226532405
160.225,-1.874492,0.957873,47.06420316115182,15.452922632140234
160.233333,-1.871822,0.955772,47.06420318513685,15.45292260443295
160.241667,-1.869472,0.953808,47.06420320624726,15.452922578532377
160.25,-1.866588,0.951923,47.06420323215467,15.452922553673629
160.25833300000002,-1.863843,0.949923,47.06420325681342,15.452922527298297
160.26666699999998,-1.861114,0.947721,47.06420328132844,15.452922498259056
160.275,-1.858336,0.945854,47.06420330628364,15.452922473637686
160.28333300000003,-1.855237,0.94417,47.06420333412243,15.452922451429655
160.291667,-1.852405,0.942012,47.06420335956272,15.452922422970676
160.3,-1.849298,0.940186,47.06420338747338,15.452922398889998
160.308333,-1.84628,0.938283,47.06420341458453,15.45292237379387
160.316667,-1.843326,0.936166,47.06420344112077,15.452922345875582
160.325,-1.84019,0.934098,47.06420346929193,15.45292231860349
160.33333299999998,-1.837163,0.932134,47.06420349648394,15.452922292702915
160.34166700000003,-1.834047,0.930067,47.06420352447544,15.452922265444007
160.35,-1.83096,0.928027,47.06420355220644,15.452922238541174
160.358333,-1.827873,0.925906,47.06420357993744,15.452922210570136
160.366667,-1.824499,0.924071,47.064203610246594,15.45292218637077
160.375,-1.821338,0.921992,47.06420363864233,15.452922158953612
160.38333300000002,-1.818176,0.919968,47.06420366704707,15.452922132261778
160.39166699999998,-1.814815,0.918165,47.06420369723944,15.45292210848442
160.4,-1.811625,0.91601,47.0642037258957,15.452922080064996
160.40833300000003,-1.80815,0.914067,47.06420375711216,15.452922054441364
160.416667,-1.804702,0.912066,47.06420378808607,15.452922028052846
160.425,-1.801209,0.909917,47.06420381946422,15.452921999712553
160.433333,-1.797624,0.907894,47.06420385166882,15.452921973033904
160.441667,-1.794019,0.905845,47.064203884053086,15.45292194601238
160.45,-1.790425,0.903684,47.06420391633854,15.452921917513832
160.45833299999998,-1.786606,0.90153,47.0642039506452,15.452921889107602
160.46666700000003,-1.782831,0.899462,47.064203984556606,15.45292186183551
160.475,-1.778921,0.8973380000000001,47.06420401968073,15.45292183382491
160.483333,-1.774988,0.895294,47.06420405501147,15.45292180686932
160.491667,-1.771092,0.8928280000000001,47.06420409000984,15.452921774348535
160.5,-1.766983,0.890648,47.06420412692161,15.452921745599426
160.50833300000002,-1.762777,0.8885850000000001,47.06420416470475,15.452921718393274
160.51666699999998,-1.758586,0.886618,47.06420420235314,15.452921692453131
160.525,-1.754246,0.8846160000000001,47.06420424134002,15.452921666051427
160.53333300000003,-1.750041,0.882486,47.06420427911418,15.4529216379617
160.541667,-1.745664,0.8802190000000001,47.06420431843344,15.452921608065264
160.55,-1.741427,0.878061,47.06420435649506,15.45292157960628
160.558333,-1.737132,0.87578,47.0642043950777,15.452921549525216
160.566667,-1.73254,0.873461,47.06420443632834,15.452921518943016
160.575,-1.727955,0.871294,47.06420447751609,15.452921490365345
160.58333299999998,-1.723065,0.8689490000000001,47.06420452144371,15.452921459440269
160.59166700000003,-1.718163,0.8666400000000001,47.06420456547913,15.45292142898995
160.6,-1.71321,0.864324,47.06420460997269,15.452921398447316
160.608333,-1.707992,0.8619,47.064204656846776,15.452921366480412
160.616667,-1.702886,0.859417,47.06420470271476,15.452921333735436
160.625,-1.697566,0.856977,47.064204750505134,15.452921301557534
160.63333300000002,-1.692255,0.854479,47.064204798214654,15.452921268614745
160.64166699999998,-1.686722,0.852094,47.06420484791844,15.452921237162164
160.65,-1.6814,0.849587,47.06420489572678,15.452921204100685
160.65833300000003,-1.675736,0.847148,47.06420494660736,15.452921171935968
160.666667,-1.670122,0.844277,47.06420499703879,15.45292113407418
160.675,-1.664475,0.8415090000000001,47.06420504776665,15.452921097570725
160.683333,-1.658836,0.8387260000000001,47.06420509842265,15.45292106086945
160.691667,-1.652922,0.83587,47.06420515154901,15.452921023205477
160.7,-1.647316,0.833005,47.06420520190857,15.452920985422816
160.70833299999998,-1.641052,0.830152,47.06420525817904,15.452920947798406
160.71666700000003,-1.634688,0.8272930000000001,47.06420531534782,15.45292091009487
160.725,-1.628612,0.82458,47.06420536992946,15.452920874316732
160.733333,-1.622001,0.821739,47.06420542931709,15.452920836850575
160.741667,-1.615586,0.818786,47.064205486944005,15.4529207979074
160.75,-1.609206,0.8158420000000001,47.06420554425653,15.452920759082913
160.75833300000002,-1.602529,0.813069,47.06420560423703,15.452920722513516
160.76666699999998,-1.596382,0.8103,47.06420565945647,15.452920685996869
160.775,-1.589756,0.807659,47.06420571897884,15.452920651168242
160.78333300000003,-1.582841,0.804585,47.06420578109734,15.452920610629356
160.791667,-1.576596,0.8016840000000001,47.064205837197136,15.452920572371935
160.8,-1.569891,0.7986960000000001,47.064205897429176,15.452920532967193
160.808333,-1.562842,0.7958970000000001,47.064205960751416,15.452920496054915
160.816667,-1.556087,0.7928850000000001,47.06420602143262,15.452920456333665
160.825,-1.549329,0.789733,47.06420608214076,15.45292041476614
160.83333299999998,-1.542169,0.787058,47.06420614646013,15.452920379489132
160.84166700000003,-1.535375,0.784006,47.06420620749167,15.452920339240375
160.85,-1.528534,0.780607,47.06420626894542,15.4529202944155
160.858333,-1.521778,0.7775340000000001,47.0642063296356,15.4529202538898
160.866667,-1.514915,0.774386,47.06420639128698,15.452920212375028
160.875,-1.508103,0.7714500000000001,47.06420645248021,15.45292017365604
160.88333300000002,-1.501049,0.768242,47.064206515847374,15.452920131350009
160.89166699999998,-1.49425,0.764911,47.06420657692383,15.452920087421887
160.9,-1.487231,0.761476,47.064206639976575,15.452920042122258
160.90833300000003,-1.480329,0.758286,47.0642067019783,15.452920000053602
160.916667,-1.473582,0.7548590000000001,47.06420676258763,15.45291995485947
160.925,-1.466781,0.751399,47.06420682368205,15.452919909230143
160.933333,-1.459769,0.747789,47.06420688667192,15.45291986162267
160.941667,-1.452685,0.744209,47.064206950308574,15.452919814410825
160.95,-1.445971,0.740768,47.06420701062146,15.452919769032066
160.95833299999998,-1.438902,0.737526,47.06420707412337,15.452919726277653
160.96666700000003,-1.431995,0.7339340000000001,47.064207136170005,15.452919678907556
160.975,-1.425188,0.7304740000000001,47.064207197318325,15.452919633278231
160.983333,-1.418444,0.726983,47.06420725790071,15.452919587240087
160.991667,-1.411734,0.7234820000000001,47.06420731817767,15.452919541070068
161.0,-1.405277,0.720147,47.06420737618188,15.4529194970892
161.00833300000002,-1.398462,0.716595,47.06420743740208,15.452919450246611
161.01666699999998,-1.391923,0.713179,47.06420749614291,15.452919405197544
161.025,-1.385104,0.7097100000000001,47.06420755739903,15.452919359449533
161.03333300000003,-1.378439,0.706225,47.06420761727175,15.452919313490511
161.041667,-1.372061,0.702808,47.0642076745663,15.452919268428255
161.05,-1.365571,0.699191,47.06420773286696,15.452919220728468
161.058333,-1.359118,0.695669,47.06420779083525,15.452919174281508
161.066667,-1.352775,0.692184,47.06420784781538,15.45291912832249
161.075,-1.346868,0.688805,47.06420790087887,15.452919083761364
161.08333299999998,-1.340345,0.685049,47.06420795947598,15.45291903422849
161.09166700000003,-1.334289,0.68165,47.06420801387795,15.452918989403612
161.1,-1.327787,0.678081,47.06420807228641,15.452918942336831
161.108333,-1.321777,0.6745220000000001,47.06420812627516,15.452918895401927
161.116667,-1.315483,0.6710630000000001,47.06420818281512,15.452918849785789
161.125,-1.309353,0.667589,47.06420823788185,15.452918803971835
161.13333300000002,-1.30351,0.6640170000000001,47.06420829037041,15.45291875686549
161.14166699999998,-1.297441,0.660713,47.06420834488916,15.45291871329344
161.15,-1.291422,0.6571250000000001,47.06420839895876,15.452918665976092
161.15833300000003,-1.285544,0.653664,47.06420845176173,15.452918620333577
161.166667,-1.279461,0.650296,47.064208506406246,15.452918575917517
161.175,-1.273656,0.646803,47.06420855855345,15.452918529852996
161.183333,-1.268011,0.6433610000000001,47.06420860926335,15.452918484461048
161.191667,-1.261978,0.639904,47.06420866345871,15.452918438871285
161.2,-1.255728,0.636418,47.06420871960341,15.45291839289908
161.20833299999998,-1.249749,0.633089,47.06420877331368,15.452918348997336
161.21666700000003,-1.243739,0.62954,47.06420882730243,15.452918302194307
161.225,-1.237878,0.625942,47.064208879952695,15.452918254745082
161.233333,-1.232019,0.62253,47.06420893258498,15.452918209748765
161.241667,-1.226196,0.619027,47.06420898489388,15.452918163552368
161.25,-1.220267,0.615341,47.06420903815499,15.452918114942626
161.25833300000002,-1.214224,0.611982,47.06420909244018,15.452918070645254
161.26666699999998,-1.208382,0.608125,47.06420914491976,15.452918019780425
161.275,-1.202584,0.6047480000000001,47.06420919700408,15.452917975245674
161.28333300000003,-1.196734,0.600924,47.064209249555525,15.452917924816036
161.291667,-1.19112,0.5972970000000001,47.06420929998695,15.452917876984367
161.3,-1.185445,0.5936210000000001,47.06420935096634,15.452917828506504
161.308333,-1.1797,0.589781,47.06420940257456,15.452917777865869
161.316667,-1.174237,0.586304,47.064209451649525,15.45291773201235
161.325,-1.168479,0.582775,47.064209503374514,15.452917685473077
161.33333299999998,-1.162694,0.579065,47.06420955534205,15.452917636546832
161.34166700000003,-1.157289,0.575302,47.064209603896,15.452917586921645
161.35,-1.151434,0.571578,47.06420965649236,15.452917537810771
161.358333,-1.145983,0.568003,47.064209705459525,15.45291749066486
161.366667,-1.14022,0.5640850000000001,47.06420975722943,15.452917438995584
161.375,-1.134421,0.5604100000000001,47.06420980932273,15.452917390530908
161.38333300000002,-1.128842,0.556585,47.06420985943975,15.452917340088083
161.39166699999998,-1.122907,0.552795,47.06420991275476,15.452917290106823
161.4,-1.117206,0.548848,47.06420996396772,15.452917238055104
161.40833300000003,-1.111467,0.5451290000000001,47.06421001552204,15.452917189010172
161.416667,-1.105669,0.541177,47.06421006760635,15.452917136892513
161.425,-1.099788,0.5372720000000001,47.06421012043627,15.452917085394672
161.433333,-1.093996,0.5331790000000001,47.06421017246669,15.452917031417552
161.441667,-1.088323,0.529247,47.06421022342812,15.452916979563646
161.45,-1.08237,0.5250480000000001,47.06421027690482,15.452916924188631
161.45833299999998,-1.076376,0.521123,47.064210330749845,15.45291687242704
161.46666700000003,-1.070403,0.51686,47.064210384406216,15.452916816208017
161.475,-1.064238,0.5128550000000001,47.06421043978735,15.45291676339141
161.483333,-1.058271,0.508742,47.06421049338982,15.452916709150536
161.491667,-1.052102,0.504309,47.06421054880689,15.452916650689607
161.5,-1.045805,0.500322,47.06421060537381,15.452916598110376
161.50833300000002,-1.039784,0.495885,47.064210659461374,15.4529165395967
161.51666699999998,-1.033562,0.491749,47.06421071535455,15.452916485052508
161.525,-1.027623,0.487578,47.06421076870549,15.452916430046749
161.53333300000003,-1.021517,0.483056,47.06421082355663,15.45291637041212
161.541667,-1.015358,0.478994,47.06421087888386,15.452916316843814
161.55,-1.009363,0.474466,47.064210932737865,15.452916257130058
161.558333,-1.003535,0.470291,47.06421098509168,15.452916202071547
161.566667,-0.997477,0.465995,47.06421103951162,15.45291614541733
161.575,-0.991541,0.461547,47.06421109283561,15.452916086758584
161.58333299999998,-0.985768,0.4574480000000001,47.06421114469536,15.452916032702335
161.59166700000003,-0.979913,0.453194,47.06421119729172,15.452915976601998
161.6,-0.973838,0.448764,47.06421125186437,15.452915918180633
161.608333,-0.96807,0.444685,47.0642113036792,15.452915864388135
161.616667,-0.9621,0.440153,47.064211357308615,15.452915804621629
161.625,-0.95622,0.436009,47.06421141012956,15.452915749971934
161.63333300000002,-0.950114,0.4318309999999999,47.06421146498069,15.45291569487386
161.64166699999998,-0.944177,0.427539,47.06421151831367,15.452915638272389
161.65,-0.938296,0.423479,47.0642115711436,15.45291558473046
161.65833300000003,-0.932505,0.4192909999999999,47.06421162316503,15.45291552950051
161.666667,-0.926681,0.41537,47.06421167548291,15.452915477791668
161.675,-0.920966,0.411278,47.06421172682163,15.452915423827733
161.683333,-0.915292,0.4076849999999999,47.06421177779204,15.452915376444444
161.691667,-0.909376,0.403594,47.06421183093637,15.452915322493697
161.7,-0.903792,0.399821,47.0642118810983,15.452915272736629
161.70833299999998,-0.898242,0.395827,47.0642119309548,15.452915220065083
161.71666700000003,-0.892555,0.3920599999999999,47.06421198204199,15.452915170387142
161.725,-0.887088,0.3882489999999999,47.06421203115288,15.452915120128942
161.733333,-0.881639,0.384704,47.06421208010209,15.452915073378662
161.741667,-0.876222,0.380938,47.06421212876382,15.452915023713906
161.75,-0.870649,0.37711,47.064212178826935,15.452914973231517
161.75833300000002,-0.8650859999999999,0.3736899999999999,47.064212228800216,15.452914928129692
161.76666699999998,-0.859621,0.3698639999999999,47.06421227789315,15.452914877673674
161.775,-0.854331,0.366369,47.064212325414026,15.452914831582778
161.78333300000003,-0.8489359999999999,0.362867,47.064212373878135,15.452914785399566
161.791667,-0.8433999999999999,0.359541,47.06421242360887,15.452914741537382
161.8,-0.837831,0.356014,47.06421247363605,15.45291469502448
161.808333,-0.8324429999999999,0.3524279999999999,47.06421252203727,15.452914647733502
161.816667,-0.826596,0.349172,47.06421257456177,15.452914604794456
161.825,-0.821214,0.34582,47.064212622909096,15.452914560589392
161.83333299999998,-0.8158139999999999,0.342634,47.06421267141812,15.452914518573484
161.84166700000003,-0.810472,0.339507,47.06421271940613,15.452914477335645
161.85,-0.805105,0.336265,47.06421276761871,15.452914434581226
161.858333,-0.800107,0.3331309999999999,47.06421281251651,15.452914393251076
161.866667,-0.7945059999999999,0.329964,47.06421286283115,15.452914351485733
161.875,-0.78921,0.326871,47.06421291040592,15.452914310696276
161.88333300000002,-0.783894,0.323744,47.06421295816036,15.45291426945844
161.89166699999998,-0.7781239999999999,0.320611,47.06421300999315,15.452914228141475
161.9,-0.7731549999999999,0.317901,47.06421305463044,15.452914192402895
161.90833300000003,-0.768023,0.31503,47.06421310073198,15.452914154541102
161.916667,-0.7625679999999999,0.312134,47.06421314973508,15.452914116349616
161.925,-0.757301,0.309401,47.06421319704935,15.45291408030772
161.933333,-0.7522639999999999,0.306604,47.06421324229749,15.452914043421812
161.941667,-0.747099,0.3038309999999999,47.06421328869547,15.452914006852408
161.95,-0.7418859999999999,0.301206,47.06421333552465,15.45291397223478
161.95833299999998,-0.736745,0.2986029999999999,47.06421338170704,15.452913937907285
161.96666700000003,-0.7316229999999999,0.295925,47.06421342771876,15.452913902590709
161.975,-0.726397,0.293292,47.06421347466471,15.45291386786758
161.983333,-0.721032,0.290742,47.06421352285932,15.452913834239029
161.991667,-0.715835,0.2881209999999999,47.06421356954477,15.452913799674148
162.0,-0.7106819999999999,0.285621,47.06421361583495,15.45291376670498
162.00833300000002,-0.7052849999999999,0.283078,47.06421366431703,15.45291373316874
162.01666699999998,-0.699839,0.280579,47.06421371323928,15.452913700212758
162.025,-0.694303,0.2778969999999999,47.06421376297001,15.452913664843432
162.03333300000003,-0.688966,0.2753719999999999,47.0642138109131,15.45291363154457
162.041667,-0.6836,0.272864,47.0642138591167,15.4529135984699
162.05,-0.678211,0.270439,47.064213907526906,15.452913566489803
162.058333,-0.672771,0.2678709999999999,47.06421395639526,15.452913532623873
162.066667,-0.6673969999999999,0.265328,47.06421400467072,15.452913499087632
162.075,-0.662048,0.2629749999999999,47.06421405272161,15.45291346805705
162.08333299999998,-0.656706,0.260669,47.06421410070961,15.452913437646288
162.09166700000003,-0.651196,0.258362,47.06421415020679,15.452913407222338
162.1,-0.6458379999999999,0.256051,47.06421419833852,15.452913376745636
162.108333,-0.640465,0.253772,47.064214246605005,15.45291334669094
162.116667,-0.635053,0.2515739999999999,47.064214295221824,15.452913317704446
162.125,-0.629498,0.249388,47.06421434512324,15.452913288876204
162.13333300000002,-0.624053,0.2470969999999999,47.064214394036505,15.452913258663257
162.14166699999998,-0.618729,0.244839,47.06421444186281,15.4529132288855
162.15,-0.61331,0.242538,47.06421449054252,15.452913198540678
162.15833300000003,-0.6077359999999999,0.240341,47.06421454061461,15.45291316956737
162.166667,-0.602318,0.2380199999999999,47.064214589285335,15.452913138958792
162.175,-0.596645,0.235743,47.06421464024676,15.452913108930474
162.183333,-0.59111,0.2335199999999999,47.06421468996851,15.452913079614287
162.191667,-0.585371,0.231276,47.064214741522825,15.45291305002116
162.2,-0.579662,0.22912,47.06421479280765,15.452913021588548
162.20833299999998,-0.574302,0.226796,47.06421484095735,15.452912990940408
162.21666700000003,-0.568582,0.2246399999999999,47.064214892340985,15.452912962507794
162.225,-0.56265,0.222491,47.06421494562905,15.452912934167497
162.233333,-0.557043,0.220199,47.06421499599758,15.452912903941362
162.241667,-0.551473,0.21783,47.06421504603375,15.452912872699777
162.25,-0.545612,0.215566,47.064215098684,15.452912842842894
162.25833300000002,-0.539932,0.213307,47.06421514970831,15.452912813051952
162.26666699999998,-0.53372,0.2111539999999999,47.06421520551166,15.4529127846589
162.275,-0.527865,0.208839,47.06421525810802,15.45291275412945
162.28333300000003,-0.52183,0.206305,47.06421531232135,15.4529127207119
162.291667,-0.515914,0.203939,47.06421536546568,15.452912689509876
162.3,-0.5098509999999999,0.20158,47.06421541993053,15.452912658400168
162.308333,-0.503849,0.199374,47.06421547384742,15.452912629308171
162.316667,-0.4977709999999999,0.197053,47.06421552844702,15.452912598699594
162.325,-0.491936,0.194492,47.06421558086373,15.452912564925976
162.33333299999998,-0.486156,0.1920619999999999,47.06421563278634,15.45291253287994
162.34166700000003,-0.4802539999999999,0.1897,47.06421568580491,15.452912501730667
162.35,-0.4741299999999999,0.187258,47.064215740817744,15.452912469526382
162.358333,-0.468222,0.184941,47.064215793890206,15.452912438970555
162.366667,-0.462294,0.182473,47.064215847142336,15.452912406423389
162.375,-0.456385,0.180053,47.06421590022378,15.452912374509232
162.38333300000002,-0.450597,0.177692,47.06421595221827,15.452912343373148
162.39166699999998,-0.444453,0.175462,47.06421600741076,15.452912313964648
162.4,-0.4380779999999999,0.173169,47.06421606467836,15.452912283725324
162.40833300000003,-0.432056,0.170837,47.0642161187749,15.452912252971682
162.416667,-0.426157,0.16844,47.06421617176652,15.45291222136084
162.425,-0.420427,0.165973,47.06421622323999,15.45291218882686
162.433333,-0.4145409999999999,0.163556,47.06421627611483,15.452912156952266
162.441667,-0.408398,0.161194,47.06421633129833,15.452912125802992
162.45,-0.4024339999999999,0.158828,47.06421638487385,15.452912094600968
162.45833299999998,-0.3966429999999999,0.156379,47.06421643689529,15.45291206230437
162.46666700000003,-0.390854,0.154055,47.064216488898765,15.452912031656226
162.475,-0.38512,0.15153,47.06421654040817,15.452911998357363
162.483333,-0.379344,0.149195,47.06421659229486,15.45291196756416
162.491667,-0.373573,0.146793,47.06421664413664,15.45291193588738
162.5,-0.367824,0.14445,47.06421669578079,15.452911904988673
162.50833300000002,-0.36199,0.142255,47.06421674818849,15.452911876041744
162.51666699999998,-0.3561879999999999,0.140206,47.06421680030875,15.452911849020207
162.525,-0.350426,0.138069,47.06421685206967,15.45291182083816
162.53333300000003,-0.344801,0.135955,47.06421690259991,15.452911792959426
162.541667,-0.339242,0.133913,47.06421695253726,15.452911766030208
162.55,-0.3336829999999999,0.13218,47.06421700247461,15.45291174317598
162.558333,-0.3282819999999999,0.130116,47.06421705099261,15.45291171595663
162.566667,-0.322809,0.128235,47.06421710015741,15.452911691150623
162.575,-0.3175449999999999,0.126261,47.06421714744473,15.452911665118169
162.58333299999998,-0.312146,0.1243819999999999,47.06421719594477,15.452911640338538
162.59166700000003,-0.3068659999999999,0.122613,47.064217243375815,15.452911617009551
162.6,-0.30161,0.120639,47.06421729059127,15.452911590977092
162.608333,-0.296393,0.1189,47.06421733745638,15.45291156804374
162.616667,-0.291159,0.117004,47.0642173844742,15.45291154303992
162.625,-0.285857,0.115377,47.06421743210288,15.452911521583582
162.63333300000002,-0.280763,0.113494,47.06421747786305,15.4529114967512
162.64166699999998,-0.2756039999999999,0.111807,47.06421752420714,15.452911474503605
162.65,-0.2704569999999999,0.110204,47.06421757044343,15.45291145336377
162.65833300000003,-0.2655309999999999,0.108455,47.06421761469444,15.452911430298537
162.666667,-0.260374,0.107123,47.06421766102056,15.45291141273256
162.675,-0.255412,0.105616,47.06421770559497,15.452911392858743
162.683333,-0.250479,0.1040659999999999,47.06421774990886,15.45291137241786
162.691667,-0.245442,0.102783,47.064217795157006,15.45291135549808
162.7,-0.24062,0.1012629999999999,47.064217838473766,15.45291133545282
162.70833299999998,-0.2357729999999999,0.100009,47.06421788201511,15.452911318915486
162.71666700000003,-0.230985,0.098702,47.06421792502644,15.4529113016792
162.725,-0.226215,0.0975429999999999,47.06421796787608,15.452911286394691
162.733333,-0.221395,0.096336,47.06421801117488,15.452911270477175
162.741667,-0.21677,0.094997,47.06421805272197,15.452911252818888
162.75,-0.212063,0.093822,47.064218095005664,15.452911237323375
162.75833300000002,-0.2075139999999999,0.0925199999999999,47.06421813587003,15.452911220153032
162.76666699999998,-0.202948,0.091435,47.06421817688711,15.45291120584441
162.775,-0.198193,0.090442,47.064218219602,15.452911192749056
162.78333300000003,-0.193718,0.089414,47.064218259801606,15.452911179192132
162.791667,-0.189293,0.088451,47.06421829955206,15.452911166492406
162.8,-0.184968,0.087595,47.0642183384042,15.45291115520376
162.808333,-0.1809289999999999,0.086722,47.06421837468715,15.452911143690926
162.816667,-0.176709,0.085769,47.064218412596055,15.45291113112308
162.825,-0.1726349999999999,0.085021,47.06421844919342,15.452911121258705
162.83333299999998,-0.1682429999999999,0.084452,47.06421848864743,15.45291111375492
162.84166700000003,-0.1643279999999999,0.0837239999999999,47.064218523816464,15.452911104154298
162.85,-0.160512,0.0829469999999999,47.06421855809618,15.45291109390748
162.858333,-0.1567029999999999,0.082208,47.06421859231301,15.452911084161792
162.866667,-0.1524829999999999,0.081831,47.06421863022191,15.45291107919004
162.875,-0.1483959999999999,0.081458,47.06421866693606,15.45291107427104
162.88333300000002,-0.1444899999999999,0.080756,47.064218702024256,15.452911065013298
162.89166699999998,-0.1405779999999999,0.080294,47.06421873716635,15.452911058920597
162.9,-0.1367509999999999,0.079709,47.06421877154487,15.45291105120581
162.90833300000003,-0.1329459999999999,0.079257,47.06421880572577,15.452911045244983
162.916667,-0.129045,0.078936,47.06421884076906,15.452911041011742
162.925,-0.1253739999999999,0.078139,47.06421887374621,15.452911030501168
162.933333,-0.1216189999999999,0.077706,47.06421890747795,15.45291102479091
162.941667,-0.1178589999999999,0.077348,47.06421894125461,15.452911020069722
162.95,-0.1142229999999999,0.077029,47.06421897391736,15.452911015862856
162.95833299999998,-0.1106899999999999,0.076713,47.064219005654834,15.452911011695551
162.96666700000003,-0.1070809999999999,0.076598,47.06421903807503,15.452911010178973
162.975,-0.1034779999999999,0.076252,47.06421907044133,15.452911005616038
162.983333,-0.0999649999999999,0.0760339999999999,47.06421910199914,15.452911002741123
162.991667,-0.0964179999999999,0.076315,47.06421913386239,15.45291100644686
163.0,-0.0928359999999999,0.076018,47.06421916604004,15.45291100253012
163.00833300000002,-0.0894359999999999,0.076421,47.06421919658276,15.452911007844753
163.01666699999998,-0.0858989999999999,0.076581,47.06421922835617,15.45291100995478
163.025,-0.0824859999999999,0.07614,47.06421925901567,15.452911004139017
163.03333300000003,-0.0790309999999999,0.076291,47.06421929005246,15.452911006130355
163.041667,-0.075514,0.076487,47.064219321646206,15.45291100871514
163.05,-0.0723409999999999,0.076528,47.06421935014976,15.452911009255834
163.058333,-0.068961,0.07677,47.06421938051281,15.452911012447249
163.066667,-0.0654939999999999,0.0767849999999999,47.0642194116574,15.452911012645064
163.075,-0.0621679999999999,0.076927,47.06421944153536,15.452911014517714
163.08333299999998,-0.0590519999999999,0.077267,47.06421946952687,15.45291101900152
163.09166700000003,-0.0558289999999999,0.077442,47.06421949847957,15.452911021309362
163.1,-0.0524889999999999,0.077585,47.0642195284833,15.4529110231952
163.108333,-0.0493489999999999,0.077638,47.0642195566904,15.452911023894146
163.116667,-0.0460129999999999,0.077833,47.0642195866582,15.452911026465742
163.125,-0.0429569999999999,0.077259,47.06421961411071,15.452911018896016
163.13333300000002,-0.0395389999999999,0.077073,47.064219644815125,15.45291101644311
163.14166699999998,-0.0363329999999999,0.07828,47.06421967361511,15.452911032360628
163.15,-0.0331599999999999,0.078194,47.064219702118656,15.452911031226492
163.15833300000003,-0.0302369999999999,0.079029,47.064219728376415,15.452911042238195
163.166667,-0.0271049999999999,0.080016,47.06421975651165,15.452911055254424
163.175,-0.0243149999999999,0.079999,47.06421978157464,15.452911055030231
163.183333,-0.0214899999999999,0.081215,47.064219806952046,15.45291107106644
163.191667,-0.0187659999999999,0.081341,47.06421983142216,15.452911072728083
163.2,-0.0158919999999999,0.0824169999999999,47.064219857239735,15.45291108691802
163.20833299999998,-0.0132039999999999,0.082922,47.06421988138645,15.452911093577791
163.21666700000003,-0.0102279999999999,0.083802,47.06421990812031,15.45291110518294
163.225,-0.0072509999999999,0.084679,47.064219934863154,15.452911116748524
163.233333,-0.0045169999999999,0.084735,47.06421995942309,15.452911117487034
163.241667,-0.0015949999999999,0.086123,47.06421998567187,15.45291113579152
163.25,0.001029,0.086231,47.064220009243655,15.452911137215787
163.25833300000002,0.004108,0.087377,47.06422003690279,15.45291115232886
163.26666699999998,0.006778,0.08753,47.064220060887806,15.452911154346571
163.275,0.009733,0.088655,47.06422008743302,15.452911169182697
163.28333300000003,0.012556,0.089389,47.06422011279246,15.452911178862443
163.291667,0.015427,0.089915,47.064220138583096,15.452911185799158
163.3,0.018212,0.091097,47.06422016360118,15.452911201386984
163.308333,0.021014,0.091698,47.06422018877197,15.452911209312774
163.316667,0.023726,0.092501,47.06422021313428,15.452911219902472
163.325,0.026405,0.093434,47.06422023720015,15.452911232206567
163.33333299999998,0.029066,0.094397,47.06422026110432,15.452911244906296
163.34166700000003,0.031698,0.095137,47.064220284747975,15.452911254665173
163.35,0.034281,0.096416,47.06422030795146,15.4529112715322
163.358333,0.036771,0.097256,47.06422033031951,15.452911282609842
163.366667,0.039373,0.098689,47.06422035369367,15.452911301507774
163.375,0.041797,0.099798,47.06422037546884,15.452911316132898
163.38333300000002,0.044325,0.100812,47.06422039817824,15.452911329505191
163.39166699999998,0.046726,0.102192,47.0642204197468,15.45291134770418
163.4,0.049297,0.103376,47.06422044284248,15.45291136331838
163.40833300000003,0.051614,0.104477,47.06422046365645,15.452911377838005
163.416667,0.054246,0.105969,47.064220487300105,15.452911397514006
163.425,0.056506,0.10692,47.06422050760203,15.45291141005548
163.433333,0.059068,0.108685,47.06422053061687,15.452911433331716
163.441667,0.061279,0.109679,47.064220550478616,15.45291144644026
163.45,0.063611,0.11116,47.06422057142733,15.4529114659712
163.45833299999998,0.065843,0.1124459999999999,47.06422059147772,15.452911482930544
163.46666700000003,0.067925,0.113859,47.06422061018065,15.45291150156472
163.475,0.070021,0.115357,47.06422062900933,15.452911521319848
163.483333,0.072018,0.1166939999999999,47.0642206469487,15.452911538951762
163.491667,0.074001,0.118261,47.06422066476229,15.45291155961684
163.5,0.075925,0.119545,47.06422068204587,15.452911576549807
163.50833300000002,0.077857,0.1212169999999999,47.064220699401325,15.452911598599592
163.51666699999998,0.079606,0.122546,47.06422071511286,15.452911616126002
163.525,0.081515,0.1245,47.0642207322617,15.45291164189471
163.53333300000003,0.083225,0.125795,47.06422074762289,15.452911658972743
163.541667,0.084953,0.127455,47.06422076314578,15.452911680864275
163.55,0.08673,0.129157,47.06422077910884,15.452911703309688
163.558333,0.088299,0.130212,47.06422079320341,15.452911717222682
163.566667,0.089946,0.132285,47.06422080799866,15.45291174456072
163.575,0.091527,0.133469,47.06422082220102,15.45291176017492
163.58333299999998,0.092953,0.134974,47.064220835011,15.452911780022363
163.59166700000003,0.094622,0.137117,47.06422085000388,15.45291180828354
163.6,0.096149,0.137907,47.064220863721154,15.4529118187018
163.608333,0.097577,0.140079,47.06422087654909,15.452911847345415
163.616667,0.099132,0.142045,47.0642208905179,15.452911873272376
163.625,0.100712,0.143084,47.06422090471128,15.452911886974364
163.63333300000002,0.102068,0.145531,47.06422091689244,15.452911919244594
163.64166699999998,0.103403,0.147485,47.06422092888495,15.452911945013302
163.65,0.104917,0.149003,47.06422094248544,15.452911965032184
163.65833300000003,0.10624,0.151389,47.06422095437015,15.452911996497964
163.666667,0.10772,0.153287,47.06422096766522,15.45291202152816
163.675,0.109199,0.154953,47.0642209809513,15.452912043498818
163.683333,0.110456,0.157142,47.06422099224312,15.452912072366626
163.691667,0.111722,0.159639,47.06422100361579,15.45291210529624
163.7,0.112209,0.164289,47.06422100799059,15.452912166618905
163.70833299999998,0.113737,0.166195,47.06422102171685,15.4529121917546
163.71666700000003,0.114989,0.168367,47.06422103296375,15.452912220398218
163.725,0.116139,0.170648,47.06422104329437,15.452912250479296
163.733333,0.117322,0.173228,47.06422105392145,15.452912284503482
163.741667,0.118561,0.175499,47.064221065051576,15.45291231445268
163.75,0.119653,0.178635,47.06422107486118,15.452912355809213
163.75833300000002,0.120921,0.181227,47.06422108625181,15.452912389991653
163.76666699999998,0.1220159999999999,0.18329,47.06422109608837,15.452912417197814
163.775,0.123204,0.186433,47.06422110676035,15.45291245864666
163.78333300000003,0.124196,0.1891719999999999,47.06422111567164,15.452912494767688
163.791667,0.125304,0.191837,47.064221125624975,15.452912529912826
163.8,0.126479,0.1948959999999999,47.06422113618018,15.452912570253906
163.808333,0.127743,0.1974479999999999,47.06422114753489,15.45291260390884
163.816667,0.128892,0.200237,47.06422115785653,15.452912640689252
163.825,0.130092,0.203593,47.06422116863632,15.452912684947073
163.83333299999998,0.13128,0.2062179999999999,47.06422117930831,15.452912719564706
163.84166700000003,0.132429,0.209552,47.06422118962995,15.452912763532398
163.85,0.133549,0.21277,47.06422119969108,15.45291280597032
163.858333,0.13468,0.2157929999999999,47.06422120985102,15.452912845836645
163.866667,0.135789,0.219308,47.06422121981334,15.452912892191303
163.875,0.136915,0.222351,47.06422122992837,15.452912932321384
163.88333300000002,0.137925,0.2256999999999999,47.06422123900136,15.45291297648689
163.89166699999998,0.138924,0.229321,47.06422124797552,15.452913024239445
163.9,0.140005,0.23265,47.06422125768631,15.452913068141196
163.90833300000003,0.141207,0.236245,47.06422126848406,15.452913115550867
163.916667,0.142397,0.239532,47.06422127917401,15.452913158898742
163.925,0.143625,0.243107,47.06422129020532,15.45291320604466
163.933333,0.144816,0.246679,47.06422130090425,15.452913253151015
163.941667,0.145993,0.250447,47.06422131147743,15.452913302842154
163.95,0.14725,0.254306,47.06422132276924,15.452913353733372
163.95833299999998,0.148608,0.257851,47.064221334968366,15.452913400483665
163.96666700000003,0.149857,0.262159,47.064221346188326,15.452913457296145
163.975,0.151192,0.266183,47.06422135818084,15.452913510363324
163.983333,0.152446,0.2705269999999999,47.06422136944571,15.452913567650564
163.991667,0.153898,0.274622,47.06422138248925,15.45291362165407
164.0,0.155204,0.279059,47.06422139422124,15.45291368016776
164.00833300000002,0.156629,0.283428,47.06422140702224,15.452913737784687
164.01666699999998,0.15812,0.287768,47.064221420416125,15.452913795019176
164.025,0.159629,0.292011,47.064221433971696,15.452913850974456
164.03333300000003,0.161232,0.296525,47.06422144837169,15.452913910503598
164.041667,0.162829,0.3010509999999999,47.06422146271778,15.452913970190991
164.05,0.164594,0.305253,47.064221478573046,15.452914025605578
164.058333,0.166331,0.309794,47.06422149417679,15.452914085490786
164.066667,0.167849,0.314733,47.06422150781321,15.452914150624688
164.075,0.16958,0.319303,47.06422152336305,15.452914210892338
164.08333299999998,0.171212,0.324387,47.06422153802355,15.452914277938447
164.09166700000003,0.172938,0.329253,47.06422155352848,15.452914342109652
164.1,0.174793,0.333878,47.064221570192224,15.452914403102625
164.108333,0.176557,0.3390959999999999,47.06422158603851,15.452914471915884
164.116667,0.178319,0.3442039999999999,47.06422160186683,15.452914539278504
164.125,0.180295,0.34872,47.064221619617534,15.45291459883402
164.13333300000002,0.182432,0.3535279999999999,47.06422163881452,15.452914662240335
164.14166699999998,0.184337,0.358767,47.06422165592743,15.45291473133054
164.15,0.186611,0.3634159999999999,47.064221676355125,15.452914792640016
164.15833300000003,0.1885,0.368911,47.0642216933243,15.45291486510626
164.166667,0.190233,0.3743539999999999,47.0642217088921,15.452914936886748
164.175,0.192205,0.380007,47.06422172660688,15.452915011436648
164.183333,0.19427,0.385947,47.06422174515709,15.452915089771404
164.191667,0.196568,0.390725,47.064221765800376,15.452915152782094
164.2,0.198639,0.3962639999999999,47.06422178440449,15.4529152258286
164.20833299999998,0.200854,0.401688,47.06422180430217,15.45291529735852
164.21666700000003,0.202803,0.40766,47.064221821810335,15.452915376115284
164.225,0.204945,0.413273,47.064221841052245,15.452915450137676
164.233333,0.207091,0.419327,47.06422186033009,15.45291552997583
164.241667,0.209146,0.42513,47.06422187879047,15.452915606503876
164.25,0.211443,0.430416,47.064221899424766,15.4529156762139
164.25833300000002,0.213686,0.435813,47.06422191957398,15.452915747387756
164.26666699999998,0.216043,0.44115,47.06422194074728,15.452915817770348
164.275,0.217909,0.4477920000000001,47.06422195750983,15.452915905362852
164.28333300000003,0.2202059999999999,0.453624,47.06422197814413,15.452915982273344
164.291667,0.222816,0.4593360000000001,47.06422200159017,15.452916057601314
164.3,0.225101,0.4654210000000001,47.06422202211667,15.452916137848288
164.308333,0.227371,0.4712120000000001,47.064222042508426,15.452916214218083
164.316667,0.229744,0.477475,47.06422206382545,15.45291629681246
164.325,0.232339,0.483037,47.06422208713673,15.452916370162283
164.33333299999998,0.234769,0.4888680000000001,47.064222108965794,15.452916447059586
164.34166700000003,0.237066,0.494818,47.06422212960009,15.452916525526224
164.35,0.239751,0.500989,47.06422215371986,15.452916606907335
164.358333,0.242266,0.506847,47.06422217631249,15.452916684160703
164.366667,0.24473,0.512943,47.06422219844698,15.452916764552745
164.375,0.247493,0.5189520000000001,47.06422222326744,15.452916843797452
164.38333300000002,0.250061,0.525001,47.06422224633617,15.452916923569669
164.39166699999998,0.252474,0.531288,47.064222268012514,15.452917006480549
164.4,0.254989,0.537325,47.06422229060514,15.452917086094512
164.40833300000003,0.258128,0.5430440000000001,47.06422231880326,15.452917161514796
164.416667,0.260991,0.549007,47.06422234452203,15.452917240152871
164.425,0.26378,0.55488,47.06422236957604,15.452917317604056
164.433333,0.2664499999999999,0.560693,47.06422239356106,15.452917394263984
164.441667,0.2690829999999999,0.566658,47.0642224172137,15.452917472928435
164.45,0.271806,0.572818,47.06422244167483,15.452917554164484
164.45833299999998,0.274336,0.578597,47.06422246440221,15.452917630376028
164.46666700000003,0.2769399999999999,0.584443,47.06422248779433,15.452917707471146
164.475,0.279389,0.5900890000000001,47.06422250979408,15.452917781928733
164.483333,0.281811,0.595955,47.06422253155127,15.452917859287606
164.491667,0.284665,0.601522,47.06422255718919,15.452917932703365
164.5,0.28729,0.607546,47.064222580769965,15.452918012145888
164.50833300000002,0.29028,0.613212,47.06422260762959,15.452918086867223
164.51666699999998,0.293024,0.61927,47.06422263227936,15.452918166758131
164.525,0.295909,0.6248910000000001,47.06422265819575,15.452918240886024
164.53333300000003,0.29878,0.630486,47.06422268398639,15.452918314671038
164.541667,0.3015259999999999,0.636541,47.06422270865413,15.45291839452238
164.55,0.30428,0.642331,47.06422273339373,15.452918470878991
164.558333,0.306842,0.648463,47.06422275640857,15.452918551745784
164.566667,0.309615,0.654258,47.06422278131885,15.452918628168332
164.575,0.312362,0.660039,47.06422280599557,15.452918704406253
164.58333299999998,0.315256,0.665614,47.064222831992815,15.452918777927511
164.59166700000003,0.318265,0.6714760000000001,47.06422285902312,15.452918855233635
164.6,0.321206,0.676923,47.064222885442575,15.452918927066875
164.608333,0.323801,0.6828350000000001,47.06422290875386,15.45291900503238
164.616667,0.326829,0.6884790000000001,47.064222935954845,15.452919079463593
164.625,0.329727,0.694134,47.06422296198802,15.452919154039868
164.63333300000002,0.332593,0.6995410000000001,47.06422298773374,15.4529192253456
164.64166699999998,0.3354,0.7053780000000001,47.064223012949455,15.45291930232203
164.65,0.338401,0.7111000000000001,47.06422303990789,15.452919377781878
164.65833300000003,0.341057,0.716987,47.06422306376715,15.452919455417693
164.666667,0.343802,0.722535,47.0642230884259,15.452919528582886
164.675,0.346729,0.728464,47.06422311471959,15.452919606772584
164.683333,0.34995,0.73428,47.06422314365432,15.452919683472071
164.691667,0.353168,0.739932,47.06422317256212,15.452919758008784
164.7,0.356299,0.74627,47.06422320068836,15.45291984159224
164.70833299999998,0.359201,0.751608,47.06422322675747,15.45291991198802
164.71666700000003,0.36235,0.756909,47.06422325504542,15.452919981895862
164.725,0.365611,0.762633,47.06422328433949,15.452920057382087
164.733333,0.368392,0.767885,47.06422330932163,15.452920126643733
164.741667,0.3716050000000001,0.7742,47.064223338184505,15.45292020992387
164.75,0.375078,0.779784,47.064223369382994,15.452920283563822
164.75833300000002,0.377916,0.7856930000000001,47.06422339487718,15.452920361489763
164.76666699999998,0.381291,0.791456,47.06422342519532,15.45292043749031
164.775,0.384548,0.797023,47.06422345445345,15.45292051090607
164.78333300000003,0.387627,0.802327,47.064223482112574,15.452920580853474
164.791667,0.391004,0.808324,47.06422351244868,15.452920659939933
164.8,0.3944850000000001,0.81387,47.06422354371903,15.452920733078752
164.808333,0.397671,0.820258,47.06422357233936,15.452920817321589
164.816667,0.401023,0.826121,47.06422360245088,15.4529208946409
164.825,0.40431,0.8317840000000001,47.06422363197851,15.452920969322676
164.83333299999998,0.407819,0.837021,47.06422366350039,15.452921038386506
164.84166700000003,0.411281,0.843615,47.06422369460007,15.452921125346004
164.85,0.414812,0.8497170000000001,47.064223726319575,15.452921205817168
164.858333,0.4181060000000001,0.856124,47.064223755910085,15.45292129031057
164.866667,0.4217430000000001,0.861901,47.064223788581806,15.452921366495742
164.875,0.425481,0.86844,47.064223822160834,15.452921452729916
164.88333300000002,0.429133,0.8745120000000001,47.06422385496731,15.452921532805451
164.89166699999998,0.432678,0.8801340000000001,47.06422388681258,15.452921606946536
164.9,0.436489,0.8871100000000001,47.064223921047386,15.452921698943724
164.90833300000003,0.440206,0.89312,47.064223954437765,15.452921778201622
164.916667,0.4437380000000001,0.900014,47.064223986166255,15.45292186911742
164.925,0.44771,0.906112,47.06422402184734,15.452921949535837
164.933333,0.4514330000000001,0.911877,47.06422405529162,15.452922025562756
164.941667,0.455387,0.918554,47.064224090811,15.452922113616832
164.95,0.4589580000000001,0.925813,47.06422412288984,15.45292220934613
164.95833299999998,0.463246,0.932375,47.064224161409605,15.452922295883624
164.96666700000003,0.467545,0.939122,47.06422420002818,15.452922384860836
164.975,0.471329,0.945262,47.06422423402043,15.452922465833131
164.983333,0.475509,0.952455,47.064224271570005,15.452922560692048
164.991667,0.47981,0.959178,47.06422431020654,15.452922649352756
165.0,0.483561,0.965688,47.06422434390235,15.452922735204494
165.00833300000002,0.4878990000000001,0.973074,47.06422438287127,15.452922832608628
165.01666699999998,0.491246,0.980193,47.06422441293788,15.452922926491656
165.025,0.495881,0.986486,47.06422445457479,15.452923009481664
165.03333300000003,0.499947,0.993626,47.06422449110029,15.452923103641634
165.041667,0.5041450000000001,1.000596,47.064224528811565,15.452923195559697
165.05,0.508328,1.007182,47.0642245663881,15.452923282413694
165.058333,0.512749,1.0146,47.06422460610261,15.452923380239834
165.066667,0.516787,1.021418,47.06422464237659,15.45292347015337
165.075,0.5211250000000001,1.028484,47.06422468134551,15.452923563337452
165.08333299999998,0.5257890000000001,1.035007,47.06422472324294,15.452923649360626
165.09166700000003,0.529854,1.042544,47.06422475975945,15.4529237487561
165.1,0.534319,1.049586,47.06422479986923,15.452923841623676
165.108333,0.538881,1.056741,47.064224840850365,15.452923935981458
165.116667,0.543216,1.063641,47.064224879792334,15.452924026976389
165.125,0.5476270000000001,1.070017,47.06422491941702,15.452924111060977
165.13333300000002,0.551548,1.077377,47.06422495463997,15.452924208122228
165.14166699999998,0.5559660000000001,1.084096,47.06422499432754,15.452924296730188
165.15,0.560473,1.091118,47.064225034814605,15.452924389334012
165.15833300000003,0.5645530000000001,1.097758,47.06422507146587,15.452924476900147
165.166667,0.568972,1.104436,47.06422511116242,15.452924564967416
165.175,0.573455,1.111005,47.0642251514339,15.452924651597222
165.183333,0.5776560000000001,1.117557,47.06422518917212,15.45292473800284
165.191667,0.5819190000000001,1.124204,47.0642252274673,15.452924825661286
165.2,0.5860120000000001,1.130773,47.06422526423535,15.452924912291094
165.20833299999998,0.590275,1.137153,47.06422530253053,15.452924996428434
165.21666700000003,0.5940850000000001,1.144074,47.06422533675634,15.452925087700304
165.225,0.598203,1.15031,47.064225373748975,15.452925169938618
165.233333,0.6024010000000001,1.156546,47.06422541146025,15.452925252176932
165.241667,0.606434,1.162937,47.0642254476893,15.452925336459336
165.25,0.610611,1.169073,47.064225485211935,15.452925417378882
165.25833300000002,0.614863,1.175051,47.064225523408304,15.45292549621478
165.26666699999998,0.6184860000000001,1.181125,47.064225555954266,15.452925576316693
165.275,0.6226,1.187387,47.06422559291096,15.452925658897888
165.28333300000003,0.6262610000000001,1.193663,47.06422562579828,15.452925741663709
165.291667,0.630402,1.199622,47.06422566299752,15.45292582024904
165.3,0.634035,1.20608,47.0642256956333,15.452925905415016
165.308333,0.637884,1.212038,47.06422573020946,15.45292598398716
165.316667,0.6416050000000001,1.218296,47.064225763635775,15.452926066515603
165.325,0.6453920000000001,1.224324,47.06422579765497,15.452926146010885
165.33333299999998,0.6489440000000001,1.230383,47.06422582956313,15.452926225914982
165.34166700000003,0.6526040000000001,1.236219,47.06422586244148,15.452926302878229
165.35,0.6562490000000001,1.242034,47.06422589518507,15.452926379564534
165.358333,0.6596700000000001,1.247898,47.06422592591643,15.452926456897035
165.366667,0.663331,1.253714,47.06422595880375,15.45292653359653
165.375,0.66668,1.259526,47.06422598888834,15.452926610243273
165.38333300000002,0.6703370000000001,1.265301,47.06422602173973,15.452926686402073
165.39166699999998,0.6738010000000001,1.271286,47.06422605285737,15.45292676533028
165.4,0.677293,1.277025,47.06422608422654,15.452926841014325
165.40833300000003,0.68077,1.28301,47.06422611546096,15.452926919942534
165.416667,0.684384,1.288906,47.06422614792608,15.45292699769704
165.425,0.687729,1.294596,47.06422617797472,15.452927072734887
165.433333,0.690998,1.300444,47.06422620734065,15.452927149856388
165.441667,0.693972,1.306464,47.06422623405655,15.452927229246164
165.45,0.6970390000000001,1.312203,47.06422626160788,15.452927304930208
165.45833299999998,0.700482,1.317969,47.06422629253687,15.452927380970316
165.46666700000003,0.7037450000000001,1.323501,47.0642263218489,15.452927453924511
165.475,0.707018,1.329469,47.06422635125076,15.452927532628536
165.483333,0.7100770000000001,1.334894,47.06422637873023,15.452927604171649
165.491667,0.71326,1.340695,47.0642264073236,15.452927680673328
165.5,0.716431,1.34695,47.06422643580918,15.45292776316221
165.50833300000002,0.719657,1.352755,47.06422646478883,15.45292783971664
165.51666699999998,0.722655,1.35877,47.06422649172032,15.452927919040482
165.525,0.725877,1.364644,47.06422652066404,15.452927996504863
165.53333300000003,0.7289180000000001,1.370704,47.06422654798181,15.452928076422149
165.541667,0.7317600000000001,1.37685,47.06422657351192,15.452928157473576
165.55,0.7349600000000001,1.382809,47.06422660225801,15.452928236058908
165.558333,0.7380450000000001,1.388606,47.06422662997104,15.452928312507836
165.566667,0.741091,1.39503,47.06422665733372,15.452928397225437
165.575,0.744021,1.400983,47.064226683654354,15.45292847573164
165.58333299999998,0.747059,1.407156,47.06422671094518,15.452928557139137
165.59166700000003,0.750183,1.413294,47.06422673900855,15.45292863808506
165.6,0.753012,1.419434,47.06422676442188,15.45292871905736
165.608333,0.7558910000000001,1.42558,47.06422679028438,15.452928800108786
165.616667,0.759151,1.431966,47.064226819569456,15.452928884325251
165.625,0.761949,1.438282,47.06422684470432,15.452928967618584
165.63333300000002,0.7648590000000001,1.444684,47.06422687084529,15.452929052046054
165.64166699999998,0.7680560000000001,1.450782,47.06422689956442,15.452929132464472
165.65,0.770777,1.457529,47.06422692400759,15.45292922144169
165.65833300000003,0.7737850000000001,1.463939,47.064226951028914,15.452929305974664
165.666667,0.776887,1.470575,47.06422697889465,15.452929393488049
165.675,0.779997,1.477168,47.06422700683226,15.452929480434362
165.683333,0.7830710000000001,1.484079,47.06422703444648,15.45292957157436
165.691667,0.786074,1.490597,47.06422706142288,15.4529296575316
165.7,0.789363,1.497341,47.06422709096847,15.452929746469254
165.70833299999998,0.79245,1.504235,47.06422711869946,15.45292983738506
165.71666700000003,0.795531,1.511094,47.06422714637656,15.452929927839296
165.725,0.798628,1.51804,47.06422717419738,15.452930019440862
165.733333,0.801929,1.524789,47.06422720385077,15.452930108444454
165.741667,0.8049200000000001,1.531805,47.06422723071938,15.452930200969156
165.75,0.8081400000000001,1.538868,47.06422725964513,15.452930294113678
165.75833300000002,0.8110670000000001,1.546023,47.06422728593882,15.452930388471463
165.76666699999998,0.8141510000000001,1.553005,47.06422731364287,15.452930480547783
165.775,0.817328,1.559974,47.06422734218234,15.452930572452669
165.78333300000003,0.820416,1.567129,47.06422736992232,15.452930666810456
165.791667,0.823323,1.574274,47.06422739603635,15.452930761036368
165.8,0.8263170000000001,1.581543,47.06422742293191,15.45293085689755
165.808333,0.8293790000000001,1.588587,47.06422745043832,15.452930949791504
165.816667,0.832168,1.59564,47.06422747549234,15.45293104280415
165.825,0.8349850000000001,1.60296,47.06422750079788,15.452931139337904
165.83333299999998,0.8377640000000001,1.609945,47.06422752576206,15.452931231453787
165.84166700000003,0.840655,1.617201,47.06422755173236,15.45293132714353
165.85,0.8433430000000001,1.624384,47.064227575879066,15.452931421870572
165.858333,0.8462390000000001,1.631725,47.06422760189428,15.452931518681265
165.866667,0.848927,1.638909,47.064227626041,15.452931613421498
165.875,0.851564,1.646225,47.06422764972957,15.4529317099025
165.88333300000002,0.854371,1.653457,47.06422767494528,15.45293180527574
165.89166699999998,0.857264,1.660945,47.06422770093354,15.45293190402502
165.9,0.859842,1.66844,47.06422772409211,15.452932002866618
165.90833300000003,0.862514,1.675582,47.06422774809509,15.452932097052964
165.916667,0.8652930000000001,1.682558,47.06422777305927,15.45293218905016
165.925,0.867847,1.68945,47.06422779600224,15.452932279939592
165.933333,0.8706020000000001,1.696716,47.06422782075083,15.452932375761211
165.941667,0.8732310000000001,1.703665,47.06422784436753,15.45293246740234
165.95,0.8760430000000001,1.710554,47.06422786962816,15.452932558252211
165.95833299999998,0.878706,1.717502,47.064227893550296,15.452932649880152
165.96666700000003,0.881391,1.724215,47.06422791767006,15.45293273840899
165.975,0.884088,1.730877,47.06422794189763,15.452932826265258
165.983333,0.886763,1.737606,47.06422796592757,15.4529329150051
165.991667,0.889465,1.74449,47.064227990200045,15.45293300578903
166.0,0.8919080000000001,1.751266,47.06422801214588,15.452933095148692
166.00833300000002,0.8944970000000001,1.757756,47.06422803540326,15.45293318073668
166.01666699999998,0.897011,1.76464,47.06422805798691,15.45293327152061
166.025,0.899564,1.771021,47.0642280809209,15.45293335567114
166.03333300000003,0.901951,1.777501,47.064228102363685,15.452933441127252
166.041667,0.904363,1.783751,47.06422812403105,15.452933523550197
166.05,0.906802,1.789897,47.06422814594096,15.452933604601627
166.058333,0.909228,1.796269,47.064228167734086,15.452933688633468
166.066667,0.911611,1.802674,47.06422818914094,15.452933773100506
166.075,0.913793,1.808907,47.06422820874218,15.452933855299262
166.08333299999998,0.916164,1.814717,47.06422823004123,15.452933931919633
166.09166700000003,0.918465,1.820669,47.064228250711466,15.452934010412651
166.1,0.920584,1.8267,47.06422826974676,15.4529340899475
166.108333,0.922913,1.832606,47.06422829066853,15.452934167833886
166.116667,0.924998,1.838272,47.0642283093984,15.452934242555234
166.125,0.927119,1.84392,47.06422832845167,15.452934317039205
166.13333300000002,0.929263,1.849541,47.06422834771155,15.452934391167105
166.14166699999998,0.931255,1.855228,47.06422836560599,15.452934466165392
166.15,0.933214,1.861044,47.06422838320399,15.452934542864888
166.15833300000003,0.935282,1.866296,47.06422840178115,15.45293461212654
166.166667,0.93742,1.87161,47.064228420987135,15.452934682205823
166.175,0.939265,1.87698,47.06422843756105,15.45293475302362
166.183333,0.941363,1.882128,47.0642284564077,15.452934820913754
166.191667,0.943422,1.887322,47.06422847490402,15.45293488941052
166.2,0.945299,1.892436,47.0642284917654,15.452934956852271
166.20833299999998,0.947175,1.897581,47.06422850861779,15.452935024702844
166.21666700000003,0.949037,1.902711,47.064228525344426,15.452935092355595
166.225,0.95091,1.907828,47.06422854216987,15.452935159836914
166.233333,0.952846,1.912731,47.06422855956125,15.452935224496066
166.241667,0.954695,1.917589,47.0642285761711,15.452935288561775
166.25,0.956554,1.922509,47.064228592870776,15.45293535344512
166.25833300000002,0.958407,1.92716,47.06422860951656,15.45293541478098
166.26666699999998,0.960179,1.931866,47.06422862543471,15.452935476842166
166.275,0.962172,1.936432,47.06422864333813,15.452935537057073
166.28333300000003,0.964169,1.941147,47.0642286612775,15.452935599236945
166.291667,0.966206,1.945558,47.06422867957618,15.452935657407764
166.3,0.968151,1.95021,47.064228697048414,15.452935718756812
166.308333,0.97005,1.954594,47.064228714107415,15.452935776571564
166.316667,0.972039,1.958945,47.06422873197491,15.452935833951123
166.325,0.974089,1.963429,47.06422875039037,15.452935893084645
166.33333299999998,0.976015,1.967792,47.06422876769192,15.452935950622454
166.34166700000003,0.978097,1.972225,47.06422878639485,15.452936009083404
166.35,0.980273,1.976282,47.064228805942186,15.452936062585788
166.358333,0.98239,1.98039,47.06422882495952,15.45293611676074
166.366667,0.984469,1.984536,47.0642288436355,15.452936171436829
166.375,0.986454,1.98874,47.06422886146705,15.452936226877798
166.38333300000002,0.988586,1.99272,47.06422888061913,15.45293627936473
166.39166699999998,0.990642,1.996778,47.06422889908849,15.4529363328803
166.4,0.992622,2.000742,47.06422891687513,15.452936385156232
166.40833300000003,0.994716,2.004751,47.064228935685854,15.452936438025604
166.416667,0.996694,2.00878,47.06422895345453,15.452936491158734
166.425,0.998742,2.012685,47.06422897185203,15.452936542656593
166.433333,1.000941,2.016678,47.06422899160599,15.452936595314966
166.441667,1.002998,2.020589,47.06422901008433,15.452936646891953
166.45,1.005092,2.024466,47.064229028895056,15.452936698020553
166.45833299999998,1.007123,2.028403,47.06422904713984,15.452936749940418
166.46666700000003,1.009146,2.032229,47.06422906531276,15.45293680039645
166.475,1.011192,2.036203,47.06422908369228,15.452936852804257
166.483333,1.013303,2.039931,47.06422910265572,15.452936901967895
166.491667,1.015334,2.043786,47.0642291209005,15.452936952806374
166.5,1.017348,2.047913,47.06422913899257,15.452937007231894
166.50833300000002,1.019323,2.051765,47.0642291567343,15.452937058030807
166.51666699999998,1.021375,2.05557,47.06422917516773,15.452937108209897
166.525,1.023298,2.059563,47.06422919244233,15.45293716086827
166.53333300000003,1.025239,2.063604,47.06422920987863,15.45293721415965
166.541667,1.027124,2.067457,47.06422922681187,15.45293726497175
166.55,1.02901,2.071396,47.06422924375409,15.452937316917987
166.558333,1.030896,2.0753,47.06422926069632,15.452937368402656
166.566667,1.032734,2.079136,47.06422927720735,15.452937418990564
166.575,1.034615,2.082993,47.06422929410466,15.452937469855414
166.58333299999998,1.036426,2.086886,47.06422931037315,15.452937521195022
166.59166700000003,1.038328,2.090635,47.06422932745911,15.4529375706356
166.6,1.040206,2.094468,47.06422934432948,15.452937621183947
166.608333,1.04211,2.098407,47.0642293614334,15.452937673130185
166.616667,1.044081,2.102268,47.06422937913919,15.452937724047787
166.625,1.04598,2.106276,47.06422939619819,15.452937776903974
166.63333300000002,1.047926,2.110178,47.064229413679406,15.452937828362272
166.64166699999998,1.049751,2.114129,47.06422943007366,15.452937880466765
166.65,1.051693,2.118135,47.06422944751895,15.452937933296576
166.65833300000003,1.053586,2.122015,47.06422946452405,15.45293798446474
166.666667,1.05539,2.126148,47.06422948072966,15.452938038969387
166.675,1.05735,2.130073,47.06422949833664,15.452938090731
166.683333,1.059153,2.13403,47.06422951453327,15.452938142914618
166.691667,1.060917,2.137984,47.06422953037954,15.452938195058676
166.7,1.062789,2.141947,47.06422954719601,15.452938247321418
166.70833299999998,1.064612,2.145746,47.0642295635723,15.45293829742138
166.71666700000003,1.066296,2.14977,47.06422957869992,15.452938350488576
166.725,1.068044,2.15367,47.06422959440248,15.452938401920497
166.733333,1.069642,2.157655,47.06422960875755,15.452938454473363
166.741667,1.07131,2.161621,47.064229623741454,15.452938506775672
166.75,1.073268,2.165464,47.06422964133046,15.452938557455896
166.75833300000002,1.075024,2.169454,47.06422965710488,15.452938610074709
166.76666699999998,1.076557,2.173589,47.06422967087606,15.45293866460573
166.775,1.078159,2.177551,47.064229685267065,15.452938716855284
166.78333300000003,1.079792,2.181707,47.06422969993656,15.452938771663248
166.791667,1.081474,2.185584,47.06422971504622,15.452938822791852
166.8,1.082796,2.189643,47.06422972692194,15.452938876320612
166.808333,1.084232,2.193565,47.06422973982176,15.452938928042665
166.816667,1.085419,2.197407,47.06422975048476,15.452938978709696
166.825,1.086873,2.201216,47.06422976354626,15.452939028941538
166.83333299999998,1.087982,2.205261,47.06422977350857,15.45293908228567
166.84166700000003,1.089107,2.209098,47.06422978361462,15.452939132886767
166.85,1.090418,2.212877,47.06422979539153,15.452939182722982
166.858333,1.091734,2.216404,47.064229807213366,15.4529392292359
166.866667,1.09346,2.219667,47.06422982271829,15.452939272267272
166.875,1.095039,2.222936,47.06422983690268,15.452939315377774
166.88333300000002,1.09582,2.226904,47.064229843918525,15.452939367706456
166.89166699999998,1.097051,2.230491,47.06422985497678,15.452939415010636
166.9,1.097845,2.234044,47.06422986210941,15.452939461866436
166.90833300000003,1.09802,2.237688,47.06422986368146,15.45293950992231
166.916667,1.099284,2.240912,47.06422987503617,15.452939552439364
166.925,1.100437,2.244716,47.06422988539374,15.452939602605268
166.933333,1.101612,2.247656,47.06422989594895,15.452939641377023
166.941667,1.100958,2.251174,47.06422989007397,15.452939687771254
166.95,1.101305,2.254888,47.064229893191126,15.452939736750263
166.95833299999998,1.102043,2.257674,47.06422989982069,15.45293977349112
166.96666700000003,1.102479,2.261062,47.06422990373735,15.452939818170952
166.975,1.103109,2.264042,47.06422990939673,15.452939857470213
166.983333,1.103267,2.267349,47.06422991081607,15.452939901081844
166.991667,1.103973,2.270163,47.06422991715817,15.452939938191951
167.0,1.10422,2.273363,47.06422991937701,15.452939980392504
167.00833300000002,1.104495,2.27619,47.06422992184738,15.452940017674052
167.01666699999998,1.10457,2.279309,47.06422992252112,15.4529400588064
167.025,1.104596,2.282003,47.06422992275468,15.45294009433399
167.03333300000003,1.104497,2.285023,47.06422992186534,15.452940134160755
167.041667,1.106124,2.28786,47.064229936480935,15.452940171574182
167.05,1.106031,2.290955,47.0642299356455,15.452940212390027
167.058333,1.10579,2.293442,47.06422993348056,15.452940245187769
167.066667,1.105323,2.296111,47.06422992928543,15.452940280385665
167.075,1.105188,2.298516,47.0642299280727,15.452940312102015
167.08333299999998,1.10461,2.301226,47.06422992288044,15.452940347840608
167.09166700000003,1.104338,2.303408,47.06422992043702,15.452940376616109
167.1,1.103484,2.306131,47.064229912765406,15.452940412526138
167.108333,1.10301,2.308395,47.06422990850739,15.452940442383026
167.116667,1.102151,2.311015,47.06422990079087,15.452940476934726
167.125,1.1013110000000002,2.313304,47.06422989324502,15.452940507121308
167.13333300000002,1.100191,2.315496,47.06422988318389,15.452940536028686
167.14166699999998,1.099426,2.317745,47.06422987631178,15.452940565687758
167.15,1.098476,2.320021,47.06422986777778,15.452940595702902
167.15833300000003,1.09765,2.322167,47.064229860357706,15.452940624003643
167.166667,1.09659,2.324505,47.06422985083556,15.452940654836423
167.175,1.095765,2.326512,47.064229843424464,15.45294068130408
167.183333,1.094985,2.328893,47.0642298364176,15.452940712703928
167.191667,1.093413,2.330913,47.064229822296085,15.452940739343026
167.2,1.091992,2.333053,47.06422980953103,15.452940767564645
167.20833299999998,1.090876,2.335051,47.06422979950583,15.452940793913612
167.21666700000003,1.089839,2.337111,47.0642297901903,15.452940821080215
167.225,1.08882,2.338893,47.06422978103647,15.452940844580649
167.233333,1.087392,2.340755,47.06422976820853,15.452940869136093
167.241667,1.08594,2.342906,47.064229755165,15.452940897502774
167.25,1.084431,2.34493,47.06422974160942,15.45294092419462
167.25833300000002,1.082891,2.346779,47.06422972777536,15.452940948578629
167.26666699999998,1.081261,2.348608,47.06422971313282,15.45294097269888
167.275,1.079777,2.350207,47.06422969980182,15.452940993785964
167.28333300000003,1.077893,2.352262,47.06422968287756,15.452941020886632
167.291667,1.076121,2.354226,47.06422966695941,15.45294104678722
167.3,1.074207,2.356135,47.06422964976566,15.452941071962483
167.308333,1.072345,2.357945,47.06422963303903,15.452941095832168
167.316667,1.070373,2.359765,47.06422961532424,15.45294111983373
167.325,1.068232,2.361409,47.06422959609132,15.45294114151426
167.33333299999998,1.066092,2.363086,47.06422957686737,15.452941163629989
167.34166700000003,1.06409,2.364844,47.0642295588831,15.452941186813916
167.35,1.061469,2.366191,47.06422953533825,15.45294120457771
167.358333,1.05951,2.368152,47.06422951774025,15.452941230438734
167.366667,1.057622,2.369464,47.06422950078006,15.452941247740958
167.375,1.055516,2.370978,47.064229481861545,15.452941267707091
167.38333300000002,1.053386,2.372564,47.06422946272743,15.452941288622744
167.39166699999998,1.051066,2.374047,47.06422944188651,15.452941308180058
167.4,1.048782,2.375705,47.06422942136899,15.45294133004522
167.40833300000003,1.046419,2.377246,47.064229400141805,15.45294135036742
167.416667,1.044039,2.378687,47.0642293787619,15.452941369370857
167.425,1.041575,2.380259,47.06422935662741,15.452941390101875
167.433333,1.038986,2.381695,47.06422933337003,15.452941409039372
167.441667,1.036424,2.383223,47.06422931035519,15.452941429190137
167.45,1.033791,2.384732,47.06422928670255,15.452941449090332
167.45833299999998,1.031387,2.386329,47.064229265107045,15.452941470151044
167.46666700000003,1.028959,2.387944,47.06422924329596,15.452941491449131
167.475,1.026452,2.389596,47.06422922077519,15.452941513235166
167.483333,1.023807,2.390881,47.06422919701475,15.452941530181322
167.491667,1.021373,2.392399,47.06422917514976,15.452941550200208
167.5,1.018711,2.39383,47.0642291512366,15.452941569071765
167.50833300000002,1.015987,2.395314,47.06422912676649,15.452941588642272
167.51666699999998,1.013169,2.396953,47.06422910145197,15.452941610256866
167.525,1.01041,2.398598,47.06422907666745,15.452941631950589
167.53333300000003,1.008167,2.400535,47.06422905651824,15.452941657495106
167.541667,1.004777,2.401862,47.06422902606535,15.452941674995149
167.55,1.001832,2.403498,47.064228999609966,15.45294169657018
167.558333,0.998593,2.404988,47.06422897051353,15.452941716219811
167.566667,0.995649,2.406654,47.06422894406713,15.452941738190471
167.575,0.993049,2.408474,47.06422892071093,15.452941762192037
167.58333299999998,0.990512,2.410111,47.06422889792067,15.452941783780254
167.59166700000003,0.98763,2.411765,47.06422887203122,15.452941805592664
167.6,0.98459,2.413253,47.06422884472244,15.45294182521592
167.608333,0.981529,2.414986,47.064228817225015,15.452941848070155
167.616667,0.977589,2.416394,47.0642287818314,15.452941866638396
167.625,0.974406,2.41799,47.06422875323802,15.45294188768592
167.63333300000002,0.971505,2.419827,47.06422872717789,15.452941911911672
167.64166699999998,0.96858,2.421744,47.06422870090217,15.45294193719244
167.65,0.96598,2.423479,47.06422867754597,15.452941960073051
167.65833300000003,0.962931,2.42514,47.06422865015634,15.452941981977771
167.666667,0.959528,2.426776,47.06422861958667,15.452942003552804
167.675,0.956228,2.428327,47.06422858994227,15.452942024006882
167.683333,0.952797,2.429738,47.06422855912107,15.452942042614684
167.691667,0.949429,2.431371,47.06422852886581,15.452942064150154
167.7,0.945854,2.432673,47.06422849675104,15.452942081320504
167.70833299999998,0.942541,2.434142,47.064228466989846,15.45294210069319
167.71666700000003,0.939134,2.435744,47.06422843638425,15.452942121819842
167.725,0.935552,2.437135,47.0642284042066,15.452942140163891
167.733333,0.931987,2.438561,47.06422837218165,15.452942158969512
167.741667,0.928124,2.439881,47.06422833747973,15.452942176377238
167.75,0.924111,2.440952,47.06422830143034,15.452942190501236
167.75833300000002,0.920048,2.441865,47.06422826493179,15.452942202541578
167.76666699999998,0.916012,2.442849,47.06422822867578,15.452942215518249
167.775,0.912024,2.443929,47.06422819285097,15.452942229760934
167.78333300000003,0.908216,2.445313,47.064228158643125,15.45294224801267
167.791667,0.904456,2.446747,47.06422812486647,15.45294226692379
167.8,0.9006430000000001,2.448038,47.0642280906137,15.452942283949074
167.808333,0.8969310000000001,2.449327,47.06422805726824,15.45294230094798
167.816667,0.8929819999999999,2.450535,47.064228021793774,15.452942316878689
167.825,0.889221,2.451847,47.064227988008135,15.452942334180912
167.83333299999998,0.8854980000000001,2.453228,47.064227954563854,15.452942352393087
167.84166700000003,0.88157,2.454576,47.06422791927803,15.452942370170067
167.85,0.8778600000000001,2.455839,47.06422788595053,15.4529423868261
167.858333,0.8739700000000001,2.457235,47.06422785100607,15.452942405236088
167.866667,0.8700680000000001,2.458561,47.06422781595381,15.45294242272294
167.875,0.86619,2.459871,47.06422778111714,15.452942439998791
167.88333300000002,0.862166,2.461004,47.06422774496893,15.452942454940423
167.89166699999998,0.858334,2.462323,47.06422771054549,15.452942472334962
167.9,0.8545010000000001,2.463617,47.06422767611307,15.45294248939981
167.90833300000003,0.8507530000000001,2.464926,47.06422764244421,15.45294250666247
167.916667,0.8469260000000001,2.466244,47.064227608065686,15.45294252404382
167.925,0.84308,2.467701,47.06422757351648,15.452942543258256
167.933333,0.838943,2.468954,47.06422753635317,15.452942559782407
167.941667,0.8350190000000001,2.470482,47.06422750110328,15.452942579933168
167.95,0.831145,2.471964,47.06422746630255,15.452942599477298
167.95833299999998,0.827272,2.473488,47.0642274315108,15.45294261957531
167.96666700000003,0.8233290000000001,2.474899,47.064227396090224,15.452942638183114
167.975,0.8194220000000001,2.476368,47.06422736099304,15.452942657555802
167.983333,0.8153520000000001,2.47787,47.06422732443162,15.452942677363682
167.991667,0.8113330000000001,2.479361,47.064227288328325,15.4529426970265
168.0,0.807443,2.480824,47.06422725338386,15.452942716320065
168.00833300000002,0.8034060000000001,2.48247,47.06422721711888,15.452942738026971
168.01666699999998,0.799473,2.483961,47.06422718178813,15.45294275768979
168.025,0.795505,2.485482,47.06422714614298,15.452942777748238
168.03333300000003,0.7916390000000001,2.487089,47.06422711141411,15.452942798940825
168.041667,0.787763,2.488581,47.06422707659541,15.45294281861683
168.05,0.783819,2.490113,47.06422704116586,15.452942838820343
168.058333,0.779661,2.491706,47.06422700381391,15.452942859828305
168.066667,0.775595,2.49308,47.06422696728841,15.452942877948166
168.075,0.7716430000000001,2.494736,47.06422693178699,15.452942899786947
168.08333299999998,0.767316,2.496268,47.06422689291689,15.45294291999046
168.09166700000003,0.7631140000000001,2.497742,47.06422685516968,15.45294293942909
168.1,0.759105,2.499347,47.06422681915622,15.4529429605953
168.108333,0.754846,2.500801,47.06422678089697,15.452942979770176
168.116667,0.750463,2.502306,47.06422674152381,15.45294299961762
168.125,0.746386,2.504066,47.0642267048995,15.45294302282792
168.13333300000002,0.7424580000000001,2.505757,47.06422666961367,15.452943045128272
168.14166699999998,0.738492,2.507347,47.064226633986486,15.45294306609667
168.15,0.734639,2.509112,47.06422659937439,15.45294308937291
168.15833300000003,0.73062,2.510656,47.06422656327111,15.452943109734676
168.166667,0.7265790000000001,2.512142,47.06422652697018,15.452943129331556
168.175,0.722663,2.514031,47.06422649179216,15.452943154243066
168.183333,0.718615,2.515729,47.06422645542835,15.452943176635731
168.191667,0.714562,2.517353,47.06422641901963,15.452943198052507
168.2,0.7106370000000001,2.519214,47.064226383760754,15.452943222594763
168.20833299999998,0.7067840000000001,2.521127,47.06422634914867,15.45294324782278
168.21666700000003,0.702728,2.523012,47.064226312713,15.45294327268154
168.225,0.6987030000000001,2.52484,47.06422627655581,15.452943296788602
168.233333,0.6947840000000001,2.526757,47.06422624135084,15.452943322069368
168.241667,0.690986,2.528787,47.06422620723282,15.45294334884034
168.25,0.6869460000000001,2.530756,47.06422617094088,15.452943374806868
168.25833300000002,0.6827340000000001,2.532684,47.06422613310384,15.452943400232694
168.26666699999998,0.6788540000000001,2.534875,47.064226098249215,15.452943429126885
168.275,0.6751170000000001,2.537276,47.064226064679175,15.452943460790484
168.28333300000003,0.671112,2.539671,47.06422602870165,15.452943492374954
168.291667,0.6669050000000001,2.541921,47.06422599090952,15.452943522047214
168.3,0.6628120000000001,2.544231,47.06422595414148,15.452943552510735
168.308333,0.6588200000000001,2.547084,47.06422591828073,15.452943590135162
168.316667,0.654634,2.549555,47.064225880677256,15.452943622721897
168.325,0.650167,2.551884,47.06422584054951,15.452943653435982
168.33333299999998,0.6453540000000001,2.553596,47.0642257973136,15.452943676013271
168.34166700000003,0.6407700000000001,2.555793,47.064225756134825,15.452943704986588
168.35,0.63632,2.558574,47.06422571615979,15.4529437416615
168.358333,0.631834,2.561294,47.064225675861366,15.452943777531964
168.366667,0.6274430000000001,2.563922,47.064225636416346,15.452943812189163
168.375,0.6230340000000001,2.566543,47.06422559680962,15.45294384675405
168.38333300000002,0.618307,2.569235,47.06422555434626,15.45294388225526
168.39166699999998,0.613662,2.57199,47.06422551261952,15.452943918587293
168.4,0.608871,2.574835,47.06422546958123,15.452943956106218
168.40833300000003,0.6038920000000001,2.577748,47.06422542485412,15.4529439945219
168.416667,0.5991390000000001,2.580476,47.06422538215719,15.452944030497868
168.425,0.594214,2.584052,47.064225337915154,15.452944077656978
168.433333,0.589296,2.586997,47.064225293736015,15.452944116494669
168.441667,0.5840470000000001,2.589813,47.06422524658344,15.45294415363115
168.45,0.57867,2.592546,47.06422519828104,15.452944189673053
168.45833299999998,0.573636,2.595344,47.06422515305984,15.452944226572155
168.46666700000003,0.568307,2.598464,47.06422510518862,15.452944267717688
168.475,0.5631170000000001,2.602399,47.06422505856606,15.452944319611172
168.483333,0.557753,2.60549,47.064225010380426,15.45294436037426
168.491667,0.552222,2.60797,47.06422496069461,15.452944393079688
168.5,0.546945,2.61112,47.06422491329051,15.452944434620846
168.50833300000002,0.541313,2.614448,47.064224862697394,15.452944478509416
168.51666699999998,0.5360250000000001,2.617899,47.06422481519448,15.452944524020069
168.525,0.5307230000000001,2.621957,47.06422476756581,15.452944577535636
168.53333300000003,0.525247,2.625117,47.06422471837406,15.452944619208676
168.541667,0.519363,2.628449,47.06422466551719,15.452944663149996
168.55,0.5141100000000001,2.632355,47.06422461832869,15.452944714661037
168.558333,0.5083570000000001,2.635652,47.06422456664861,15.452944758140788
168.566667,0.502483,2.639278,47.06422451388158,15.452944805959282
168.575,0.496981,2.64284,47.06422446445627,15.452944852933769
168.58333299999998,0.491288,2.646738,47.06422441331518,15.452944904339306
168.59166700000003,0.485352,2.650181,47.06422435999119,15.452944949744456
168.6,0.479514,2.653735,47.06422430754754,15.452944996613438
168.608333,0.473091,2.657089,47.06422424984875,15.452945040844885
168.616667,0.467134,2.660518,47.064224196336106,15.452945086065403
168.625,0.461237,2.664232,47.06422414336245,15.452945135044414
168.63333300000002,0.455269,2.667759,47.064224089751,15.45294518155733
168.64166699999998,0.449382,2.671539,47.06422403686718,15.452945231406725
168.65,0.443515,2.675228,47.06422398416302,15.45294528005604
168.65833300000003,0.437679,2.678995,47.06422393173734,15.452945329733994
168.666667,0.431844,2.682562,47.06422387932064,15.452945376774414
168.675,0.426011,2.686292,47.06422382692191,15.452945425964424
168.683333,0.4202830000000001,2.689829,47.06422377546642,15.452945472609215
168.691667,0.414266,2.693526,47.064223721414784,15.452945521364033
168.7,0.408328,2.69702,47.06422366807283,15.452945567441752
168.70833299999998,0.40259,2.70063,47.0642236165275,15.452945615049243
168.71666700000003,0.396982,2.704196,47.06422356614998,15.452945662076475
168.725,0.391127,2.70787,47.064223513553614,15.452945710527976
168.733333,0.385336,2.711648,47.06422346153218,15.452945760350994
168.741667,0.3797670000000001,2.715166,47.064223411505,15.452945806745218
168.75,0.374124,2.718698,47.06422336081307,15.452945853324067
168.75833300000002,0.368322,2.722222,47.06422330869282,15.452945899797417
168.76666699999998,0.362453,2.725881,47.064223255970695,15.452945948051104
168.775,0.356605,2.729516,47.06422320343722,15.452945995988284
168.78333300000003,0.350777,2.733004,47.06422315108341,15.45294604198688
168.791667,0.3449879999999999,2.736414,47.06422309907993,15.452946086956834
168.8,0.339276,2.739689,47.06422304776817,15.452946130146454
168.808333,0.3335599999999999,2.743125,47.06422299642046,15.452946175459289
168.816667,0.32775,2.746545,47.06422294422834,15.452946220561122
168.825,0.322005,2.749693,47.06422289262013,15.452946262075908
168.83333299999998,0.316169,2.753207,47.06422284019445,15.45294630841738
168.84166700000003,0.310385,2.756647,47.06422278823589,15.452946353782965
168.85,0.304788,2.760036,47.06422273795718,15.452946398475978
168.858333,0.299237,2.763018,47.0642226880917,15.452946437801607
168.866667,0.293513,2.766123,47.064222636672135,15.452946478749324
168.875,0.287761,2.769579,47.06422258500104,15.452946524325911
168.88333300000002,0.2819899999999999,2.773098,47.06422253315927,15.452946570733324
168.89166699999998,0.27624,2.776384,47.064222481506135,15.452946614068004
168.9,0.270651,2.779645,47.06422243129929,15.452946657072996
168.90833300000003,0.264896,2.782823,47.06422237960125,15.45294669898341
168.916667,0.259137,2.78583,47.06422232786726,15.452946738638737
168.925,0.253263,2.789064,47.06422227510023,15.45294678128766
168.933333,0.247588,2.792138,47.06422222412083,15.45294682182656
168.941667,0.242058,2.79522,47.064222174444,15.452946862470956
168.95,0.236334,2.798294,47.06422212302443,15.452946903009854
168.95833299999998,0.230699,2.801397,47.06422207240436,15.452946943931195
168.96666700000003,0.224879,2.80447,47.06422202012241,15.452946984456904
168.975,0.219335,2.80768,47.06422197031981,15.452947026789325
168.983333,0.213552,2.810923,47.06422191837024,15.452947069556938
168.991667,0.207788,2.813998,47.06422186659134,15.452947110109024
169.0,0.202003,2.817293,47.0642218146238,15.452947153562397
169.00833300000002,0.196014,2.820438,47.0642217608237,15.452947195037616
169.01666699999998,0.18992,2.823524,47.06422170608037,15.452947235734769
169.025,0.184264,2.826471,47.06422165527166,15.452947274598827
169.03333300000003,0.178342,2.829624,47.064221602073424,15.452947316179554
169.041667,0.172385,2.832681,47.06422154856079,15.45294735649426
169.05,0.166364,2.835643,47.064221494473216,15.452947395556135
169.058333,0.16055,2.838624,47.06422144224517,15.452947434868582
169.066667,0.1545149999999999,2.841588,47.06422138803185,15.452947473956836
169.075,0.14845,2.844651,47.06422133354903,15.452947514350669
169.08333299999998,0.142539,2.847776,47.06422128044961,15.452947555562137
169.09166700000003,0.136354,2.850815,47.06422122488881,15.452947595639468
169.1,0.130312,2.853743,47.064221170612605,15.452947634252965
169.108333,0.1239309999999999,2.856848,47.064221113291104,15.452947675200678
169.116667,0.117741,2.860006,47.064221057685394,15.452947716847335
169.125,0.111094,2.862957,47.06422099797438,15.45294775576415
169.13333300000002,0.104665,2.866034,47.06422094022169,15.452947796342608
169.14166699999998,0.098085,2.869028,47.06422088111254,15.45294783582649
169.15,0.091715,2.872122,47.06422082388986,15.45294787662914
169.15833300000003,0.085034,2.875167,47.064220763873415,15.452947916785591
169.166667,0.078252,2.878176,47.06422070294968,15.45294795646729
169.175,0.071788,2.881246,47.064220644882575,15.452947996953435
169.183333,0.065065,2.884287,47.06422058448885,15.45294803705714
169.191667,0.058454,2.887352,47.06422052510122,15.452948077477345
169.2,0.051628,2.890536,47.06422046378222,15.452948119466884
169.20833299999998,0.044727,2.893609,47.06422040178948,15.452948159992593
169.21666700000003,0.037841,2.896805,47.06422033993149,15.452948202140384
169.225,0.030806,2.899915,47.06422027673501,15.452948243154038
169.233333,0.023832,2.902954,47.0642202140865,15.452948283231365
169.241667,0.016465,2.905987,47.06422014790761,15.452948323229563
169.25,0.009131,2.909119,47.064220082025166,15.452948364533343
169.25833300000002,0.002215,2.912307,47.06422001989768,15.452948406575636
169.26666699999998,-0.0050039999999999,2.915376,47.0642199550483,15.452948447048591
169.275,-0.0124209999999999,2.918269,47.064219888420254,15.45294848520052
169.28333300000003,-0.0194709999999999,2.921382,47.06421982508903,15.452948526253737
169.291667,-0.0270029999999999,2.924373,47.06421975742792,15.452948565698057
169.3,-0.0342619999999999,2.927293,47.06421969221921,15.45294860420605
169.308333,-0.0412219999999999,2.9302,47.06421962969647,15.452948642542603
169.316667,-0.0490279999999999,2.933137,47.06421955957398,15.45294868127479
169.325,-0.0561999999999999,2.936171,47.0642194951468,15.452948721286177
169.33333299999998,-0.0634049999999999,2.939115,47.06421943042319,15.452948760110678
169.34166700000003,-0.0710539999999999,2.942106,47.064219361711054,15.452948799554996
169.35,-0.078428,2.945194,47.064219295469286,15.45294884027852
169.358333,-0.0858859999999999,2.948236,47.06421922847293,15.45294888039541
169.366667,-0.0937629999999999,2.951199,47.06421915771264,15.452948919470474
169.375,-0.1009919999999999,2.954485,47.06421909277342,15.452948962805156
169.38333300000002,-0.1085319999999999,2.957487,47.06421902504045,15.452949002394538
169.39166699999998,-0.1160679999999999,2.960802,47.06421895734341,15.452949046111662
169.4,-0.1235189999999999,2.963665,47.06421889040995,15.45294908386796
169.40833300000003,-0.1308039999999999,2.966731,47.06421882496768,15.452949124301352
169.416667,-0.1380809999999999,2.969848,47.06421875959728,15.45294916540732
169.425,-0.145281,2.972865,47.06421869491857,15.452949205194516
169.433333,-0.1520719999999999,2.976063,47.06421863391399,15.45294924736868
169.441667,-0.1593339999999999,2.978907,47.06421856867833,15.45294928487441
169.45,-0.166261,2.982009,47.06421850645203,15.45294932578256
169.45833299999998,-0.1734139999999999,2.984816,47.06421844219554,15.452949362800345
169.46666700000003,-0.1800679999999999,2.987947,47.06421838242164,15.452949404090935
169.475,-0.186908,2.99092,47.06421832097687,15.452949443297875
169.483333,-0.194153,2.993732,47.06421825589393,15.4529494803816
169.491667,-0.200645,2.99681,47.06421819757531,15.452949520973243
169.5,-0.207663,2.999651,47.06421813453154,15.452949558439412
169.50833300000002,-0.214192,3.002555,47.06421807588053,15.452949596736405
169.51666699999998,-0.2207989999999999,3.005358,47.06421801652885,15.45294963370144
169.525,-0.227451,3.008102,47.064217956772914,15.452949669888405
169.53333300000003,-0.2342369999999999,3.010963,47.06421789581324,15.452949707618329
169.541667,-0.2402909999999999,3.013787,47.06421784142923,15.452949744860303
169.55,-0.2469579999999999,3.016531,47.06421778153855,15.452949781047268
169.558333,-0.253097,3.019421,47.06421772639098,15.452949819159633
169.566667,-0.2594419999999999,3.022324,47.06421766939288,15.452949857443434
169.575,-0.265579,3.025165,47.06421761426327,15.4529498949096
169.58333299999998,-0.2720019999999999,3.027834,47.06421755656447,15.45294993010749
169.59166700000003,-0.278104,3.030763,47.06421750174928,15.452949968734172
169.6,-0.283809,3.033776,47.06421745050039,15.45295000846862
169.608333,-0.289753,3.036651,47.06421739710453,15.452950046383163
169.616667,-0.296145,3.039416,47.06421733968421,15.45295008284707
169.625,-0.302091,3.042403,47.064217286270384,15.452950122238637
169.63333300000002,-0.3077109999999999,3.045445,47.064217235785065,15.452950162355528
169.64166699999998,-0.3137339999999999,3.04831,47.06421718167954,15.452950200138195
169.65,-0.319254,3.051275,47.06421713209253,15.452950239239636
169.65833300000003,-0.3247919999999999,3.054229,47.06421708234383,15.452950278196006
169.666667,-0.330671,3.057295,47.06421702953188,15.4529503186294
169.675,-0.336169,3.060346,47.0642169801425,15.452950358864978
169.683333,-0.3415209999999999,3.063393,47.06421693206466,15.452950399047804
169.691667,-0.3472809999999999,3.066442,47.0642168803217,15.452950439257004
169.7,-0.3528529999999999,3.069689,47.064216830267576,15.452950482077368
169.70833299999998,-0.358561,3.072669,47.06421677899174,15.45295052137662
169.71666700000003,-0.3638369999999999,3.075998,47.06421673159663,15.45295056527837
169.725,-0.3694539999999999,3.079337,47.06421668113826,15.452950609311994
169.733333,-0.374882,3.082437,47.06421663237771,15.452950650193763
169.741667,-0.3802,3.085726,47.0642165846053,15.452950693568008
169.75,-0.385838,3.089047,47.06421653395829,15.452950737364256
169.75833300000002,-0.391165,3.092228,47.06421648610503,15.452950779314229
169.76666699999998,-0.3963329999999999,3.095597,47.064216439680095,15.452950823743482
169.775,-0.401794,3.098911,47.064216390623095,15.452950867447418
169.78333300000003,-0.406992,3.102056,47.06421634392866,15.452950908922636
169.791667,-0.4121009999999999,3.105568,47.06421629803374,15.452950955237728
169.8,-0.4173439999999999,3.10874,47.06421625093507,15.452950997069012
169.808333,-0.4226219999999999,3.112094,47.06421620352199,15.452951041300452
169.816667,-0.4278459999999999,3.115559,47.06421615659399,15.452951086995723
169.825,-0.4331319999999999,3.119035,47.064216109109054,15.45295113283606
169.83333299999998,-0.43808,3.122438,47.064216064660414,15.452951177713697
169.84166700000003,-0.4435219999999999,3.125821,47.0642160157741,15.452951222327576
169.85,-0.4489029999999999,3.129298,47.06421596743576,15.4529512681811
169.858333,-0.453982,3.132728,47.06421592181032,15.452951313414802
169.866667,-0.459209,3.136253,47.06421587485538,15.452951359901334
169.875,-0.46456,3.139509,47.06421582678653,15.452951402840384
169.88333300000002,-0.4696909999999999,3.143016,47.06421578069397,15.452951449089536
169.89166699999998,-0.474908,3.146257,47.06421573382886,15.452951491830769
169.9,-0.4802339999999999,3.149671,47.06421568598459,15.452951536853467
169.90833300000003,-0.485278,3.152991,47.06421564067357,15.452951580636526
169.916667,-0.490483,3.15643,47.06421559391626,15.452951625988918
169.925,-0.495282,3.159692,47.06421555080611,15.452951669007094
169.933333,-0.500598,3.16311,47.06421550305167,15.452951714082545
169.941667,-0.505374,3.166508,47.06421546014813,15.45295175889424
169.95,-0.510671,3.169973,47.06421541256437,15.452951804589512
169.95833299999998,-0.515825,3.173257,47.0642153662652,15.452951847897817
169.96666700000003,-0.520876,3.176637,47.06421532089129,15.452951892472134
169.975,-0.526128,3.180092,47.064215273711774,15.452951938035527
169.983333,-0.530886,3.183514,47.064215230969936,15.452951983163729
169.991667,-0.536096,3.186903,47.06421518416771,15.452952027856735
170.0,-0.540917,3.1905,47.06421514085993,15.452952075292776
170.00833300000002,-0.546159,3.194022,47.06421509377024,15.452952121739743
170.01666699999998,-0.551306,3.197174,47.06421504753395,15.452952163307277
170.025,-0.556499,3.200372,47.06421500088444,15.452952205481436
170.03333300000003,-0.5615559999999999,3.203596,47.06421495545663,15.452952247998477
170.041667,-0.566302,3.207057,47.064214912822585,15.452952293640996
170.05,-0.57126,3.210859,47.06421486828411,15.45295234378051
170.058333,-0.575914,3.214675,47.06421482647652,15.452952394104653
170.066667,-0.580977,3.218147,47.06421478099482,15.452952439892234
170.075,-0.58574,3.220831,47.06421473820806,15.452952475287937
170.08333299999998,-0.591123,3.223875,47.06421468985175,15.4529525154312
170.09166700000003,-0.595975,3.227315,47.06421464626549,15.452952560796778
170.1,-0.601127,3.230847,47.06421459998428,15.452952607375623
170.108333,-0.60581,3.234685,47.06421455791618,15.452952657989892
170.116667,-0.610669,3.237883,47.06421451426704,15.452952700164053
170.125,-0.615576,3.24146,47.06421447018671,15.452952747336342
170.13333300000002,-0.620847,3.244256,47.064214422836514,15.452952784209062
170.14166699999998,-0.625571,3.247662,47.0642143804001,15.452952829126255
170.15,-0.630363,3.250655,47.06421433735284,15.452952868596949
170.15833300000003,-0.634686,3.254692,47.06421429851866,15.452952921835562
170.166667,-0.639759,3.257571,47.06421425294713,15.45295295980286
170.175,-0.644328,3.260738,47.0642142119031,15.452953001568204
170.183333,-0.649239,3.263465,47.06421416778684,15.452953037530976
170.191667,-0.6536639999999999,3.266593,47.06421412803638,15.452953078782
170.2,-0.658256,3.269879,47.06421408678575,15.452953122116677
170.20833299999998,-0.6633589999999999,3.272381,47.06421404094472,15.45295315511222
170.21666700000003,-0.6678799999999999,3.275166,47.06421400033189,15.452953191839876
170.225,-0.672597,3.277611,47.06421395795835,15.452953224083725
170.233333,-0.677109,3.28027,47.06421391742637,15.452953259149735
170.241667,-0.681708,3.282708,47.064213876112845,15.452953291301268
170.25,-0.6863819999999999,3.285132,47.06421383412559,15.452953323268174
170.25833300000002,-0.6907089999999999,3.287873,47.06421379525549,15.452953359415574
170.26666699999998,-0.695139,3.290459,47.06421375546012,15.452953393518882
170.275,-0.69966,3.292701,47.06421371484729,15.452953423085631
170.28333300000003,-0.704086,3.294995,47.064213675087856,15.452953453338145
170.291667,-0.708476,3.297201,47.06421363565181,15.45295348243014
170.3,-0.7130289999999999,3.299273,47.06421359475152,15.45295350975499
170.308333,-0.71736,3.301505,47.06421355584549,15.452953539189863
170.316667,-0.721687,3.303538,47.06421351697539,15.452953566000396
170.325,-0.726139,3.305331,47.0642134769824,15.45295358964588
170.33333299999998,-0.7305919999999999,3.307365,47.06421343698041,15.452953616469598
170.34166700000003,-0.734842,3.309519,47.06421339880201,15.452953644875835
170.35,-0.7391559999999999,3.311589,47.06421336004869,15.452953672174308
170.358333,-0.7434719999999999,3.313168,47.06421332127741,15.452953692997632
170.366667,-0.74781,3.315053,47.064213282308486,15.452953717856388
170.375,-0.7521819999999999,3.317579,47.06421324303415,15.452953751168437
170.38333300000002,-0.756374,3.319507,47.06421320537677,15.452953776594262
170.39166699999998,-0.760469,3.321394,47.064213168590754,15.452953801479392
170.4,-0.7646149999999999,3.323117,47.064213131346605,15.452953824201742
170.40833300000003,-0.768752,3.324639,47.0642130941833,15.452953844273374
170.416667,-0.7727689999999999,3.326253,47.06421305809798,15.45295386555827
170.425,-0.776755,3.327823,47.06421302229113,15.452953886262907
170.433333,-0.780727,3.3293,47.06421298661004,15.452953905741092
170.441667,-0.784663,3.330755,47.06421295125235,15.45295392492915
170.45,-0.788531,3.332097,47.06421291650551,15.452953942627
170.45833299999998,-0.792352,3.333331,47.06421288218088,15.45295395890058
170.46666700000003,-0.796187,3.334443,47.06421284773049,15.452953973565268
170.475,-0.800026,3.33554,47.06421281324417,15.452953988032135
170.483333,-0.803874,3.336563,47.064212778677,15.45295400152312
170.491667,-0.807635,3.33773,47.06421274489136,15.452954016913129
170.5,-0.8114549999999999,3.338768,47.06421271057571,15.452954030601926
170.50833300000002,-0.8152689999999999,3.339595,47.06421267631397,15.452954041508129
170.51666699999998,-0.818797,3.340663,47.064212644621406,15.452954055592556
170.525,-0.822722,3.341336,47.064212609362535,15.452954064467855
170.53333300000003,-0.826521,3.342123,47.06421257523554,15.45295407484655
170.541667,-0.830052,3.343093,47.06421254351603,15.452954087638588
170.55,-0.83407,3.343723,47.06421250742172,15.452954095946817
170.558333,-0.837629,3.344634,47.064212475450674,15.452954107960784
170.566667,-0.841317,3.344835,47.06421244232081,15.452954110611506
170.575,-0.8451719999999999,3.34508,47.06421240769075,15.452954113842486
170.58333299999998,-0.8487239999999999,3.345675,47.0642123757826,15.45295412168915
170.59166700000003,-0.8522379999999999,3.346289,47.0642123442158,15.452954129786376
170.6,-0.856167,3.346439,47.06421230892099,15.452954131764526
170.608333,-0.8600099999999999,3.346537,47.064212274398734,15.452954133056918
170.616667,-0.863475,3.346875,47.06421224327211,15.452954137514352
170.625,-0.867111,3.346971,47.06421221060936,15.452954138780369
170.63333300000002,-0.8709429999999999,3.346793,47.064212176185926,15.452954136432965
170.64166699999998,-0.8747229999999999,3.346454,47.0642121422296,15.452954131962343
170.65,-0.878147,3.346421,47.064212111471285,15.452954131527152
170.65833300000003,-0.881895,3.345516,47.06421207780243,15.452954119592311
170.666667,-0.88567,3.345016,47.06421204389103,15.452954112998476
170.675,-0.889407,3.344439,47.06421201032098,15.452954105389194
170.683333,-0.893273,3.343904,47.06421197559211,15.452954098333793
170.691667,-0.8968419999999999,3.343461,47.064211943531234,15.452954092491654
170.7,-0.900624,3.342957,47.06421190955695,15.45295408584507
170.70833299999998,-0.904499,3.342165,47.06421187474724,15.452954075400438
170.71666700000003,-0.908386,3.34144,47.06421183982973,15.452954065839378
170.725,-0.912438,3.340452,47.064211803429984,15.452954052809964
170.733333,-0.91641,3.339582,47.0642117677489,15.45295404133669
170.741667,-0.920168,3.338494,47.06421173399021,15.452954026988508
170.75,-0.924072,3.337637,47.06421169891998,15.452954015686675
170.75833300000002,-0.928116,3.336638,47.06421166259212,15.452954002512197
170.76666699999998,-0.932106,3.335539,47.06421162674934,15.45295398801895
170.775,-0.936077,3.33397,47.06421159107724,15.4529539673275
170.78333300000003,-0.940066,3.332494,47.06421155524344,15.4529539478625
170.791667,-0.943976,3.33117,47.06421152011932,15.452953930402028
170.8,-0.947813,3.329913,47.06421148565096,15.45295391382513
170.808333,-0.951451,3.328793,47.06421145297025,15.452953899054942
170.816667,-0.955415,3.327377,47.06421141736103,15.452953880381203
170.825,-0.959193,3.32601,47.06421138342268,15.452953862353668
170.83333299999998,-0.963227,3.324323,47.064211347184646,15.45295384010607
170.84166700000003,-0.967135,3.322788,47.06421131207848,15.452953819863
170.85,-0.971074,3.320953,47.06421127669385,15.452953795663634
170.858333,-0.975033,3.318996,47.06421124112954,15.45295376985537
170.866667,-0.979398,3.316884,47.06421120191808,15.452953742003016
170.875,-0.983392,3.314621,47.06421116603937,15.452953712159324
170.88333300000002,-0.987184,3.312897,47.064211131975256,15.452953689423788
170.89166699999998,-0.991048,3.310886,47.06421109726436,15.452953662903388
170.9,-0.995087,3.308567,47.0642110609814,15.452953632321188
170.90833300000003,-0.998922,3.30641,47.064211026531005,15.452953603875388
170.916667,-1.002641,3.304103,47.06421099312266,15.452953573451438
170.925,-1.006277,3.301768,47.06421096045992,15.452953542658236
170.933333,-1.009897,3.29951,47.064210927940906,15.452953512880486
170.941667,-1.013877,3.296726,47.06421089218796,15.45295347616602
170.95,-1.017653,3.29418,47.06421085826757,15.452953442590218
170.95833299999998,-1.021493,3.291656,47.06421082377226,15.452953409304545
170.96666700000003,-1.025298,3.289012,47.06421078959137,15.452953374436351
170.975,-1.0291,3.286358,47.06421075543742,15.452953339436286
170.983333,-1.032866,3.283641,47.06421072160686,15.452953303605394
170.991667,-1.036487,3.280798,47.06421068907887,15.452953266112855
171.0,-1.0402,3.278032,47.06421065572442,15.452953229635767
171.00833300000002,-1.043831,3.275253,47.0642106231066,15.45295319298724
171.01666699999998,-1.047099,3.272084,47.06421059374965,15.452953151195526
171.025,-1.050878,3.269183,47.06421055980232,15.452953112938102
171.03333300000003,-1.054467,3.266448,47.06421052756178,15.452953076869834
171.041667,-1.057638,3.263687,47.06421049907621,15.452953040458684
171.05,-1.061114,3.260459,47.06421046785077,15.452952997888891
171.058333,-1.064542,3.257382,47.06421043705652,15.452952957310442
171.066667,-1.068067,3.254571,47.0642104053909,15.45295292023991
171.075,-1.071341,3.251503,47.06421037598006,15.452952879780147
171.08333299999998,-1.074633,3.248344,47.06421034640752,15.452952838120307
171.09166700000003,-1.07781,3.245258,47.064210317868046,15.452952797423167
171.1,-1.081107,3.24202,47.06421028825059,15.4529527547215
171.108333,-1.084347,3.238862,47.06421025914518,15.452952713074849
171.116667,-1.087572,3.235719,47.06421023017451,15.452952671626011
171.125,-1.090674,3.232547,47.064210202308765,15.452952629794732
171.13333300000002,-1.093756,3.229288,47.06421017462269,15.452952586816126
171.14166699999998,-1.09663,3.225729,47.0642101488051,15.45295253988122
171.15,-1.099526,3.222514,47.064210122789895,15.452952497482867
171.15833300000003,-1.102459,3.219271,47.0642100964423,15.452952454715264
171.166667,-1.105372,3.215849,47.06421007027438,15.452952409587066
171.175,-1.108145,3.212633,47.0642100453641,15.45295236717553
171.183333,-1.110684,3.208771,47.06421002255588,15.452952316244762
171.191667,-1.113468,3.205484,47.064209997546776,15.4529522728969
171.2,-1.116196,3.202273,47.06420997304074,15.4529522305513
171.20833299999998,-1.118835,3.198596,47.0642099493342,15.452952182060248
171.21666700000003,-1.121365,3.195058,47.06420992660682,15.452952135402285
171.225,-1.1239,3.191493,47.06420990383453,15.45295208838825
171.233333,-1.126178,3.187408,47.0642098833709,15.452952034516631
171.241667,-1.128744,3.183994,47.06420986032013,15.452951989493936
171.25,-1.131311,3.1808,47.06420983726038,15.452951947372528
171.25833300000002,-1.133789,3.177029,47.064209815000126,15.452951897641835
171.26666699999998,-1.136134,3.173437,47.06420979393464,15.452951850271736
171.275,-1.138561,3.169798,47.06420977213252,15.452951802281817
171.28333300000003,-1.140731,3.166283,47.06420975263908,15.452951755927163
171.291667,-1.143032,3.162363,47.064209731968845,15.452951704231513
171.3,-1.145325,3.159186,47.06420971137048,15.452951662334293
171.308333,-1.147662,3.155109,47.06420969037685,15.452951608568174
171.316667,-1.14976,3.151456,47.06420967153019,15.452951560393624
171.325,-1.151895,3.14763,47.06420965235116,15.452951509937613
171.33333299999998,-1.153974,3.143755,47.06420963367518,15.4529514588354
171.34166700000003,-1.156006,3.139859,47.06420961542142,15.45295140745625
171.35,-1.158147,3.135992,47.06420959618849,15.452951356459542
171.358333,-1.160466,3.131746,47.06420957535656,15.45295130046471
171.366667,-1.162594,3.127859,47.0642095562404,15.452951249204247
171.375,-1.164461,3.123594,47.064209539468855,15.452951192958848
171.38333300000002,-1.166586,3.119713,47.064209520379656,15.452951141777511
171.39166699999998,-1.168393,3.115751,47.06420950414709,15.452951089527977
171.4,-1.170095,3.111823,47.06420948885777,15.45295103772682
171.40833300000003,-1.171881,3.106997,47.06420947281386,15.452950974083135
171.416667,-1.173517,3.102452,47.06420945811742,15.452950914145193
171.425,-1.175498,3.098454,47.06420944032179,15.4529508614209
171.433333,-1.177074,3.09463,47.06420942616434,15.45295081099126
171.441667,-1.178773,3.090154,47.06420941090197,15.452950751963265
171.45,-1.180431,3.085703,47.0642093960079,15.45295069326496
171.45833299999998,-1.182186,3.081431,47.06420938024247,15.452950636927248
171.46666700000003,-1.183478,3.076891,47.06420936863624,15.45295057705524
171.475,-1.185217,3.072674,47.06420935301453,15.452950521442853
171.483333,-1.186942,3.068384,47.0642093375186,15.452950464867762
171.491667,-1.1884,3.06401,47.06420932442117,15.452950407184906
171.5,-1.190087,3.059573,47.06420930926659,15.452950348671228
171.50833300000002,-1.191754,3.055097,47.06420929429167,15.45295028964323
171.51666699999998,-1.193418,3.050844,47.06420927934371,15.452950233556082
171.525,-1.194771,3.04637,47.0642092671895,15.45295017455446
171.53333300000003,-1.196235,3.042052,47.06420925403817,15.452950117610117
171.541667,-1.197861,3.037717,47.06420923943156,15.45295006044158
171.55,-1.199342,3.033328,47.06420922612751,15.452950002560913
171.558333,-1.200741,3.028895,47.06420921356008,15.452949944099984
171.566667,-1.202276,3.024443,47.064209199770936,15.45294988538849
171.575,-1.203885,3.020083,47.06420918531704,15.452949827890263
171.58333299999998,-1.205349,3.015675,47.06420917216571,15.452949769759028
171.59166700000003,-1.207012,3.011536,47.06420915722673,15.452949715175274
171.6,-1.208627,3.007175,47.06420914271893,15.45294965766386
171.608333,-1.210237,3.002739,47.06420912825605,15.452949599163372
171.616667,-1.212021,2.998655,47.06420911223011,15.45294954530494
171.625,-1.213563,2.994377,47.064209098378086,15.452949488888102
171.63333300000002,-1.215319,2.990143,47.06420908260367,15.45294943305152
171.64166699999998,-1.217092,2.985875,47.06420906667654,15.452949376766558
171.65,-1.218918,2.981594,47.0642090502733,15.452949320310156
171.65833300000003,-1.220627,2.977299,47.06420903492109,15.452949263669128
171.666667,-1.222504,2.973043,47.064209018059714,15.452949207542416
171.675,-1.22442,2.968792,47.064209000848,15.452949151481643
171.683333,-1.226155,2.964611,47.06420898526223,15.45294909634401
171.691667,-1.228159,2.960348,47.06420896725999,15.452949040124988
171.7,-1.230144,2.956036,47.06420894942843,15.452948983259768
171.70833299999998,-1.23215,2.951706,47.06420893140823,15.45294892615717
171.71666700000003,-1.234289,2.947525,47.06420891219327,15.452948871019537
171.725,-1.236304,2.943275,47.06420889409221,15.452948814971954
171.733333,-1.238588,2.938964,47.064208873574685,15.452948758119923
171.741667,-1.240811,2.934553,47.06420885360514,15.452948699949127
171.75,-1.243254,2.930204,47.0642088316593,15.452948642595963
171.75833300000002,-1.245628,2.925916,47.06420881033329,15.452948586047253
171.76666699999998,-1.248119,2.921498,47.064208787956254,15.45294852778414
171.775,-1.250593,2.917076,47.064208765731934,15.45294846946828
171.78333300000003,-1.25329,2.912671,47.064208741504366,15.452948411376608
171.791667,-1.255861,2.908192,47.06420871840868,15.452948352309049
171.8,-1.258709,2.903663,47.06420869282466,15.452948292582104
171.808333,-1.261535,2.899141,47.06420866743827,15.45294823294748
171.816667,-1.264263,2.894696,47.06420864293223,15.4529481743283
171.825,-1.267393,2.890058,47.064208614814966,15.452948113163902
171.83333299999998,-1.270359,2.885491,47.064208588170935,15.452948052935827
171.84166700000003,-1.273473,2.880736,47.06420856019739,15.452947990228472
171.85,-1.276574,2.876062,47.06420853234064,15.45294792858932
171.858333,-1.280048,2.871297,47.064208501133166,15.45294786575009
171.866667,-1.283331,2.866963,47.06420847164147,15.452947808594743
171.875,-1.286714,2.861795,47.064208441251466,15.452947740440882
171.88333300000002,-1.289871,2.856574,47.064208412891645,15.452947671588076
171.89166699999998,-1.293282,2.851544,47.06420838225012,15.452947605254112
171.9,-1.296733,2.846338,47.064208351249256,15.45294753659912
171.90833300000003,-1.300377,2.841429,47.064208318514645,15.452947471860869
171.916667,-1.303791,2.836307,47.06420828784616,15.45294740431364
171.925,-1.307293,2.831193,47.06420825638716,15.452947336871912
171.933333,-1.310768,2.826142,47.0642082251707,15.45294727026101
171.941667,-1.314373,2.821122,47.06420819278644,15.452947204058926
171.95,-1.317877,2.815983,47.064208161309466,15.452947136287507
171.95833299999998,-1.32146,2.81078,47.06420812912283,15.452947067672078
171.96666700000003,-1.325042,2.80575,47.06420809694518,15.452947001338115
171.975,-1.328588,2.800656,47.06420806509092,15.45294693416014
171.983333,-1.332088,2.79542,47.06420803364989,15.45294686510952
171.991667,-1.335764,2.790351,47.064208000627815,15.452946798261236
172.0,-1.339415,2.785442,47.06420796783032,15.452946733522984
172.00833300000002,-1.342945,2.780694,47.06420793611979,15.452946670907943
172.01666699999998,-1.346484,2.77561,47.06420790432841,15.452946603861848
172.025,-1.350105,2.770531,47.06420787180041,15.452946536881692
172.03333300000003,-1.353742,2.764957,47.06420783912869,15.45294646337364
172.041667,-1.357306,2.759513,47.06420780711272,15.452946391579983
172.05,-1.360923,2.754319,47.06420777462066,15.452946323083244
172.058333,-1.36463,2.749048,47.06420774132012,15.452946253571051
172.066667,-1.368139,2.743893,47.06420770979823,15.452946185588631
172.075,-1.371791,2.738649,47.06420767699176,15.452946116432509
172.08333299999998,-1.375277,2.73348,47.06420764567648,15.452946048265462
172.09166700000003,-1.3789289999999998,2.728146,47.064207612870014,15.45294597792245
172.1,-1.382483,2.72297,47.06420758094389,15.452945909663091
172.108333,-1.385901,2.71794,47.06420755023947,15.452945843329127
172.116667,-1.389552,2.712832,47.06420751744198,15.452945775966528
172.125,-1.392918,2.708028,47.06420748720468,15.45294571261298
172.13333300000002,-1.396267,2.703093,47.064207457120105,15.452945647531848
172.14166699999998,-1.399616,2.697951,47.06420742703553,15.452945579720868
172.15,-1.402907,2.69291,47.06420739747197,15.45294551324184
172.15833300000003,-1.406122,2.68782,47.064207368591134,15.45294544611662
172.166667,-1.409173,2.682094,47.06420734118354,15.452945370604043
172.175,-1.412277,2.67683,47.06420731329983,15.452945301184169
172.183333,-1.415364,2.671637,47.064207285568834,15.452945232700618
172.191667,-1.418504,2.666637,47.06420725736174,15.452945166762287
172.2,-1.42147,2.66135,47.064207230717706,15.452945097039096
172.20833299999998,-1.424642,2.656347,47.064207202223145,15.4529450310612
172.21666700000003,-1.427613,2.651224,47.0642071755342,15.452944963500787
172.225,-1.430533,2.646268,47.0642071493034,15.452944898142714
172.233333,-1.433642,2.641298,47.06420712137477,15.452944832600013
172.241667,-1.436396,2.636056,47.06420709663517,15.452944763470263
172.25,-1.439324,2.630915,47.0642070703325,15.452944695672471
172.25833300000002,-1.442197,2.625846,47.064207044523904,15.452944628824191
172.26666699999998,-1.445061,2.621088,47.06420701879616,15.452944566077278
172.275,-1.447806,2.616416,47.0642069941374,15.4529445044645
172.28333300000003,-1.450364,2.611569,47.0642069711585,15.452944440543884
172.291667,-1.453236,2.60642,47.06420694535888,15.452944372640587
172.3,-1.455945,2.601073,47.064206921023526,15.452944302126136
172.308333,-1.458684,2.596136,47.06420689641867,15.45294423701863
172.316667,-1.461113,2.591194,47.06420687459859,15.452944171845184
172.325,-1.463804,2.586219,47.06420685042493,15.452944106236547
172.33333299999998,-1.46633,2.58119,47.06420682773348,15.452944039915772
172.34166700000003,-1.469046,2.576259,47.06420680333523,15.452943974887392
172.35,-1.471705,2.571028,47.06420677944904,15.45294390590271
172.358333,-1.474456,2.566167,47.064206754736375,15.452943841797468
172.366667,-1.477109,2.561401,47.06420673090408,15.45294377894505
172.375,-1.479658,2.556639,47.06420670800602,15.452943716145382
172.38333300000002,-1.482158,2.551251,47.064206685548136,15.452943645090238
172.39166699999998,-1.484613,2.545995,47.064206663494495,15.452943575775867
172.4,-1.487353,2.540749,47.064206638880655,15.45294350659337
172.40833300000003,-1.490102,2.535822,47.06420661418597,15.45294344161774
172.416667,-1.492698,2.530882,47.0642065908657,15.45294337647067
172.425,-1.495259,2.52512,47.06420656785985,15.452943300483335
172.433333,-1.497882,2.519915,47.06420654429704,15.452943231841536
172.441667,-1.500817,2.514745,47.06420651793149,15.4529431636613
172.45,-1.503333,2.509411,47.06420649532988,15.45294309331829
172.45833299999998,-1.506212,2.50408,47.06420646946738,15.452943023014845
172.46666700000003,-1.509319,2.498998,47.06420644155672,15.452942955995123
172.475,-1.51201,2.493923,47.064206417383055,15.45294288906772
172.483333,-1.514779,2.488081,47.06420639250871,15.452942812025375
172.491667,-1.517734,2.482416,47.06420636596349,15.452942737317246
172.5,-1.520632,2.476893,47.06420633993032,15.452942664481768
172.50833300000002,-1.523607,2.471512,47.06420631320544,15.452942593518936
172.51666699999998,-1.526501,2.466176,47.064206287208194,15.452942523149549
172.525,-1.529058,2.460245,47.06420626423827,15.452942444933502
172.53333300000003,-1.531947,2.454529,47.06420623828594,15.452942369552805
172.541667,-1.534943,2.448857,47.06420621137242,15.452942294752363
172.55,-1.538071,2.443005,47.06420618327312,15.45294221757814
172.558333,-1.541115,2.437252,47.0642061559284,15.452942141709498
172.566667,-1.544127,2.431553,47.06420612887114,15.452942066552987
172.575,-1.547196,2.425845,47.06420610130184,15.452941991277791
172.58333299999998,-1.550125,2.419416,47.06420607499019,15.452941906494283
172.59166700000003,-1.553307,2.413262,47.0642060464058,15.452941825337389
172.6,-1.556335,2.407036,47.06420601920481,15.452941743230982
172.608333,-1.559537,2.400926,47.06420599044076,15.45294166265434
172.616667,-1.562772,2.3948,47.06420596138026,15.4529415818667
172.625,-1.565804,2.388506,47.06420593414334,15.45294149886353
172.63333300000002,-1.568988,2.382173,47.06420590554098,15.45294141534604
172.64166699999998,-1.572077,2.375809,47.06420587779202,15.452941331419735
172.65,-1.575321,2.369594,47.06420584865067,15.45294124945839
172.65833300000003,-1.578398,2.362873,47.06420582100951,15.45294116082409
172.666667,-1.58162,2.356505,47.06420579206579,15.452941076845033
172.675,-1.584781,2.350153,47.06420576367005,15.45294099307698
172.683333,-1.58801,2.343304,47.064205734663446,15.452940902754657
172.691667,-1.59108,2.336773,47.06420570708517,15.452940816626011
172.7,-1.594436,2.330081,47.06420567693771,15.452940728374152
172.70833299999998,-1.597632,2.323407,47.06420564822756,15.45294064035967
172.71666700000003,-1.601025,2.316788,47.06420561774772,15.45294055307051
172.725,-1.604418,2.310034,47.06420558726787,15.452940464001015
172.733333,-1.607854,2.303391,47.06420555640176,15.452940376395352
172.741667,-1.611406,2.296597,47.0642055244936,15.45294028679835
172.75,-1.614648,2.289863,47.064205495370224,15.452940197992609
172.75833300000002,-1.618024,2.283093,47.0642054650431,15.45294010871211
172.76666699999998,-1.621369,2.276144,47.064205434994456,15.452940017071018
172.775,-1.624872,2.269272,47.06420540352647,15.452939926445378
172.78333300000003,-1.62822,2.262492,47.06420537345088,15.452939837033004
172.791667,-1.63153,2.25578,47.06420534371664,15.452939748517393
172.8,-1.634822,2.249046,47.0642053141441,15.45293965971165
172.808333,-1.63834,2.242331,47.06420528254137,15.452939571156474
172.816667,-1.641637,2.235683,47.06420525292392,15.452939483484872
172.825,-1.645157,2.228945,47.06420522130322,15.452939394626378
172.83333299999998,-1.648509,2.222432,47.0642051911917,15.452939308735113
172.84166700000003,-1.652109,2.215875,47.064205158852346,15.452939222263588
172.85,-1.655635,2.209081,47.06420512717774,15.452939132666586
172.858333,-1.659055,2.202548,47.06420509645536,15.452939046511563
172.866667,-1.662546,2.196117,47.06420506509517,15.452938961701689
172.875,-1.665882,2.189423,47.06420503512738,15.45293887342345
172.88333300000002,-1.669329,2.182864,47.06420500416245,15.45293878692555
172.89166699999998,-1.672848,2.176192,47.06420497255073,15.452938698937446
172.9,-1.676331,2.16979,47.06420494126242,15.452938614510009
172.90833300000003,-1.679869,2.16331,47.064204909480026,15.452938529053936
172.916667,-1.683282,2.156938,47.064204878820526,15.452938445022127
172.925,-1.686743,2.150413,47.06420484772983,15.452938358972608
172.933333,-1.690178,2.144034,47.0642048168727,15.452938274848488
172.941667,-1.693536,2.137811,47.06420478670727,15.452938192781644
172.95,-1.696897,2.13154,47.0642047565149,15.452938110081794
172.95833299999998,-1.700287,2.125258,47.06420472606201,15.45293802723688
172.96666700000003,-1.703728,2.119025,47.06420469515098,15.452937945038158
172.975,-1.706944,2.112929,47.06420466626116,15.45293786464615
172.983333,-1.71039,2.1067,47.06420463530522,15.45293778250018
172.991667,-1.713753,2.100712,47.06420460509487,15.45293770353244
173.0,-1.717056,2.094905,47.06420457542352,15.452937626951664
173.00833300000002,-1.720427,2.088835,47.06420454514131,15.452937546902536
173.01666699999998,-1.723803,2.082932,47.064204514814186,15.452937469055746
173.025,-1.727206,2.076838,47.06420448424452,15.452937388690112
173.03333300000003,-1.730559,2.070781,47.064204454124,15.45293730881242
173.041667,-1.734096,2.064619,47.06420442235059,15.452937227550024
173.05,-1.737527,2.058675,47.0642043915294,15.45293714916254
173.058333,-1.740859,2.052828,47.06420436159753,15.452937072054262
173.066667,-1.744266,2.046721,47.064204330991934,15.452936991517188
173.075,-1.747569,2.040761,47.06420430132058,15.4529369129187
173.08333299999998,-1.750919,2.034827,47.06420427122702,15.452936834663092
173.09166700000003,-1.754291,2.028679,47.06420424093583,15.452936753585323
173.1,-1.757557,2.022837,47.06420421159685,15.452936676542985
173.108333,-1.760739,2.017049,47.064204183012464,15.452936600212777
173.116667,-1.76395,2.011293,47.06420415416756,15.452936524304572
173.125,-1.767199,2.005474,47.064204124981295,15.452936447565545
173.13333300000002,-1.770588,1.999637,47.06420409453739,15.45293637058914
173.14166699999998,-1.773806,1.99394,47.0642040656296,15.45293629545901
173.15,-1.776879,1.988373,47.06420403802437,15.452936222043276
173.15833300000003,-1.780139,1.982642,47.064204008739296,15.452936146464769
173.166667,-1.783553,1.976825,47.06420397807081,15.452936069752118
173.175,-1.786784,1.971122,47.064203949046245,15.45293599454286
173.183333,-1.789841,1.965593,47.06420392158474,15.45293592162826
173.191667,-1.793227,1.959916,47.064203891167786,15.452935846761884
173.2,-1.796404,1.954093,47.064203862628304,15.452935769970107
173.20833299999998,-1.799597,1.94834,47.0642038339451,15.452935694101466
173.21666700000003,-1.802779,1.9427,47.06420380536071,15.452935619723034
173.225,-1.805995,1.937002,47.06420377647089,15.452935544579717
173.233333,-1.809102,1.931513,47.06420374856023,15.45293547219262
173.241667,-1.812365,1.92573,47.064203719248205,15.452935395928352
173.25,-1.815546,1.920088,47.06420369067279,15.452935321523544
173.25833300000002,-1.818854,1.914177,47.06420366095652,15.452935243571252
173.26666699999998,-1.822128,1.908429,47.06420363154568,15.452935167768551
173.275,-1.825395,1.902755,47.06420360219772,15.452935092941738
173.28333300000003,-1.828625,1.896832,47.06420357318214,15.452935014831196
173.291667,-1.831855,1.890935,47.06420354416655,15.452934937063532
173.3,-1.835185,1.885167,47.064203514252654,15.45293486099708
173.308333,-1.838252,1.879315,47.06420348670133,15.452934783822858
173.316667,-1.84182,1.873656,47.06420345464944,15.45293470919386
173.325,-1.845128,1.867441,47.06420342493316,15.45293462723252
173.33333299999998,-1.848419,1.861639,47.06420339536961,15.452934550717687
173.34166700000003,-1.851824,1.855704,47.06420336478197,15.452934472448892
173.35,-1.855274,1.849933,47.0642033337901,15.452934396342876
173.358333,-1.858568,1.844078,47.06420330419959,15.452934319129096
173.366667,-1.861988,1.838438,47.0642032734772,15.452934244750663
173.375,-1.865446,1.832298,47.06420324241346,15.4529341637784
173.38333300000002,-1.868679,1.826075,47.06420321337093,15.452934081711556
173.39166699999998,-1.871988,1.820096,47.06420318364568,15.452934002862508
173.4,-1.8752,1.814244,47.06420315479179,15.45293392568829
173.40833300000003,-1.877706,1.808273,47.06420313228001,15.452933846944742
173.416667,-1.88073,1.8025,47.06420310511496,15.45293377081235
173.425,-1.884206,1.796487,47.06420307388952,15.45293369151492
173.433333,-1.887364,1.790625,47.06420304552072,15.452933614208826
173.441667,-1.890655,1.784752,47.06420301595716,15.45293353675767
173.45,-1.894028,1.778862,47.06420298565698,15.452933459082322
173.45833299999998,-1.897353,1.772957,47.064202955788005,15.45293338120916
173.46666700000003,-1.900736,1.767004,47.06420292539799,15.452933302702988
173.475,-1.90426,1.760998,47.06420289374136,15.45293322349787
173.483333,-1.907567,1.75512,47.06420286403407,15.452933145980774
173.491667,-1.910939,1.749066,47.06420283374289,15.45293306614265
173.5,-1.914419,1.742804,47.06420280248151,15.45293298356149
173.50833300000002,-1.917679,1.73678,47.06420277319644,15.452932904118995
173.51666699999998,-1.920839,1.730798,47.06420274480967,15.45293282523038
173.525,-1.923947,1.72483,47.06420271689003,15.452932746526397
173.53333300000003,-1.927076,1.718852,47.06420268878175,15.452932667690533
173.541667,-1.930187,1.71297,47.06420266083517,15.452932590120689
173.55,-1.93335,1.706971,47.06420263242145,15.452932511007884
173.558333,-1.936348,1.701235,47.06420260548995,15.452932435363437
173.566667,-1.939405,1.695533,47.06420257802845,15.45293236016737
173.575,-1.942364,1.689853,47.0642025514473,15.452932285261433
173.58333299999998,-1.945234,1.68418,47.06420252566566,15.452932210447807
173.59166700000003,-1.948108,1.678448,47.06420249984808,15.452932134856113
173.6,-1.950796,1.672908,47.06420247570136,15.452932061796448
173.608333,-1.953428,1.667379,47.06420245205771,15.452931988881843
173.616667,-1.956069,1.661845,47.0642024283332,15.452931915901306
173.625,-1.95858,1.656449,47.0642024057765,15.452931844740666
173.63333300000002,-1.961255,1.650942,47.06420238174656,15.452931772116196
173.64166699999998,-1.963855,1.645574,47.06420235839036,15.45293170132481
173.65,-1.966423,1.640204,47.06420233532163,15.452931630507049
173.65833300000003,-1.969046,1.634807,47.06420231175882,15.45293155933322
173.666667,-1.971643,1.629467,47.06420228842957,15.452931488911087
173.675,-1.974225,1.624126,47.06420226523508,15.45293141847577
173.683333,-1.976773,1.618724,47.064202242346,15.452931347236005
173.691667,-1.979313,1.613452,47.06420221952879,15.452931277710633
173.7,-1.981726,1.608174,47.064202197852445,15.452931208106138
173.70833299999998,-1.984211,1.602871,47.06420217552931,15.452931138171948
173.71666700000003,-1.986639,1.597481,47.06420215371821,15.452931067090434
173.725,-1.989051,1.592314,47.06420213205085,15.45293099894977
173.733333,-1.992294,1.587265,47.064202102918486,15.452930932365248
173.741667,-1.994641,1.582083,47.06420208183503,15.45293086402677
173.75,-1.997,1.577146,47.064202060643765,15.452930798919269
173.75833300000002,-1.999128,1.57208,47.064202041527615,15.452930732110554
173.76666699999998,-2.001447,1.567094,47.06420202069568,15.452930666356858
173.775,-2.003622,1.562223,47.06420200115733,15.452930602119745
173.78333300000003,-2.006049,1.55744,47.06420197935522,15.45293053904314
173.791667,-2.00832,1.552416,47.06420195895448,15.452930472788312
173.8,-2.010225,1.547676,47.06420194184157,15.452930410278782
173.808333,-2.0122370000000003,1.542929,47.06420192376746,15.452930347676936
173.816667,-2.014174,1.538106,47.064201906367096,15.452930284072826
173.825,-2.016137,1.533564,47.064201888733166,15.452930224174452
173.83333299999998,-2.01784,1.528811,47.06420187343485,15.45293016149348
173.84166700000003,-2.0194490000000003,1.524291,47.064201858980965,15.452930101885237
173.85,-2.02101,1.519925,47.06420184495826,15.45293004430789
173.858333,-2.022663,1.515559,47.06420183010911,15.452929986730542
173.866667,-2.024388,1.511132,47.06420181461318,15.452929928348748
173.875,-2.026015,1.506952,47.06420179999758,15.45292987322431
173.88333300000002,-2.027776,1.502614,47.06420178417825,15.45292981601622
173.89166699999998,-2.029204,1.498269,47.06420177135031,15.452929758715817
173.9,-2.030684,1.494017,47.06420175805524,15.452929702641862
173.90833300000003,-2.0319160000000003,1.489707,47.064201746988,15.452929645803025
173.916667,-2.033184,1.485508,47.064201735597365,15.45292959042802
173.925,-2.034681,1.480792,47.06420172214958,15.452929528234993
173.933333,-2.036007,1.476473,47.06420171023792,15.452929471277466
173.941667,-2.037128,1.472252,47.06420170016781,15.452929415612331
173.95,-2.038515,1.467764,47.06420168770818,15.452929356426091
173.95833299999998,-2.039603,1.463312,47.064201677934506,15.45292929771461
173.96666700000003,-2.041064,1.458938,47.06420166481012,15.452929240031764
173.975,-2.04265,1.454723,47.06420165056284,15.452929184445756
173.983333,-2.043752,1.450403,47.064201640663406,15.452929127475045
173.991667,-2.045274,1.44611,47.06420162699105,15.4529290708604
174.0,-2.046566,1.441729,47.06420161538482,15.45292901308524
174.00833300000002,-2.047872,1.437372,47.06420160365282,15.45292895562658
174.01666699999998,-2.048807,1.43301,47.06420159525357,15.452928898101987
174.025,-2.049459,1.428273,47.06420158939655,15.45292883563202
174.03333300000003,-2.050528,1.424004,47.06420157979356,15.452928779333876
174.041667,-2.051704,1.419769,47.064201569229375,15.452928723484115
174.05,-2.052966,1.415579,47.06420155789264,15.452928668227798
174.058333,-2.0539110000000003,1.411103,47.06420154940356,15.45292860919981
174.066667,-2.054809,1.406503,47.064201541336686,15.452928548536557
174.075,-2.056223,1.402398,47.064201528634506,15.452928494401188
174.08333299999998,-2.057458,1.398222,47.06420151754031,15.4529284393295
174.09166700000003,-2.058272,1.393915,47.06420151022802,15.452928382530228
174.1,-2.059243,1.389692,47.06420150150539,15.45292832683872
174.108333,-2.06032,1.385282,47.06420149183053,15.452928268681116
174.116667,-2.061348,1.380772,47.06420148259585,15.452928209204746
174.125,-2.062476,1.376588,47.06420147246285,15.45292815402756
174.13333300000002,-2.063425,1.372186,47.06420146393784,15.452928095975455
174.14166699999998,-2.064176,1.367533,47.06420145719149,15.452928034613253
174.15,-2.064887,1.363213,47.06420145080446,15.452927977642538
174.15833300000003,-2.065774,1.358812,47.0642014428364,15.452927919603624
174.166667,-2.066564,1.354368,47.06420143573971,15.452927860997642
174.175,-2.067317,1.349933,47.0642014289754,15.452927802510349
174.183333,-2.068318,1.345533,47.06420141998326,15.452927744484624
174.191667,-2.069113,1.341218,47.06420141284166,15.452927687579852
174.2,-2.0697680000000003,1.336859,47.0642014069577,15.45292763009482
174.20833299999998,-2.070243,1.332353,47.0642014026907,15.452927570671203
174.21666700000003,-2.0708800000000003,1.327664,47.06420139696843,15.452927508834245
174.225,-2.071041,1.32322,47.06420139552214,15.45292745022826
174.233333,-2.07148,1.318932,47.064201391578536,15.452927393679554
174.241667,-2.071809,1.314345,47.06420138862308,15.452927333187736
174.25,-2.072092,1.309824,47.06420138608085,15.452927273566305
174.25833300000002,-2.072604,1.305195,47.06420138148148,15.452927212520605
174.26666699999998,-2.0732470000000003,1.300646,47.06420137570531,15.452927152529917
174.275,-2.073388,1.296049,47.06420137443869,15.452927091906222
174.28333300000003,-2.073512,1.291494,47.06420137332478,15.45292703183641
174.291667,-2.073548,1.287089,47.06420137300138,15.452926973744743
174.3,-2.0738410000000003,1.282651,47.06420137036932,15.45292691521789
174.308333,-2.073992,1.278225,47.06420136901286,15.452926856849285
174.316667,-2.073818,1.273397,47.06420137057594,15.45292679317924
174.325,-2.0738,1.268859,47.06420137073764,15.452926733333618
174.33333299999998,-2.073953,1.264396,47.06420136936322,15.452926674477068
174.34166700000003,-2.073593,1.260147,47.064201372597154,15.45292661844268
174.35,-2.073373,1.255714,47.06420137457345,15.452926559981762
174.358333,-2.073319,1.25131,47.06420137505854,15.452926501903285
174.366667,-2.073242,1.247127,47.06420137575024,15.452926446739284
174.375,-2.072732,1.242779,47.06420138033165,15.452926389399318
174.38333300000002,-2.071905,1.23809,47.06420138776072,15.452926327562356
174.39166699999998,-2.0714,1.23375,47.064201392297214,15.452926270327891
174.4,-2.070697,1.22976,47.064201398612376,15.45292621770911
174.40833300000003,-2.070025,1.225832,47.064201404649054,15.452926165907964
174.416667,-2.069543,1.221879,47.06420140897893,15.452926113777124
174.425,-2.068913,1.218051,47.06420141463832,15.452926063294742
174.433333,-2.0682780000000003,1.2141,47.06420142034261,15.452926011190277
174.441667,-2.067259,1.210072,47.06420142949645,15.452925958070365
174.45,-2.066402,1.206173,47.06420143719502,15.45292590665166
174.45833299999998,-2.066093,1.202416,47.06420143997081,15.452925857105605
174.46666700000003,-2.065044,1.198557,47.06420144939414,15.452925806214402
174.475,-2.064055,1.194859,47.06420145827848,15.452925757446415
174.483333,-2.062798,1.191143,47.0642014695703,15.452925708441054
174.491667,-2.061862,1.187585,47.06420147797853,15.45292566151934
174.5,-2.060878,1.183863,47.06420148681795,15.452925612434854
174.50833300000002,-2.058697,1.180777,47.06420150641021,15.45292557173772
174.51666699999998,-2.057383,1.177051,47.06420151821407,15.45292552260048
174.525,-2.056261,1.173525,47.06420152829317,15.452925476100772
174.53333300000003,-2.055247,1.170062,47.06420153740208,15.45292543043189
174.541667,-2.053635,1.166632,47.06420155188293,15.4529253851982
174.55,-2.0522620000000003,1.16318,47.0642015642168,15.45292533967438
174.558333,-2.050871,1.160011,47.06420157671237,15.45292529788267
174.566667,-2.049392,1.156631,47.06420158999844,15.452925253308363
174.575,-2.047981,1.153223,47.06420160267367,15.4529252083648
174.58333299999998,-2.04657,1.150025,47.0642016153489,15.45292516619065
174.59166700000003,-2.044952,1.147053,47.06420162988364,15.45292512699691
174.6,-2.043679,1.143844,47.0642016413192,15.452925084677693
174.608333,-2.042079,1.140654,47.06420165569224,15.452925042609042
174.616667,-2.040318,1.137577,47.064201671511576,15.452925002030597
174.625,-2.038585,1.134629,47.064201687079375,15.45292496315336
174.63333300000002,-2.036929,1.13161,47.06420170195548,15.4529249233398
174.64166699999998,-2.035266,1.128721,47.06420171689446,15.452924885240636
174.65,-2.033178,1.125789,47.06420173565129,15.452924846574405
174.65833300000003,-2.031564,1.122744,47.0642017501501,15.452924806417965
174.666667,-2.029685,1.120017,47.06420176702944,15.452924770455205
174.675,-2.0279160000000003,1.117343,47.06420178292064,15.452924735191388
174.683333,-2.025768,1.114363,47.06420180221645,15.452924695892143
174.691667,-2.02371,1.111666,47.06420182070378,15.452924660325014
174.7,-2.02181,1.108826,47.06420183777177,15.452924622872043
174.70833299999998,-2.02043,1.106222,47.06420185016852,15.452924588531364
174.71666700000003,-2.018482,1.103516,47.064201867667705,15.452924552845545
174.725,-2.01655,1.100756,47.06420188502316,15.452924516447588
174.733333,-2.014438,1.09792,47.06420190399557,15.45292447904737
174.741667,-2.012464,1.095165,47.06420192172832,15.452924442715352
174.75,-2.010395,1.092557,47.06420194031446,15.45292440832192
174.75833300000002,-2.008301,1.089883,47.06420195912519,15.452924373058108
174.76666699999998,-2.006183,1.087302,47.0642019781515,15.452924339020743
174.775,-2.004055,1.084794,47.06420199726765,15.45292430594608
174.78333300000003,-2.001784,1.082421,47.06420201766839,15.452924274651748
174.791667,-1.999578,1.07999,47.06420203748522,15.452924242592534
174.8,-1.997595,1.07749,47.06420205529882,15.45292420962337
174.808333,-1.995759,1.075197,47.06420207179189,15.452924179384055
174.816667,-1.993684,1.07275,47.064202090431934,15.45292414711384
174.825,-1.991762,1.070282,47.064202107697554,15.452924114566684
174.83333299999998,-1.989662,1.067805,47.06420212656218,15.452924081900838
174.84166700000003,-1.987467,1.065482,47.0642021462802,15.45292405126589
174.85,-1.985429,1.0631,47.06420216458786,15.452924019852873
174.858333,-1.983392,1.060642,47.06420218288655,15.452923987437591
174.866667,-1.980987,1.058062,47.06420220449103,15.452923953413416
174.875,-1.979243,1.055481,47.06420222015765,15.452923919376053
174.88333300000002,-1.976991,1.053245,47.06420224038771,15.452923889888432
174.89166699999998,-1.974704,1.050971,47.06420226093218,15.452923859899682
174.9,-1.972463,1.048662,47.06420228106342,15.452923829449364
174.90833300000003,-1.970421,1.04615,47.06420229940702,15.45292379632195
174.916667,-1.967727,1.044109,47.06420232360763,15.452923769405928
174.925,-1.965672,1.041737,47.064202342068015,15.452923738124786
174.933333,-1.963941,1.039246,47.06420235761785,15.452923705274314
174.941667,-1.962114,1.036763,47.06420237403008,15.452923672529344
174.95,-1.96028,1.034308,47.06420239050517,15.452923640153625
174.95833299999998,-1.957929,1.032222,47.06420241162457,15.452923612644154
174.96666700000003,-1.95566,1.03012,47.06420243200734,15.452923584923685
174.975,-1.953454,1.02788,47.06420245182418,15.452923555383316
174.983333,-1.951222,1.025976,47.06420247187457,15.452923530274
174.991667,-1.948911,1.02402,47.06420249263464,15.452923504478928
175.0,-1.946618,1.021811,47.06420251323301,15.452923475347376
175.00833300000002,-1.944436,1.019631,47.06420253283424,15.452923446598264
175.01666699999998,-1.942086,1.017561,47.064202553944654,15.4529234192998
175.025,-1.940091,1.015244,47.06420257186605,15.45292338874398
175.03333300000003,-1.938026,1.013186,47.06420259041626,15.452923361603766
175.041667,-1.935999,1.010898,47.06420260862511,15.452923331430387
175.05,-1.933479,1.009064,47.06420263126265,15.452923307244207
175.058333,-1.931238,1.007146,47.0642026513939,15.452923281950266
175.066667,-1.929036,1.005195,47.0642026711748,15.45292325622113
175.075,-1.926903,1.002967,47.06420269033587,15.452923226839014
175.08333299999998,-1.924909,1.000849,47.064202708248274,15.452923198907538
175.09166700000003,-1.922451,0.999085,47.06420273032887,15.452923175644496
175.1,-1.920018,0.997191,47.06420275218487,15.45292315066706
175.108333,-1.918258,0.995024,47.06420276799522,15.452923122089388
175.116667,-1.915611,0.993373,47.06420279177362,15.452923100316552
175.125,-1.913099,0.991593,47.0642028143393,15.452923076842511
175.13333300000002,-1.910843,0.989648,47.0642028346053,15.452923051192505
175.14166699999998,-1.908816,0.987759,47.06420285281415,15.452923026281002
175.15,-1.90619,0.986017,47.06420287640391,15.452923003308088
175.15833300000003,-1.903965,0.983944,47.06420289639142,15.45292297597006
175.166667,-1.901528,0.982122,47.06420291828336,15.452922951942131
175.175,-1.899103,0.980316,47.06420294006751,15.45292292812521
175.183333,-1.896844,0.97852,47.06420296036045,15.452922904440165
175.191667,-1.894525,0.97657,47.06420298119239,15.452922878724214
175.2,-1.892242,0.97477,47.06420300170093,15.45292285498642
175.20833299999998,-1.889945,0.973039,47.06420302233523,15.452922832158569
175.21666700000003,-1.887544,0.97148,47.06420304390378,15.452922811599
175.225,-1.885293,0.969644,47.06420306412485,15.452922787386443
175.233333,-1.883053,0.967957,47.06420308424712,15.452922765138853
175.241667,-1.880955,0.966248,47.064203103093774,15.452922742601134
175.25,-1.879091,0.964385,47.064203119838375,15.452922718032513
175.25833300000002,-1.876671,0.96279,47.06420314157761,15.452922696998188
175.26666699999998,-1.874413,0.961001,47.06420316186156,15.452922673405451
175.275,-1.872099,0.959011,47.06420318264858,15.452922647162
175.28333300000003,-1.869676,0.957183,47.06420320441476,15.452922623054947
175.291667,-1.867323,0.955274,47.06420322555211,15.452922597879692
175.3,-1.864915,0.953433,47.06420324718355,15.452922573601205
175.308333,-1.861826,0.951766,47.0642032749325,15.452922551617366
175.316667,-1.859183,0.950077,47.064203298674975,15.4529225293434
175.325,-1.856411,0.948235,47.06420332357628,15.45292250505172
175.33333299999998,-1.853807,0.946377,47.064203346968405,15.452922480549038
175.34166700000003,-1.851394,0.944449,47.06420336864475,15.45292245512322
175.35,-1.848803,0.942703,47.0642033919201,15.452922432097555
175.358333,-1.846038,0.94079,47.06420341675852,15.452922406869552
175.366667,-1.843378,0.938967,47.064203440653706,15.452922382828438
175.375,-1.840573,0.937265,47.06420346585144,15.452922360383033
175.38333300000002,-1.838399,0.935256,47.06420348538082,15.452922333889012
175.39166699999998,-1.835694,0.933376,47.064203509680254,15.4529223090962
175.4,-1.832583,0.931839,47.06420353762684,15.452922288826755
175.40833300000003,-1.829694,0.929893,47.06420356357916,15.45292226316356
175.416667,-1.827084,0.928148,47.0642035870252,15.452922240151084
175.425,-1.824263,0.926579,47.06420361236668,15.452922219459635
175.433333,-1.821306,0.924734,47.06420363892986,15.452922195128393
175.441667,-1.818356,0.922774,47.06420366543016,15.45292216928057
175.45,-1.815106,0.921268,47.064203694625405,15.452922149419944
175.45833299999998,-1.812499,0.919054,47.06420371804448,15.452922120222452
175.46666700000003,-1.809358,0.917307,47.06420374626056,15.452922097183604
175.475,-1.806363,0.915232,47.064203773165104,15.452922069819197
175.483333,-1.803129,0.913391,47.06420380221663,15.452922045540706
175.491667,-1.799964,0.911618,47.0642038306483,15.452922022158976
175.5,-1.796731,0.909589,47.06420385969084,15.452921995401203
175.50833300000002,-1.793566,0.90774,47.06420388812251,15.45292197101721
175.51666699999998,-1.79047,0.905939,47.06420391593435,15.452921947266224
175.525,-1.78707,0.904151,47.06420394647707,15.45292192368668
175.53333300000003,-1.783773,0.902282,47.064203976094525,15.452921899038932
175.541667,-1.780433,0.900633,47.06420400609826,15.452921877292471
175.55,-1.77717,0.8987080000000001,47.064204035410285,15.452921851906217
175.558333,-1.773869,0.896734,47.06420406506367,15.452921825873764
175.566667,-1.770333,0.8953420000000001,47.0642040968281,15.452921807516534
175.575,-1.766682,0.89341,47.0642041296256,15.452921782037963
175.58333299999998,-1.763186,0.891391,47.064204161030695,15.452921755412069
175.59166700000003,-1.759516,0.88982,47.06420419399887,15.452921734694243
175.6,-1.755809,0.8881560000000001,47.06420422729941,15.452921712749973
175.608333,-1.752078,0.886008,47.06420426081556,15.452921684422869
175.616667,-1.748367,0.884186,47.06420429415204,15.45292166039494
175.625,-1.744601,0.882131,47.064204327982594,15.452921633294284
175.63333300000002,-1.740351,0.880502,47.06420436616099,15.45292161181158
175.64166699999998,-1.736349,0.87843,47.06420440211157,15.452921584486736
175.65,-1.731756,0.876409,47.0642044433712,15.452921557834465
175.65833300000003,-1.727877,0.874453,47.06420447821685,15.45292153203939
175.666667,-1.723711,0.87272,47.064204515640654,15.452921509185163
175.675,-1.719562,0.870587,47.06420455291176,15.452921481055874
175.683333,-1.715473,0.86839,47.064204589643865,15.452921452082574
175.691667,-1.710882,0.8663310000000001,47.06420463088552,15.45292142492917
175.7,-1.706592,0.864147,47.06420466942325,15.452921396127309
175.70833299999998,-1.70209,0.862048,47.0642047098654,15.452921368446397
175.71666700000003,-1.697771,0.859965,47.064204748663634,15.45292134097649
175.725,-1.69281,0.857842,47.06420479322906,15.452921312979074
175.733333,-1.688187,0.855337,47.06420483475817,15.452921279943974
175.741667,-1.683408,0.853006,47.06420487768866,15.452921249203524
175.75,-1.678643,0.850711,47.06420492049338,15.45292121893783
175.75833300000002,-1.673681,0.848383,47.06420496506779,15.452921188236944
175.76666699999998,-1.668806,0.8460920000000001,47.06420500886066,15.452921158024004
175.775,-1.663935,0.843883,47.0642050526176,15.45292112889245
175.78333300000003,-1.658628,0.842391,47.0642051002912,15.452921109216454
175.791667,-1.653505,0.8400920000000001,47.064205146311885,15.45292107889801
175.8,-1.648209,0.837767,47.06420519388666,15.452921048236687
175.808333,-1.642925,0.835213,47.06420524135364,15.45292101455539
175.816667,-1.6376,0.8328840000000001,47.064205289188926,15.452920983841317
175.825,-1.632159,0.830512,47.064205338066266,15.452920952560174
175.83333299999998,-1.626739,0.828252,47.06420538675495,15.452920922756048
175.84166700000003,-1.621237,0.825836,47.06420543618025,15.452920890894648
175.85,-1.61584,0.8230620000000001,47.06420548466233,15.452920854312064
175.858333,-1.610259,0.820944,47.0642055347973,15.452920826380588
175.866667,-1.604809,0.818489,47.06420558375549,15.45292079400487
175.875,-1.599139,0.816196,47.06420563468996,15.452920763765553
175.88333300000002,-1.593483,0.813524,47.06420568549868,15.45292072852811
175.89166699999998,-1.587985,0.811202,47.064205734888056,15.45292069790635
175.9,-1.582106,0.80882,47.0642057877,15.45292066649333
175.90833300000003,-1.576499,0.80642,47.06420583806854,15.45292063484293
175.916667,-1.570574,0.804052,47.064205891293724,15.45292060361454
175.925,-1.564848,0.8017070000000001,47.064205942731256,15.45292057268946
175.933333,-1.559036,0.7992750000000001,47.06420599494134,15.452920540617056
175.941667,-1.553273,0.796921,47.06420604671125,15.45292050957329
175.95,-1.547566,0.794502,47.0642060979781,15.452920477672327
175.95833299999998,-1.541929,0.792219,47.06420614861613,15.452920447564884
175.96666700000003,-1.536173,0.789554,47.06420620032316,15.452920412419756
175.975,-1.530535,0.787249,47.06420625097017,15.452920382022183
175.983333,-1.524858,0.7846810000000001,47.06420630196753,15.45292034815626
175.991667,-1.519153,0.782305,47.06420635321642,15.452920316822365
176.0,-1.513375,0.779621,47.06420640512108,15.452920281426668
176.00833300000002,-1.50743,0.7772020000000001,47.06420645852592,15.452920249525704
176.01666699999998,-1.501638,0.774741,47.06420651055634,15.452920217070856
176.025,-1.495538,0.772219,47.06420656535357,15.452920183811564
176.03333300000003,-1.489717,0.769517,47.0642066176445,15.45292014817849
176.041667,-1.483813,0.76676,47.06420667068104,15.452920111820092
176.05,-1.477999,0.764502,47.06420672290909,15.452920082042343
176.058333,-1.472144,0.761919,47.06420677550545,15.452920047978605
176.066667,-1.466309,0.7594390000000001,47.06420682792214,15.452920015273191
176.075,-1.460165,0.756988,47.06420688311464,15.452919982950222
176.08333299999998,-1.453533,0.755187,47.0642069426909,15.452919959199235
176.09166700000003,-1.448013,0.752258,47.0642069922779,15.452919920572562
176.1,-1.442069,0.749486,47.06420704567376,15.45291988401635
176.108333,-1.43681,0.746553,47.06420709291616,15.452919845336924
176.116667,-1.431209,0.7435,47.0642071432308,15.45291980507498
176.125,-1.42549,0.741101,47.06420719460546,15.452919773437769
176.13333300000002,-1.419852,0.738495,47.06420724525247,15.45291973907071
176.14166699999998,-1.414258,0.735917,47.06420729550423,15.452919705072905
176.15,-1.408801,0.733699,47.06420734452529,15.45291967582266
176.15833300000003,-1.403246,0.731207,47.0642073944267,15.452919642958998
176.166667,-1.397522,0.728869,47.06420744584627,15.452919612126232
176.175,-1.39194,0.7263890000000001,47.06420749599023,15.45291957942082
176.183333,-1.386292,0.723909,47.06420754672708,15.452919546715409
176.191667,-1.380752,0.7214510000000001,47.06420759649375,15.452919514300124
176.2,-1.375374,0.7191120000000001,47.06420764480514,15.452919483454174
176.20833299999998,-1.369833,0.716639,47.06420769458079,15.452919450841074
176.21666700000003,-1.36441,0.714148,47.06420774329643,15.452919417990598
176.225,-1.359015,0.711269,47.06420779176054,15.452919380023303
176.233333,-1.353853,0.708881,47.06420783813157,15.452919348531156
176.241667,-1.348427,0.706482,47.064207886874165,15.452919316893944
176.25,-1.343184,0.704101,47.06420793397283,15.45291928549411
176.25833300000002,-1.337974,0.7016640000000001,47.06420798077506,15.452919253355764
176.26666699999998,-1.332708,0.699183,47.06420802808034,15.452919220637163
176.275,-1.327578,0.69679,47.06420807416391,15.452919189079076
176.28333300000003,-1.322178,0.6943210000000001,47.06420812267294,15.452919156518726
176.291667,-1.316974,0.6918040000000001,47.06420816942126,15.45291912332537
176.3,-1.311814,0.689438,47.06420821577433,15.452919092123354
176.308333,-1.306516,0.687021,47.06420826336707,15.452919060248762
176.316667,-1.301444,0.684602,47.06420830892963,15.452919028347797
176.325,-1.296292,0.682253,47.06420835521083,15.452918997369968
176.33333299999998,-1.291197,0.679857,47.06420840097999,15.452918965772316
176.34166700000003,-1.286215,0.6773990000000001,47.06420844573406,15.452918933357031
176.35,-1.281243,0.674712,47.0642084903983,15.452918897921773
176.358333,-1.276342,0.672189,47.06420853442473,15.452918864649291
176.366667,-1.271567,0.669805,47.06420857731929,15.452918833209893
176.375,-1.266739,0.667272,47.06420862068995,15.45291879980553
176.38333300000002,-1.261774,0.664817,47.0642086652913,15.452918767429807
176.39166699999998,-1.256848,0.662378,47.06420870954232,15.452918735265092
176.4,-1.251936,0.659695,47.06420875366756,15.452918699882582
176.40833300000003,-1.247163,0.657308,47.06420879654415,15.45291866840362
176.416667,-1.242267,0.654767,47.06420884052567,15.45291863489376
176.425,-1.237527,0.651787,47.06420888310581,15.452918595594516
176.433333,-1.232536,0.649298,47.06420892794073,15.452918562770412
176.441667,-1.227639,0.646821,47.06420897193123,15.452918530104562
176.45,-1.222764,0.6441800000000001,47.0642090157241,15.452918495275933
176.45833299999998,-1.217955,0.641672,47.064209058924085,15.452918462201264
176.46666700000003,-1.213187,0.6391910000000001,47.06420910175575,15.452918429482663
176.475,-1.208507,0.6367320000000001,47.06420914379691,15.452918397054193
176.483333,-1.20365,0.634139,47.06420918742808,15.452918362858572
176.491667,-1.198959,0.631707,47.06420922956806,15.452918330786169
176.5,-1.194098,0.6292260000000001,47.06420927323517,15.452918298067566
176.50833300000002,-1.189124,0.626839,47.06420931791736,15.452918266588606
176.51666699999998,-1.184138,0.624519,47.064209362707366,15.452918235993218
176.525,-1.179243,0.622032,47.0642094066799,15.452918203195493
176.53333300000003,-1.174166,0.619413,47.06420945228737,15.452918168656993
176.541667,-1.169112,0.616863,47.06420949768823,15.45291813502844
176.55,-1.164089,0.6141880000000001,47.0642095428106,15.452918099751432
176.558333,-1.159105,0.611324,47.06420958758263,15.452918061981954
176.566667,-1.153955,0.608828,47.06420963384587,15.452918029065538
176.575,-1.148778,0.606256,47.06420968035165,15.45291799514686
176.58333299999998,-1.143639,0.6037950000000001,47.06420972651608,15.452917962692013
176.59166700000003,-1.138447,0.601361,47.064209773156605,15.45291793059323
176.6,-1.133145,0.5989450000000001,47.06420982078529,15.452917898731828
176.608333,-1.127895,0.596418,47.06420986794684,15.452917865406592
176.616667,-1.122716,0.593711,47.06420991447058,15.452917829707578
176.625,-1.117527,0.590623,47.06420996108416,15.452917788984063
176.63333300000002,-1.112218,0.588025,47.06421000877573,15.452917754722504
176.64166699999998,-1.106873,0.585549,47.06421005679067,15.45291772206984
176.65,-1.101455,0.583183,47.0642101054614,15.45291769086782
176.65833300000003,-1.096034,0.580535,47.06421015415906,15.45291765594688
176.666667,-1.09045,0.577507,47.06421020432099,15.452917616014624
176.675,-1.084926,0.574879,47.06421025394393,15.452917581357436
176.683333,-1.079616,0.572239,47.06421030164447,15.452917546541997
176.691667,-1.073906,0.569679,47.06421035293828,15.452917512781568
176.7,-1.068195,0.566698,47.06421040424106,15.452917473469132
176.70833299999998,-1.062494,0.563733,47.06421045545402,15.452917434367698
176.71666700000003,-1.056886,0.56096,47.06421050583153,15.452917397798297
176.725,-1.051244,0.5579780000000001,47.06421055651448,15.452917358472677
176.733333,-1.045533,0.555023,47.06421060781727,15.45291731950312
176.741667,-1.039815,0.552133,47.06421065918293,15.452917281390762
176.75,-1.033966,0.5492400000000001,47.06421071172539,15.452917243238842
176.75833300000002,-1.028087,0.546254,47.06421076453734,15.452917203860467
176.76666699999998,-1.022165,0.5430320000000001,47.06421081773558,15.452917161369802
176.775,-1.016154,0.540018,47.06421087173331,15.452917121622171
176.78333300000003,-1.010138,0.536868,47.06421092577596,15.45291708008102
176.791667,-1.004318,0.5340440000000001,47.06421097805791,15.452917042839047
176.8,-0.998354,0.53085,47.06421103163343,15.45291700071764
176.808333,-0.992342,0.527796,47.06421108564015,15.452916960442504
176.816667,-0.986382,0.524791,47.06421113917974,15.452916920813566
176.825,-0.980251,0.521587,47.06421119425545,15.45291687856028
176.83333299999998,-0.974256,0.5186810000000001,47.06421124810946,15.452916840236917
176.84166700000003,-0.96836,0.515783,47.06421130107413,15.452916802019056
176.85,-0.962204,0.512629,47.064211356374415,15.452916760425156
176.858333,-0.956261,0.5097010000000001,47.06421140976129,15.452916721811668
176.866667,-0.95022,0.506702,47.06421146402853,15.45291668226185
176.875,-0.944114,0.50363,47.06421151887965,15.452916641749338
176.88333300000002,-0.93812,0.500735,47.06421157272467,15.45291660357104
176.89166699999998,-0.932244,0.497873,47.06421162550968,15.452916565827936
176.9,-0.926153,0.494743,47.06421168022607,15.452916524550538
176.90833300000003,-0.920202,0.491877,47.06421173368481,15.452916486754685
176.916667,-0.914204,0.4889,47.06421178756576,15.452916447494998
176.925,-0.908278,0.485924,47.06421184079993,15.452916408248498
176.933333,-0.90227,0.483143,47.06421189477071,15.452916371573597
176.941667,-0.896405,0.48013,47.0642119474569,15.452916331839155
176.95,-0.8904799999999999,0.477106,47.06421200068208,15.45291629195965
176.95833299999998,-0.884806,0.4741850000000001,47.0642120516525,15.452916253438474
176.96666700000003,-0.879103,0.471163,47.06421210288341,15.45291621358534
176.975,-0.8734649999999999,0.4680810000000001,47.06421215353043,15.452916172940949
176.983333,-0.8680829999999999,0.465133,47.06421220187775,15.452916134063706
176.991667,-0.862559,0.461992,47.06421225150069,15.452916092641244
177.0,-0.8570789999999999,0.45911,47.06421230072837,15.452916054634384
177.00833300000002,-0.851578,0.456181,47.064212350144686,15.452916016007704
177.01666699999998,-0.8459169999999999,0.453305,47.06421240099832,15.452915978079972
177.025,-0.84054,0.4504060000000001,47.064212449300726,15.452915939848925
177.03333300000003,-0.834992,0.4475,47.06421249913926,15.45291590152556
177.041667,-0.829561,0.444671,47.064212547926765,15.45291586421765
177.05,-0.8242649999999999,0.4418310000000001,47.06421259550154,15.452915826764674
177.058333,-0.819039,0.438971,47.06421264244749,15.452915789047946
177.066667,-0.8136599999999999,0.436097,47.064212690767874,15.45291575114659
177.075,-0.808678,0.433535,47.06421273552194,15.452915717359785
177.08333299999998,-0.803518,0.430573,47.06421278187501,15.452915678297916
177.09166700000003,-0.7987839999999999,0.427892,47.06421282440125,15.452915642941775
177.1,-0.7938649999999999,0.425057,47.06421286858937,15.45291560555474
177.108333,-0.788411,0.422214,47.06421291758349,15.4529155680622
177.116667,-0.783338,0.4195919999999999,47.06421296315503,15.452915533484136
177.125,-0.7783249999999999,0.416975,47.06421300818757,15.452915498972011
177.13333300000002,-0.77338,0.414332,47.06421305260926,15.452915464117003
177.14166699999998,-0.768234,0.411726,47.06421309883657,15.452915429749943
177.15,-0.763002,0.4094259999999999,47.064213145836426,15.452915399418307
177.15833300000003,-0.757996,0.4070589999999999,47.06421319080609,15.452915368203096
177.166667,-0.7531629999999999,0.40467,47.06421323422167,15.45291533669776
177.175,-0.748355,0.4022369999999999,47.06421327741266,15.452915304612166
177.183333,-0.743617,0.399785,47.06421331997484,15.452915272276003
177.191667,-0.738858,0.397352,47.06421336272566,15.452915240190409
177.2,-0.733943,0.395059,47.06421340687786,15.452915209951088
177.20833299999998,-0.729096,0.39257,47.0642134504192,15.452915177126982
177.21666700000003,-0.724394,0.3901409999999999,47.06421349265799,15.452915145094137
177.225,-0.719645,0.3878629999999999,47.06421353531898,15.45291511505263
177.233333,-0.714949,0.385618,47.06421357750386,15.452915085446316
177.241667,-0.7101259999999999,0.3833149999999999,47.06421362082961,15.452915055075117
177.25,-0.7052689999999999,0.380962,47.06421366446078,15.452915024044534
177.25833300000002,-0.700317,0.3785239999999999,47.06421370894535,15.452914991893
177.26666699999998,-0.6952729999999999,0.3760759999999999,47.06421375425638,15.452914959609588
177.275,-0.690376,0.373796,47.06421379824688,15.452914929541706
177.28333300000003,-0.685431,0.371479,47.064213842668565,15.452914898985878
177.291667,-0.6803199999999999,0.3691379999999999,47.06421388858146,15.452914868113549
177.3,-0.675306,0.366781,47.06421393362299,15.452914837030216
177.308333,-0.670121,0.364438,47.06421398020064,15.452914806131508
177.316667,-0.6650619999999999,0.362127,47.06421402564641,15.452914775654808
177.325,-0.659943,0.3597979999999999,47.06421407163116,15.452914744940728
177.33333299999998,-0.654748,0.357504,47.06421411829864,15.452914714688218
177.34166700000003,-0.649428,0.3552119999999999,47.06421416608901,15.452914684462083
177.35,-0.644207,0.352996,47.06421421299005,15.452914655238212
177.358333,-0.638694,0.350422,47.06421426251418,15.452914621293154
177.366667,-0.633478,0.348145,47.0642143093703,15.452914591264834
177.375,-0.628293,0.345917,47.06421435594794,15.45291456188271
177.38333300000002,-0.62291,0.343628,47.06421440430426,15.45291453169614
177.39166699999998,-0.617429,0.341218,47.06421445354091,15.452914499913858
177.4,-0.612042,0.3388609999999999,47.06421450193316,15.452914468830524
177.40833300000003,-0.606699,0.336582,47.06421454993014,15.452914438775828
177.416667,-0.601241,0.334283,47.0642145989602,15.452914408457378
177.425,-0.59561,0.331939,47.064214649544326,15.452914377545484
177.433333,-0.590011,0.329594,47.064214699841,15.452914346620403
177.441667,-0.584456,0.327445,47.06421474974242,15.452914318280106
177.45,-0.578924,0.325181,47.06421479943722,15.452914288423225
177.45833299999998,-0.573087,0.322652,47.06421485187188,15.452914255071612
177.46666700000003,-0.56755,0.3203319999999999,47.06421490161159,15.452914224476222
177.475,-0.561903,0.318141,47.064214952339455,15.45291419558204
177.483333,-0.5561,0.315701,47.06421500446869,15.452914163404133
177.491667,-0.55019,0.31332,47.06421505755912,15.452914132004294
177.5,-0.544605,0.3109969999999999,47.06421510773004,15.45291410136934
177.50833300000002,-0.538813,0.308435,47.06421515976046,15.452914067582531
177.51666699999998,-0.533035,0.305981,47.06421521166512,15.452914035219994
177.525,-0.527368,0.303662,47.06421526257264,15.45291400463779
177.53333300000003,-0.521464,0.301097,47.06421531560917,15.45291397081142
177.541667,-0.515687,0.298775,47.06421536750484,15.452913940189656
177.55,-0.5100399999999999,0.296419,47.06421541823271,15.45291390911951
177.558333,-0.5040789999999999,0.293822,47.06421547178128,15.452913874871134
177.566667,-0.498202,0.291552,47.06421552457527,15.452913844935129
177.575,-0.492584,0.289307,47.06421557504262,15.452913815328811
177.58333299999998,-0.486633,0.28686,47.064215628501366,15.452913783058587
177.59166700000003,-0.4807939999999999,0.2845879999999999,47.06421568095399,15.452913753096205
177.6,-0.474931,0.2822679999999999,47.06421573362221,15.452913722500814
177.608333,-0.4692109999999999,0.279849,47.06421578500585,15.452913690599845
177.616667,-0.463477,0.277732,47.06421583651525,15.45291366268155
177.625,-0.4577599999999999,0.275582,47.06421588787193,15.45291363432806
177.63333300000002,-0.451952,0.273167,47.06421594004608,15.45291360247984
177.64166699999998,-0.4462039999999999,0.270884,47.064215991681245,15.452913572372395
177.65,-0.440439,0.26849,47.06421604346912,15.452913540801118
177.65833300000003,-0.4347759999999999,0.2662219999999999,47.06421609434072,15.452913510891488
177.666667,-0.42915,0.263959,47.06421614487993,15.452913481047792
177.675,-0.423598,0.261788,47.0642161947544,15.452913452417365
177.683333,-0.418165,0.2595269999999999,47.06421624355986,15.452913422600046
177.691667,-0.4127579999999999,0.257258,47.06421629213177,15.452913392677226
177.7,-0.4074099999999999,0.2549019999999999,47.06421634017367,15.452913361607076
177.70833299999998,-0.40213,0.252606,47.06421638760472,15.45291333132819
177.71666700000003,-0.397012,0.250424,47.06421643358049,15.452913302552698
177.725,-0.391775,0.248105,47.06421648062527,15.452913271970496
177.733333,-0.386548,0.245783,47.06421652758021,15.452913241348728
177.741667,-0.3814379999999999,0.243478,47.06421657348412,15.452913210951152
177.75,-0.3762999999999999,0.241187,47.06421661963956,15.452913180738204
177.75833300000002,-0.371081,0.2388289999999999,47.06421666652263,15.452913149641684
177.76666699999998,-0.365924,0.236565,47.064216712848754,15.4529131197848
177.775,-0.360913,0.234311,47.064216757863335,15.452913090059797
177.78333300000003,-0.3558369999999999,0.232025,47.06421680346183,15.452913059912785
177.791667,-0.350738,0.229813,47.06421684926692,15.452913030741662
177.8,-0.345771,0.227632,47.06421689388624,15.452913001979356
177.808333,-0.340956,0.225529,47.06421693714013,15.452912974245688
177.816667,-0.336275,0.223408,47.06421697919026,15.452912946274644
177.825,-0.331605,0.221297,47.06421702114159,15.452912918435477
177.83333299999998,-0.327068,0.219288,47.06421706189815,15.452912891941448
177.84166700000003,-0.322531,0.217281,47.06421710265471,15.452912865473795
177.85,-0.318045,0.215221,47.06421714295313,15.4529128383072
177.858333,-0.3135949999999999,0.213128,47.06421718292817,15.452912810705408
177.866667,-0.309173,0.211108,47.06421722265166,15.452912784066315
177.875,-0.304726,0.2091539999999999,47.06421726259974,15.452912758297613
177.88333300000002,-0.300282,0.207226,47.06421730252087,15.452912732871788
177.89166699999998,-0.295509,0.205707,47.064217345397466,15.45291271283972
177.9,-0.29181,0.203217,47.06421737862614,15.452912680002422
177.90833300000003,-0.2874649999999999,0.201159,47.06421741765794,15.4529126528622
177.916667,-0.28317,0.199153,47.06421745624058,15.452912626407736
177.925,-0.278841,0.1972199999999999,47.06421749512865,15.45291260091597
177.933333,-0.2742719999999999,0.195721,47.06421753617268,15.452912581147656
177.941667,-0.27076,0.1932509999999999,47.06421756772151,15.452912548574114
177.95,-0.266679,0.191231,47.06421760438175,15.45291252193502
177.95833299999998,-0.26248,0.1893,47.064217642102015,15.452912496469636
177.96666700000003,-0.258306,0.187478,47.0642176795977,15.4529124724417
177.975,-0.25392,0.186049,47.0642177189978,15.452912453596523
177.983333,-0.25054,0.183308,47.06421774936086,15.452912417449122
177.991667,-0.2465689999999999,0.181252,47.06421778503296,15.452912390335277
178.0,-0.242466,0.179359,47.06421782189084,15.452912365371018
178.00833300000002,-0.2385729999999999,0.177329,47.06421785686225,15.45291233860005
178.01666699999998,-0.234676,0.175482,47.0642178918696,15.452912314242424
178.025,-0.230617,0.173916,47.06421792833222,15.452912293590536
178.03333300000003,-0.226744,0.172439,47.064217963123966,15.452912274112348
178.041667,-0.223181,0.170366,47.06421799513094,15.45291224677431
178.05,-0.2193419999999999,0.168896,47.06421802961726,15.452912227388438
178.058333,-0.215608,0.167637,47.06421806316035,15.452912210785165
178.066667,-0.212136,0.165999,47.064218094349854,15.452912189183763
178.075,-0.20858,0.164512,47.064218126293945,15.4529121695737
178.08333299999998,-0.2052049999999999,0.162363,47.064218156612085,15.4529121412334
178.09166700000003,-0.2017939999999999,0.16087,47.06421818725362,15.45291212154421
178.1,-0.1984119999999999,0.159248,47.06421821763464,15.45291210015381
178.108333,-0.195266,0.15756,47.06421824589564,15.452912077893023
178.116667,-0.1920009999999999,0.156117,47.06421827522564,15.45291205886322
178.125,-0.188625,0.154188,47.06421830555276,15.452912033424203
178.13333300000002,-0.185502,0.152595,47.06421833360714,15.452912012416244
178.14166699999998,-0.182356,0.150814,47.06421836186814,15.452911988929008
178.15,-0.179259,0.148815,47.06421838968897,15.452911962566857
178.15833300000003,-0.176143,0.147524,47.06421841768047,15.452911945541576
178.166667,-0.1731349999999999,0.145467,47.064218444701794,15.45291191841454
178.175,-0.170231,0.143989,47.06421847078887,15.452911898923166
178.183333,-0.1672219999999999,0.142146,47.064218497819176,15.452911874618293
178.191667,-0.164302,0.140667,47.06421852404998,15.452911855113728
178.2,-0.1614,0.138848,47.06421855011909,15.452911831125355
178.20833299999998,-0.1585659999999999,0.137306,47.06421857557734,15.452911810789972
178.21666700000003,-0.1558,0.135303,47.064218600424745,15.452911784375072
178.225,-0.153274,0.133942,47.06421862311619,15.452911766426654
178.233333,-0.1502029999999999,0.132173,47.06421865070345,15.452911743097667
178.241667,-0.1474299999999999,0.130783,47.06421867561374,15.452911724766809
178.25,-0.14486,0.12897,47.06421869870045,15.452911700857564
178.25833300000002,-0.1420539999999999,0.127401,47.06421872390717,15.452911680166112
178.26666699999998,-0.1393619999999999,0.125669,47.06421874808981,15.45291165732507
178.275,-0.13673,0.124148,47.06421877173347,15.452911637266626
178.28333300000003,-0.134228,0.1224929999999999,47.06421879420933,15.452911615441032
178.291667,-0.131633,0.120944,47.06421881752061,15.452911595013331
178.3,-0.1292559999999999,0.119297,47.06421883887356,15.45291157329324
178.308333,-0.1268929999999999,0.117705,47.064218860100745,15.452911552298472
178.316667,-0.124369,0.116141,47.06421888277422,15.452911531672957
178.325,-0.1218179999999999,0.114439,47.06421890569025,15.452911509227544
178.33333299999998,-0.1194309999999999,0.11305,47.06421892713303,15.452911490909871
178.34166700000003,-0.1170209999999999,0.111585,47.06421894878243,15.452911471589935
178.35,-0.1147889999999999,0.109924,47.064218968832826,15.452911449685216
178.358333,-0.1122989999999999,0.108351,47.06421899120088,15.452911428941013
178.366667,-0.1100109999999999,0.106854,47.06421901175433,15.452911409199071
178.375,-0.1077749999999999,0.105415,47.064219031840665,15.452911390222017
178.38333300000002,-0.1055089999999999,0.104001,47.064219052196485,15.452911371574652
178.39166699999998,-0.1033039999999999,0.102392,47.064219072004335,15.452911350355691
178.4,-0.1012799999999999,0.100922,47.06421909018624,15.452911330969815
178.40833300000003,-0.0991379999999999,0.09935,47.06421910942815,15.452911310238802
178.416667,-0.0969789999999999,0.097963,47.06421912882278,15.452911291947506
178.425,-0.0950909999999999,0.096403,47.06421914578297,15.452911271374743
178.433333,-0.0928699999999999,0.094794,47.06421916573455,15.452911250155784
178.441667,-0.0906679999999999,0.093372,47.064219185515455,15.452911231402918
178.45,-0.0885939999999999,0.091805,47.06421920414651,15.45291121073784
178.45833299999998,-0.0863949999999999,0.090277,47.06421922390047,15.452911190587082
178.46666700000003,-0.0843029999999999,0.088723,47.06421924269322,15.452911170093444
178.475,-0.0822059999999999,0.08723,47.06421926153089,15.452911150404256
178.483333,-0.0801679999999999,0.0857209999999999,47.06421927983856,15.452911130504065
178.491667,-0.077982,0.084263,47.06421929947573,15.452911111276444
178.5,-0.076011,0.082906,47.06421931718152,15.452911093380775
178.50833300000002,-0.0740069999999999,0.081509,47.06421933518376,15.4529110749576
178.51666699999998,-0.0718729999999999,0.0799749999999999,47.0642193543538,15.452911054727718
178.525,-0.0700369999999999,0.078371,47.06421937084688,15.452911033574695
178.53333300000003,-0.0679669999999999,0.0769779999999999,47.064219389442,15.452911015204275
178.541667,-0.0659809999999999,0.075456,47.06421940728254,15.452910995132644
178.55,-0.0640799999999999,0.073992,47.06421942435952,15.452910975825894
178.558333,-0.0620329999999999,0.072918,47.064219442748026,15.452910961662337
178.566667,-0.0600279999999999,0.07144,47.06421946075925,15.452910942170965
178.575,-0.0580489999999999,0.070016,47.064219478536906,15.45291092339172
178.58333299999998,-0.0560209999999999,0.068548,47.064219496754745,15.452910904032224
178.59166700000003,-0.0540529999999999,0.067049,47.06421951443359,15.452910884263904
178.6,-0.0520929999999999,0.065419,47.06421953204057,15.452910862768006
178.608333,-0.0501369999999999,0.063844,47.064219549611614,15.452910841997424
178.616667,-0.0481019999999999,0.0626869999999999,47.06421956789233,15.452910826739291
178.625,-0.0462599999999999,0.061254,47.0642195844393,15.452910807841365
178.63333300000002,-0.0444239999999999,0.059623,47.06421960093237,15.452910786332271
178.64166699999998,-0.0426249999999999,0.058184,47.06421961709306,15.452910767355217
178.65,-0.0407939999999999,0.056764,47.064219633541214,15.452910748628728
178.65833300000003,-0.0389329999999999,0.05531,47.06421965025886,15.452910729453857
178.666667,-0.0370289999999999,0.053999,47.06421966736279,15.452910712164822
178.675,-0.0352819999999999,0.052461,47.06421968305636,15.452910691882186
178.683333,-0.0333829999999999,0.051222,47.064219700115366,15.452910675542666
178.691667,-0.0315739999999999,0.049654,47.06421971636589,15.452910654864402
178.7,-0.0296419999999999,0.048407,47.06421973372134,15.45291063841938
178.70833299999998,-0.0275819999999999,0.047133,47.06421975222664,15.452910621618289
178.71666700000003,-0.0257419999999999,0.045656,47.06421976875564,15.4529106021401
178.725,-0.0237929999999999,0.044466,47.0642197862638,15.452910586446771
178.733333,-0.0219349999999999,0.043024,47.0642198029545,15.452910567430155
178.741667,-0.0201589999999999,0.04161,47.064219818908576,15.452910548782793
178.75,-0.0183809999999999,0.0403,47.06421983488063,15.452910531506944
178.75833300000002,-0.0167919999999999,0.038849,47.06421984915485,15.452910512371636
178.76666699999998,-0.0151319999999999,0.037552,47.064219864066885,15.452910495267233
178.775,-0.0134739999999999,0.036249,47.06421987896095,15.452910478083698
178.78333300000003,-0.0119809999999999,0.034889,47.0642198923728,15.452910460148468
178.791667,-0.0104099999999999,0.033617,47.06421990648533,15.452910443373751
178.8,-0.0089839999999999,0.032297,47.0642199192953,15.452910425966028
178.808333,-0.0073099999999999,0.031101,47.0642199343331,15.452910410193576
178.816667,-0.0059009999999999,0.029812,47.06421994699037,15.452910393194667
178.825,-0.0044039999999999,0.028652,47.06421996043815,15.452910377896972
178.83333299999998,-0.0030669999999999,0.027354,47.06421997244863,15.452910360779375
178.84166700000003,-0.0015519999999999,0.026147,47.0642199860581,15.45291034486186
178.85,-1.2999999999985246e-05,0.025133,47.06421999988317,15.452910331489564
178.858333,0.000903,0.023583,47.06422000811174,15.452910311048676
178.866667,0.003029,0.023057,47.06422002720992,15.452910304111963
178.875,0.004383,0.021702,47.06422003937311,15.452910286242671
178.88333300000002,0.00562,0.02073,47.06422005048527,15.452910273424257
178.89166699999998,0.006455,0.019457,47.0642200579862,15.452910256636354
178.9,0.007501,0.0182309999999999,47.06422006738258,15.452910240468272
178.90833300000003,0.008569,0.016912,47.06422007697658,15.452910223073737
178.916667,0.010386,0.017046,47.06422009329898,15.452910224840885
178.925,0.011743,0.015952,47.06422010548911,15.452910210413572
178.933333,0.01285,0.015062,47.06422011543346,15.452910198676546
178.941667,0.014021,0.013937,47.06422012595273,15.45291018384042
178.95,0.01519,0.013032,47.06422013645404,15.45291017190558
178.95833299999998,0.016069,0.011903,47.06422014435023,15.4529101570167
178.96666700000003,0.017217,0.011007,47.06422015466289,15.452910145200548
178.975,0.018934,0.010591,47.06422017008697,15.452910139714476
178.983333,0.019999,0.010214,47.06422017965402,15.452910134742725
178.991667,0.021185,0.009374,47.06422019030804,15.452910123665085
179.0,0.02233,0.008693,47.06422020059375,15.45291011468428
179.00833300000002,0.023345,0.008131,47.06422020971166,15.452910107272809
179.01666699999998,0.024158,0.0081,47.06422021701496,15.452910106863987
179.025,0.025095,0.007567,47.06422022543217,15.45291009983496
179.03333300000003,0.026018,0.006916,47.06422023372362,15.452910091249787
179.041667,0.026974,0.006615,47.06422024231152,15.4529100872803
179.05,0.027825,0.006144,47.06422024995618,15.452910081068907
179.058333,0.028857,0.005566,47.06422025922679,15.452910073446436
179.066667,0.02974,0.004907,47.06422026715892,15.45291006475576
179.075,0.030597,0.004256,47.06422027485748,15.452910056170587
179.08333299999998,0.031368,0.004053,47.06422028178349,15.45291005349349
179.09166700000003,0.032186,0.003793,47.0642202891317,15.452910050064697
179.1,0.032747,0.004929,47.06422029417126,15.452910065045888
179.108333,0.03359,0.005004,47.06422030174406,15.452910066034963
179.116667,0.034401,0.0047429999999999,47.06422030902939,15.452910062592984
179.125,0.035113,0.0048539999999999,47.0642203154254,15.452910064056814
179.13333300000002,0.035719,0.004765,47.06422032086919,15.452910062883111
179.14166699999998,0.036381,0.00447,47.06422032681604,15.452910058992751
179.15,0.037079,0.004254,47.06422033308628,15.452910056144216
179.15833300000003,0.037901,0.0039539999999999,47.06422034047044,15.452910052187914
179.166667,0.038548,0.0042859999999999,47.06422034628253,15.45291005656622
179.175,0.039175,0.004143,47.06422035191497,15.452910054680384
179.183333,0.039785,0.003961,47.064220357394696,15.45291005228023
179.191667,0.040271,0.004831,47.064220361760505,15.4529100637535
179.2,0.040912,0.005138,47.06422036751871,15.452910067802115
179.20833299999998,0.041503,0.0053269999999999,47.06422037282776,15.452910070294584
179.21666700000003,0.042099,0.00544,47.06422037818172,15.452910071784792
179.225,0.042695,0.005455,47.06422038353568,15.452910071982608
179.233333,0.043193,0.005558,47.06422038800929,15.452910073340936
179.241667,0.043751,0.005319,47.06422039302189,15.452910070189084
179.25,0.044199,0.005332,47.064220397046334,15.452910070360522
179.25833300000002,0.044722,0.005332,47.06422040174453,15.452910070360522
179.26666699999998,0.045253,0.005346,47.06422040651458,15.45291007054515
179.275,0.045512,0.006137,47.06422040884122,15.452910080976595
179.28333300000003,0.04615,0.006557,47.06422041457248,15.452910086515418
179.291667,0.046749,0.006808,47.06422041995338,15.452910089825522
179.3,0.047095,0.007018,47.06422042306155,15.452910092594934
179.308333,0.047463,0.00723,47.06422042636735,15.45291009539072
179.316667,0.047868,0.007424,47.06422043000553,15.452910097949127
179.325,0.048205,0.0075479999999999,47.06422043303285,15.452910099584397
179.33333299999998,0.048491,0.0076169999999999,47.06422043560203,15.452910100494346
179.34166700000003,0.048844,0.0077699999999999,47.06422043877309,15.45291010251206
179.35,0.049432,0.007639,47.06422044405517,15.452910100784472
179.358333,0.049746,0.007666,47.06422044687589,15.45291010114054
179.366667,0.04999,0.007174,47.06422044906778,15.452910094652204
179.375,0.050307,0.006963,47.06422045191544,15.452910091869608
179.38333300000002,0.05064,0.006699,47.06422045490683,15.452910088388064
179.39166699999998,0.051055,0.0068679999999999,47.06422045863484,15.45291009061678
179.4,0.051419,0.00723,47.0642204619047,15.452910095390717
179.40833300000003,0.05168,0.007262,47.06422046424931,15.452910095812722
179.416667,0.051912,0.007219,47.0642204663334,15.452910095245652
179.425,0.052439,0.007848,47.06422047106752,15.452910103540695
179.433333,0.052728,0.008064,47.06422047366365,15.452910106389234
179.441667,0.052975,0.008236,47.06422047588249,15.452910108657514
179.45,0.053175,0.008457,47.06422047767912,15.45291011157199
179.45833299999998,0.053306,0.008721,47.06422047885592,15.452910115053532
179.46666700000003,0.053457,0.0088519999999999,47.06422048021237,15.452910116781116
179.475,0.053585,0.009054,47.06422048136221,15.452910119445027
179.483333,0.053755,0.009201,47.06422048288935,15.452910121383614
179.491667,0.053925,0.009499,47.06422048441649,15.452910125313538
179.5,0.054045,0.009791,47.06422048549447,15.452910129164335
179.50833300000002,0.05416,0.01002,47.064220486527525,15.452910132184313
179.51666699999998,0.054244,0.010043,47.064220487282114,15.452910132487627
179.525,0.054432,0.0103,47.06422048897095,15.45291013587686
179.53333300000003,0.054678,0.010747,47.0642204911808,15.452910141771747
179.541667,0.054856,0.011083,47.0642204927798,15.452910146202804
179.55,0.054966,0.011345,47.06422049376795,15.452910149657974
179.558333,0.05503,0.011569,47.06422049434287,15.452910152612011
179.566667,0.055077,0.011801,47.064220494765074,15.452910155671551
179.575,0.055496,0.012732,47.06422049852901,15.452910167949272
179.58333299999998,0.055534,0.013087,47.06422049887038,15.452910172630896
179.59166700000003,0.055554,0.013351,47.06422049905004,15.452910176112438
179.6,0.055566,0.01363,47.06422049915784,15.452910179791798
179.608333,0.055562,0.0139029999999999,47.0642204991219,15.452910183392037
179.616667,0.055558,0.014192,47.06422049908597,15.45291018720327
179.625,0.055557,0.014467,47.06422049907699,15.45291019082988
179.63333300000002,0.055545,0.014716,47.06422049896919,15.452910194113608
179.64166699999998,0.055491,0.014949,47.0642204984841,15.452910197186336
179.65,0.055428,0.015134,47.06422049791816,15.452910199626054
179.65833300000003,0.055335,0.015287,47.06422049708272,15.452910201643766
179.666667,0.055234,0.015406,47.06422049617542,15.4529102032131
179.675,0.055248,0.015339,47.06422049630119,15.452910202329525
179.683333,0.055141,0.015393,47.06422049534,15.45291020304166
179.691667,0.055002,0.015511,47.06422049409133,15.452910204597805
179.7,0.054878,0.015515,47.06422049297742,15.452910204650554
179.70833299999998,0.05475,0.0155249999999999,47.06422049182758,15.452910204782428
179.71666700000003,0.05444,0.015063,47.0642204890428,15.452910198689729
179.725,0.054193,0.014724,47.06422048682396,15.452910194219108
179.733333,0.05408,0.014586,47.06422048580887,15.452910192399209
179.741667,0.053956,0.014573,47.06422048469496,15.45291019222777
179.75,0.053846,0.014419,47.06422048370681,15.452910190196867
179.75833300000002,0.053714,0.014237,47.06422048252104,15.452910187796714
179.76666699999998,0.053554,0.014039,47.06422048108373,15.452910185185557
179.775,0.053395,0.013838,47.06422047965541,15.452910182534836
179.78333300000003,0.053103,0.013407,47.06422047703233,15.452910176850947
179.791667,0.052949,0.013211,47.06422047564892,15.452910174266163
179.8,0.052802,0.013053,47.0642204743284,15.452910172182513
179.808333,0.052681,0.012928,47.06422047324144,15.452910170534054
179.816667,0.052548,0.012756,47.06422047204668,15.452910168265774
179.825,0.052394,0.012616,47.06422047066327,15.4529101664195
179.83333299999998,0.052241,0.012508,47.06422046928885,15.452910164995233
179.84166700000003,0.052054,0.012391,47.064220467609005,15.452910163452277
179.85,0.051727,0.0135409999999999,47.06422046467152,15.452910178618096
179.858333,0.051509,0.013337,47.06422046271319,15.45291017592781
179.866667,0.051282,0.013019,47.064220460674015,15.452910171734132
179.875,0.051043,0.01266,47.06422045852704,15.452910166999756
179.88333300000002,0.050563,0.011915,47.064220454215125,15.452910157174944
179.89166699999998,0.050209,0.011504,47.06422045103509,15.452910151754812
179.9,0.049902,0.011358,47.06422044827726,15.452910149829412
179.90833300000003,0.049467,0.010853,47.06422044436959,15.45291014316964
179.916667,0.04913,0.010575,47.064220441342265,15.452910139503468
179.925,0.048799,0.010423,47.06422043836884,15.452910137498945
179.933333,0.048459,0.010255,47.06422043531457,15.452910135283412
179.941667,0.048184,0.0101409999999999,47.0642204328442,15.45291013378002
179.95,0.047914,0.010034,47.06422043041874,15.452910132368936
179.95833299999998,0.047641,0.010006,47.06422042796635,15.452910131999682
179.96666700000003,0.047367,0.009984,47.06422042550496,15.452910131709553
179.975,0.047066,0.009988,47.06422042280103,15.4529101317623
179.983333,0.046529,0.0094,47.06422041797708,15.452910124007952
179.991667,0.046204,0.009308,47.06422041505755,15.452910122794686
180.0,0.045979,0.009352,47.06422041303634,15.452910123374942
180.00833300000002,0.045597,0.00912,47.06422040960478,15.452910120315403
180.01666699999998,0.045305,0.009071,47.0642204069817,15.452910119669207
180.025,0.04497,0.009015,47.064220403972335,15.4529101189307
180.03333300000003,0.044693,0.009016,47.06422040148401,15.452910118943883
180.041667,0.044482,0.008999,47.06422039958856,15.452910118719696
180.05,0.044286,0.009036,47.06422039782786,15.45291011920764
180.058333,0.044134,0.009255,47.06422039646242,15.45291012209574
180.066667,0.043917,0.009442,47.064220394513086,15.452910124561832
180.075,0.043654,0.009551,47.06422039215052,15.452910125999288
180.08333299999998,0.043316,0.008828,47.06422038911421,15.452910116464604
180.09166700000003,0.043098,0.008732,47.064220387155885,15.452910115198586
180.1,0.042834,0.008933,47.064220384784335,15.452910117849306
180.108333,0.042393,0.007914,47.06422038082276,15.452910104411073
180.116667,0.042107,0.00805,47.06422037825358,15.452910106204596
180.125,0.041674,0.008095,47.06422037436388,15.45291010679804
180.13333300000002,0.041471,0.008275,47.0642203725403,15.452910109171825
180.14166699999998,0.041246,0.008446,47.06422037051909,15.452910111426917
180.15,0.040862,0.008536,47.06422036706956,15.452910112613806
180.15833300000003,0.040483,0.008614,47.064220363664944,15.452910113642444
180.166667,0.04019,0.008808,47.06422036103289,15.45291011620085
180.175,0.040003,0.009021,47.06422035935304,15.452910119009823
180.183333,0.039869,0.009259,47.06422035814929,15.452910122148491
180.191667,0.039873,0.0088659999999999,47.06422035818522,15.452910116965736
180.2,0.039712,0.008784,47.064220356738936,15.452910115884348
180.208333,0.039503,0.008791,47.064220354861455,15.45291011597666
180.21666699999997,0.039216,0.009072,47.06422035228329,15.452910119682397
180.225,0.038989,0.009305,47.06422035024412,15.452910122755124
180.23333300000002,0.038782,0.0095,47.06422034838461,15.45291012532672
180.24166699999998,0.038493,0.009525,47.06422034578847,15.45291012565641
180.25,0.038268,0.009527,47.06422034376726,15.452910125682788
180.25833300000002,0.038067,0.009391,47.06422034196165,15.452910123889264
180.26666699999998,0.03804,0.009019,47.06422034171911,15.452910118983452
180.275,0.03814,0.008499,47.06422034261743,15.452910112125863
180.28333300000003,0.038168,0.008007,47.06422034286895,15.45291010563753
180.291667,0.038046,0.006815,47.06422034177301,15.452910089917829
180.3,0.038117,0.006377,47.06422034241081,15.45291008414163
180.308333,0.0382,0.006208,47.06422034315642,15.452910081912911
180.316667,0.03825,0.006051,47.06422034360558,15.452910079842448
180.325,0.038121,0.005997,47.064220342446745,15.452910079130312
180.333333,0.03716,0.00621,47.06422033381394,15.452910081939288
180.34166699999997,0.036556,0.006737,47.06422032838812,15.45291008888919
180.35,0.036332,0.006821,47.06422032637589,15.452910089996957
180.35833300000002,0.036171,0.0068799999999999,47.0642203249296,15.452910090775026
180.36666699999998,0.036008,0.007129,47.06422032346535,15.452910094058756
180.375,0.035767,0.007388,47.06422032130041,15.452910097474362
180.38333300000002,0.035515,0.00771,47.06422031903666,15.452910101720793
180.39166699999998,0.035312,0.008006,47.06422031721308,15.45291010562434
180.4,0.035123,0.008234,47.06422031551526,15.452910108631128
180.40833300000003,0.03501,0.008429,47.06422031450017,15.452910111202725
180.416667,0.034899,0.008525,47.06422031350304,15.45291011246874
180.425,0.034824,0.0085599999999999,47.0642203128293,15.45291011293031
180.433333,0.034734,0.008527,47.064220312020815,15.452910112495116
180.441667,0.034567,0.008515,47.06422031052063,15.452910112336866
180.45,0.034466,0.0085,47.06422030961333,15.452910112139053
180.458333,0.034358,0.008479,47.06422030864315,15.45291011186211
180.46666699999997,0.034241,0.008475,47.06422030759212,15.45291011180936
180.475,0.034146,0.008495,47.064220306738726,15.452910112073114
180.48333300000002,0.034072,0.0085459999999999,47.06422030607397,15.452910112745684
180.49166699999998,0.033992,0.0086429999999999,47.06422030535531,15.452910114024888
180.5,0.033909,0.008763,47.06422030460971,15.452910115607407
180.50833300000002,0.03381,0.008926,47.064220303720376,15.452910117756998
180.51666699999998,0.033749,0.009136,47.064220303172405,15.45291012052641
180.525,0.033656,0.009339,47.06422030233697,15.452910123203509
180.53333300000003,0.033589,0.00953,47.0642203017351,15.452910125722353
180.541667,0.033506,0.009749,47.0642203009895,15.45291012861045
180.55,0.033438,0.009916,47.06422030037864,15.452910130812793
180.558333,0.033372,0.010069,47.06422029978575,15.4529101328305
180.566667,0.033318,0.010189,47.06422029930066,15.452910134413022
180.575,0.033272,0.0102669999999999,47.06422029888744,15.45291013544166
180.583333,0.033234,0.010359,47.06422029854608,15.452910136654928
180.59166699999997,0.033213,0.010435,47.06422029835743,15.452910137657192
180.6,0.03322,0.010495,47.06422029842031,15.452910138448452
180.60833300000002,0.033226,0.010536,47.06422029847421,15.452910138989148
180.61666699999998,0.03324,0.01057,47.06422029859997,15.45291013943753
180.625,0.033267,0.010611,47.064220298842514,15.452910139978224
180.63333300000002,0.033281,0.010948,47.06422029896828,15.452910144422466
180.64166699999998,0.033364,0.01094,47.06422029971388,15.452910144316965
180.65,0.033421,0.010944,47.06422030022592,15.452910144369714
180.65833300000003,0.033506,0.010952,47.06422030098949,15.452910144475217
180.666667,0.033571,0.0109609999999999,47.06422030157339,15.452910144593904
180.675,0.033603,0.01095,47.06422030186085,15.45291014444884
180.683333,0.033636,0.0109329999999999,47.0642203021573,15.45291014422465
180.691667,0.03368,0.010928,47.06422030255256,15.45291014415871
180.7,0.033723,0.010935,47.06422030293884,15.45291014425102
180.708333,0.033777,0.010962,47.06422030342393,15.452910144607088
180.71666699999997,0.033853,0.010979,47.06422030410665,15.45291014483128
180.725,0.033931,0.010984,47.064220304807336,15.45291014489722
180.73333300000002,0.033986,0.010985,47.06422030530141,15.452910144910405
180.74166699999998,0.034074,0.010978,47.06422030609193,15.452910144818093
180.75,0.034154,0.010957,47.06422030681058,15.452910144541152
180.75833300000002,0.034229,0.010948,47.06422030748432,15.452910144422464
180.76666699999998,0.034291,0.0109609999999999,47.06422030804128,15.4529101445939
180.775,0.034336,0.010954,47.06422030844552,15.452910144501589
180.78333300000003,0.034379,0.01098,47.06422030883179,15.452910144844468
180.791667,0.034429,0.0109879999999999,47.06422030928096,15.452910144949971
180.8,0.034466,0.01098,47.064220309613326,15.452910144844468
180.808333,0.034509,0.010963,47.064220309999605,15.452910144620278
180.816667,0.034529,0.010923,47.06422031017927,15.45291014409277
180.825,0.034553,0.010869,47.06422031039487,15.452910143380636
180.833333,0.03457,0.0108069999999999,47.064220310547576,15.452910142563
180.84166699999997,0.034627,0.01075,47.064220311059614,15.452910141811302
180.85,0.034702,0.010712,47.06422031173335,15.45291014131017
180.85833300000002,0.034781,0.010679,47.06422031244302,15.452910140874977
180.86666699999998,0.03485,0.010653,47.06422031306286,15.452910140532095
180.875,0.034896,0.010598,47.064220313476085,15.452910139806775
180.88333300000002,0.034955,0.010547,47.06422031400609,15.452910139134206
180.89166699999998,0.035031,0.010501,47.06422031468881,15.452910138527573
180.9,0.035068,0.010455,47.06422031502119,15.452910137920938
180.90833300000003,0.035104,0.0104189999999999,47.06422031534458,15.452910137446183
180.916667,0.035136,0.010379,47.06422031563204,15.452910136918677
180.925,0.035172,0.010311,47.06422031595543,15.452910136021917
180.933333,0.035222,0.010232,47.06422031640459,15.45291013498009
180.941667,0.035283,0.010163,47.06422031695256,15.45291013407014
180.95,0.035352,0.0100999999999999,47.0642203175724,15.452910133239316
180.958333,0.035428,0.0100449999999999,47.06422031825512,15.452910132513992
180.96666699999997,0.035514,0.009997,47.06422031902767,15.452910131880984
180.975,0.035589,0.009969,47.064220319701406,15.45291013151173
180.98333300000002,0.035686,0.009942,47.064220320572765,15.452910131155663
180.99166699999998,0.035743,0.00989,47.0642203210848,15.452910130469904
181.0,0.035798,0.009845,47.06422032157888,15.45291012987646
181.00833300000002,0.035825,0.009814,47.06422032182142,15.45291012946764
181.01666699999998,0.035863,0.00979,47.06422032216278,15.45291012915114
181.025,0.035882,0.00977,47.06422032233347,15.452910128887384
181.03333300000003,0.035906,0.009755,47.06422032254906,15.45291012868957
181.041667,0.035919,0.00976,47.06422032266585,15.452910128755509
181.05,0.035933,0.009784,47.06422032279161,15.452910129072013
181.058333,0.035935,0.009815,47.064220322809575,15.45291012948083
181.066667,0.035974,0.009883,47.06422032315992,15.452910130377592
181.075,0.036011,0.0099469999999999,47.06422032349229,15.452910131221604
181.083333,0.036069,0.0100299999999999,47.06422032401332,15.45291013231618
181.09166699999997,0.036094,0.010144,47.0642203242379,15.452910133819572
181.1,0.036133,0.010223,47.06422032458824,15.452910134861398
181.10833300000002,0.036148,0.010315,47.06422032472299,15.452910136074664
181.11666699999998,0.036146,0.010421,47.06422032470503,15.452910137472555
181.125,0.036142,0.010499,47.06422032466909,15.452910138501196
181.13333300000002,0.036122,0.0105989999999999,47.06422032448943,15.452910139819965
181.14166699999998,0.03613,0.010722,47.0642203245613,15.452910141442043
181.15,0.036117,0.010854,47.06422032444451,15.452910143182816
181.15833300000003,0.036085,0.010964,47.064220324157056,15.452910144633462
181.166667,0.036082,0.011091,47.064220324130105,15.452910146308296
181.175,0.036073,0.011232,47.06422032404925,15.452910148167756
181.183333,0.036069,0.011371,47.06422032401332,15.452910150000845
181.191667,0.036065,0.0115159999999999,47.06422032397739,15.452910151913056
181.2,0.03605,0.011648,47.06422032384264,15.452910153653828
181.208333,0.035863,0.011616,47.06422032216279,15.452910153231825
181.21666699999997,0.035816,0.011716,47.064220321740585,15.45291015455059
181.225,0.035803,0.0117799999999999,47.0642203216238,15.4529101553946
181.23333300000002,0.035785,0.011823,47.0642203214621,15.452910155961671
181.24166699999998,0.035785,0.011852,47.0642203214621,15.452910156344114
181.25,0.035773,0.011852,47.06422032135431,15.452910156344114
181.25833300000002,0.035781,0.0118349999999999,47.06422032142618,15.452910156119923
181.26666699999998,0.035802,0.011802,47.06422032161482,15.45291015568473
181.275,0.035834,0.011783,47.06422032190228,15.452910155434164
181.28333300000003,0.035836,0.01179,47.064220321920246,15.452910155526476
181.291667,0.035851,0.01181,47.06422032205499,15.45291015579023
181.3,0.035849,0.011842,47.06422032203702,15.452910156212235
181.308333,0.035837,0.011878,47.064220321929234,15.45291015668699
181.316667,0.035767,0.011936,47.06422032130041,15.452910157451877
181.325,0.035732,0.0120149999999999,47.064220320986,15.4529101584937
181.333333,0.035678,0.012107,47.06422032050091,15.452910159706969
181.34166699999997,0.035601,0.012201,47.06422031980921,15.452910160946608
181.35,0.035549,0.012285,47.06422031934208,15.452910162054376
181.35833300000002,0.035498,0.0123629999999999,47.06422031888395,15.452910163083011
181.36666699999998,0.035424,0.01243,47.06422031821919,15.452910163966587
181.375,0.035347,0.012489,47.064220317527486,15.452910164744658
181.38333300000002,0.035277,0.012518,47.06422031689867,15.4529101651271
181.39166699999998,0.035215,0.012575,47.06422031634172,15.4529101658788
181.4,0.035132,0.0125989999999999,47.06422031559611,15.452910166195304
181.40833300000003,0.035078,0.0126249999999999,47.064220315111015,15.452910166538183
181.416667,0.035005,0.0126119999999999,47.06422031445525,15.452910166366744
181.425,0.034958,0.01259,47.06422031403304,15.452910166076617
181.433333,0.034908,0.012509,47.06422031358388,15.452910165008412
181.441667,0.034873,0.012464,47.06422031326947,15.452910164414968
181.45,0.034813,0.012392,47.06422031273048,15.452910163465456
181.458333,0.034735,0.012311,47.06422031202979,15.452910162397254
181.46666699999997,0.03466,0.01222,47.06422031135605,15.452910161197176
181.475,0.034573,0.012111,47.06422031057453,15.45291015975972
181.48333300000002,0.034508,0.012005,47.06422030999062,15.45291015836183
181.49166699999998,0.034429,0.0118769999999999,47.06422030928095,15.452910156673807
181.5,0.034351,0.011762,47.06422030858026,15.452910155157229
181.50833300000002,0.034278,0.0116539999999999,47.06422030792449,15.452910153732958
181.51666699999998,0.034198,0.011547,47.06422030720583,15.452910152321875
181.525,0.034119,0.011437,47.06422030649616,15.452910150871231
181.53333300000003,0.034044,0.011339,47.06422030582242,15.45291014957884
181.541667,0.033973,0.011254,47.06422030518462,15.452910148457889
181.55,0.033904,0.011176,47.06422030456479,15.452910147429249
181.558333,0.033799,0.0111269999999999,47.06422030362155,15.452910146783053
181.566667,0.033707,0.011095,47.0642203027951,15.452910146361049
181.575,0.033595,0.011047,47.06422030178899,15.45291014572804
181.583333,0.03349,0.0110169999999999,47.06422030084576,15.45291014533241
181.59166699999997,0.033376,0.0109889999999999,47.06422029982168,15.452910144963154
181.6,0.033255,0.010994,47.06422029873472,15.452910145029094
181.60833300000002,0.032978,0.010962,47.06422029624638,15.452910144607088
181.61666699999998,0.03283,0.010928,47.06422029491688,15.452910144158706
181.625,0.032657,0.01087,47.0642202933628,15.45291014339382
181.63333300000002,0.032493,0.010853,47.06422029188956,15.45291014316963
181.64166699999998,0.032287,0.010749,47.06422029003903,15.452910141798112
181.65,0.032109,0.010694,47.06422028844003,15.452910141072788
181.65833300000003,0.031743,0.010501,47.0642202851522,15.45291013852757
181.666667,0.031597,0.010428,47.064220283840655,15.452910137564867
181.675,0.031443,0.010341,47.06422028245725,15.45291013641754
181.683333,0.031302,0.010241,47.06422028119063,15.452910135098776
181.691667,0.03116,0.010182,47.06422027991502,15.452910134320703
181.7,0.030965,0.010069,47.064220278163305,15.452910132830496
181.708333,0.030813,0.009979,47.06422027679787,15.452910131643604
181.71666699999997,0.03069,0.009914,47.06422027569294,15.452910130786409
181.725,0.030553,0.009847,47.06422027446225,15.452910129902833
181.73333300000002,0.030402,0.009799,47.0642202731058,15.452910129269826
181.74166699999998,0.030241,0.0097539999999999,47.06422027165951,15.452910128676384
181.75,0.030083,0.009691,47.06422027024017,15.45291012784556
181.75833300000002,0.029929,0.009633,47.064220268856765,15.452910127080674
181.76666699999998,0.029773,0.0095579999999999,47.0642202674554,15.452910126091597
181.775,0.029605,0.009463,47.06422026594623,15.452910124838768
181.78333300000003,0.029457,0.009391,47.06422026461672,15.452910123889254
181.791667,0.029333,0.009333,47.06422026350281,15.452910123124369
181.8,0.029183,0.0092679999999999,47.06422026215534,15.452910122267172
181.808333,0.029043,0.009248,47.06422026089769,15.452910122003416
181.816667,0.028878,0.009216,47.06422025941547,15.45291012158141
181.825,0.028746,0.009209,47.064220258229696,15.4529101214891
181.833333,0.028571,0.0091839999999999,47.06422025665765,15.452910121159404
181.84166699999997,0.028412,0.009211,47.06422025522932,15.452910121515472
181.85,0.028258,0.009257,47.06422025384592,15.452910122122104
181.85833300000002,0.028121,0.009306,47.06422025261522,15.4529101227683
181.86666699999998,0.027719,0.009221,47.064220249004,15.452910121647353
181.875,0.027551,0.00928,47.06422024749483,15.452910122425422
181.88333300000002,0.027368,0.0093099999999999,47.06422024585092,15.452910122821052
181.89166699999998,0.027066,0.0092529999999999,47.064220243138,15.452910122069351
181.9,0.02692,0.009259,47.06422024182646,15.45291012214848
181.90833300000003,0.026764,0.0092809999999999,47.06422024042509,15.45291012243861
181.916667,0.026617,0.009255,47.06422023910457,15.45291012209573
181.925,0.026501,0.009246,47.064220238062525,15.45291012197704
181.933333,0.026373,0.0092,47.06422023691269,15.452910121370406
181.941667,0.026241,0.009152,47.064220235726914,15.4529101207374
181.95,0.026104,0.00911,47.06422023449622,15.45291012018352
181.958333,0.025994,0.009062,47.06422023350808,15.452910119550513
181.96666699999997,0.025551,0.009997,47.06422022952854,15.452910131880982
181.975,0.025357,0.010027,47.0642202277858,15.452910132276612
181.98333300000002,0.025224,0.009953,47.06422022659105,15.452910131300726
181.99166699999998,0.025095,0.009921,47.06422022543222,15.45291013087872
182.0,0.024971,0.009858,47.06422022431831,15.452910130047895
182.00833300000002,0.024851,0.009838,47.064220223240326,15.452910129784142
182.01666699999998,0.024684,0.009819,47.06422022174014,15.452910129533574
182.025,0.02456,0.0097939999999999,47.06422022062623,15.45291012920388
182.03333300000003,0.024431,0.009752,47.0642202194674,15.45291012865
182.041667,0.02429,0.0096569999999999,47.06422021820077,15.45291012739717
182.05,0.02417,0.00958,47.0642202171228,15.45291012638172
182.058333,0.024032,0.009522,47.064220215883125,15.452910125616835
182.066667,0.023884,0.009458,47.06422021455362,15.452910124772824
182.075,0.023715,0.009466,47.06422021303547,15.452910124878327
182.083333,0.023541,0.009442,47.0642202114724,15.452910124561823
182.09166699999997,0.023356,0.009411,47.064220209810514,15.452910124153004
182.1,0.023183,0.009472,47.06422020825643,15.452910124957452
182.10833300000002,0.022987,0.0093919999999999,47.06422020649573,15.45291012390244
182.11666699999998,0.022506,0.008923,47.06422020217483,15.452910117717424
182.125,0.022305,0.008859,47.06422020036922,15.452910116873412
182.13333300000002,0.022111,0.008802,47.06422019862649,15.452910116121712
182.14166699999998,0.021872,0.008697,47.06422019647951,15.452910114737008
182.15,0.021594,0.008591,47.064220193982194,15.452910113339115
182.15833300000003,0.021344,0.008427,47.0642201917364,15.45291011117634
